row_no,firm_key,stock_code,firm_name,search_status,source_date,source_org,source_type,title,url,primary_document_status,notes
341,123410::2024,123410,코리아에프티,MULTIPLE_REPORTS_FOUND,2024-11-17,LS증권,EQUITY,"추가 수주 기대",https://alphasquare.co.kr/home/stock-issue?code=123410&type=report,PRIMARY_INDEX_AVAILABLE,"Multiple 2024 reports identified; available summaries center on HEV volume/customer opportunities and growth, not frozen financial recourse; latest full text review pending"
342,123570::2024,123570,이엠넷,NO_ELIGIBLE_2024_REPORT_FOUND_AFTER_PASS1,,,,,,SEARCHED_PASS1,"No eligible 2024 human analyst/CRA action report identified in first-pass public search"
343,123840::2024,123840,뉴온,NO_ELIGIBLE_2024_REPORT_FOUND_AFTER_PASS1,,,,,,SEARCHED_PASS1,"No eligible 2024 human analyst/CRA action report identified in first-pass public search"
344,124500::2024,124500,아이티센글로벌,NO_ELIGIBLE_2024_REPORT_FOUND_AFTER_PASS1,,,,,,SEARCHED_PASS1,"No 2024 human analyst/CRA action report identified in first-pass public search"
345,124560::2024,124560,태웅로직스,NO_ELIGIBLE_2024_REPORT_FOUND_AFTER_PASS1,,,,,,SEARCHED_PASS1,"No eligible 2024 human analyst/CRA action report identified in first-pass public search"
346,126600::2024,126600,BGF에코머티리얼즈,ISSUER_FINANCIAL_MATERIAL_ONLY,2024,BGF에코머티리얼즈,IR,"2024 재무정보/공시",https://www.bgfecomaterials.com/kr/ir/finance/income-statement,NO_ACTION_PRIMARY_FOUND,"Issuer financial information located; no 2024 external expert action report surfaced in pass1"
347,126640::2024,126640,화신정공,NO_ELIGIBLE_2024_REPORT_FOUND_AFTER_PASS1,,,,,,SEARCHED_PASS1,"No eligible 2024 human analyst/CRA action report identified in first-pass public search"
348,126720::2024,126720,수산인더스트리,MULTIPLE_REPORTS_FOUND,2024-11-27,DS투자증권,EQUITY,"여전한 저평가",https://www.newspim.com/news/view/20241127000224,SECONDARY_SUMMARY_ONLY,"Latest identified report emphasizes power-plant acquisition and PLC expansion as growth diversification; these are outside frozen 8D. Original DS report preferred"
349,126730::2024,126730,코칩,MULTIPLE_REPORTS_FOUND,2024-07-30,한국투자증권,EQUITY,"IPO 기업 업데이트: 힘을 내요 슈퍼파월",https://m.irgo.co.kr/IR-COMP/126730/,PRIMARY_INDEX_AVAILABLE,"Three human-authored 2024 reports identified plus April IR book; full latest report review pending"
350,128660::2024,128660,피제이메탈,NO_ELIGIBLE_2024_REPORT_FOUND_AFTER_PASS1,,,,,,SEARCHED_PASS1,"No eligible 2024 human analyst/CRA action report identified in first-pass public search"
351,128820::2024,128820,대성산업,NO_ELIGIBLE_2024_REPORT_FOUND_AFTER_PASS1,,,,,,SEARCHED_PASS1,"No eligible 2024 human analyst/CRA action report identified in first-pass public search"
352,129890::2024,129890,앱코,EXCLUDED_AI_ONLY_HIT,,,,,https://bdai.co.kr/company/129890/,EXCLUDED_AI_GENERATED,"Search surfaced AI-generated company analysis rather than a 2024 human expert report; excluded from human benchmark"
353,130500::2024,130500,GH신소재,NO_ELIGIBLE_2024_REPORT_FOUND_AFTER_PASS1,,,,,,SEARCHED_PASS1,"Financial data found but no eligible 2024 human analyst/CRA action report identified"
354,131030::2024,131030,옵투스제약,REPORT_FOUND,2024-01-14,한국IR협의회,OTHER_EXPERT,"2024년 본격적인 성장궤도 돌입",https://alphasquare.co.kr/home/stock-issue?code=131030&type=report,PRIMARY_INDEX_AVAILABLE,"Human-authored 2024 Korea IR Council report identified; full text/action mapping pending"
355,131090::2024,131090,시큐브,NO_ELIGIBLE_2024_REPORT_FOUND_AFTER_PASS1,,,,,,SEARCHED_PASS1,"No eligible 2024 human analyst/CRA action report identified in first-pass public search"
356,131290::2024,131290,티에스이,MULTIPLE_REPORTS_FOUND,2024-11-14,대신증권,EQUITY,"3Q24: 프로브카드와 디스플레이 장비의 성장",https://alphasquare.co.kr/home/stock-issue?code=131290&type=report,PRIMARY_INDEX_AVAILABLE,"Multiple 2024 broker reports found; accessible January KB primary and later summaries focus on product/customer diversification and new-product growth, generally outside frozen 8D; latest full text pending"
357,131400::2024,131400,이브이첨단소재,NO_ELIGIBLE_2024_REPORT_FOUND_AFTER_PASS1,,,,,,SEARCHED_PASS1,"No eligible 2024 human analyst/CRA action report identified in first-pass public search"
358,136490::2024,136490,선진,NO_ELIGIBLE_2024_REPORT_FOUND_AFTER_PASS1,,,,,,SEARCHED_PASS1,"2024 operating/financial data found but no eligible human analyst/CRA action report identified in pass1"
359,136540::2024,136540,윈스테크넷,NO_ELIGIBLE_2024_REPORT_FOUND_AFTER_PASS1,,,,,,SEARCHED_PASS1,"No eligible 2024 human analyst/CRA action report identified in first-pass public search"
360,137080::2024,137080,나래나노텍,NO_ELIGIBLE_2024_REPORT_FOUND_AFTER_PASS1,,,,,,SEARCHED_PASS1,"No eligible 2024 human analyst/CRA action report identified in first-pass public search"
361,138080::2024,138080,오이솔루션,REPORT_FOUND,2024-11-05,SK증권,EQUITY,"광네트워크 확충 필수품",https://alphasquare.co.kr/home/stock-issue?code=138080&type=report,PRIMARY_INDEX_AVAILABLE,"Human 2024 report identified; title/theme concerns telecom/network demand and growth rather than an identified frozen financial action; full text pending"
362,138490::2024,138490,코오롱ENP,MULTIPLE_REPORTS_FOUND,2024-11-25,신한투자증권,EQUITY,"NDR 후기: 흔들리지 않는 실적",https://m.irgo.co.kr/IR-COMP/138490/-IR-PAGE,PRIMARY_INDEX_AVAILABLE,"Multiple 2024 Shinhan reports identified; latest primary full-text/action review pending"
363,140070::2024,140070,서플러스글로벌,NO_ELIGIBLE_2024_REPORT_FOUND_AFTER_PASS1,,,,,,SEARCHED_PASS1,"No eligible 2024 human analyst/CRA action report identified in first-pass public search"
364,140430::2024,140430,카티스,NO_ELIGIBLE_2024_REPORT_FOUND_AFTER_PASS1,,,,,https://kind.krx.co.kr/external/2024/04/30/000972/20240430002161/70980.htm,SEARCHED_PASS1,"2024 listing information found; no eligible 2024 human analyst/CRA financial-action report identified in pass1"
365,140670::2024,140670,RS오토메이션,NO_ELIGIBLE_2024_REPORT_FOUND_AFTER_PASS1,,,,,,SEARCHED_PASS1,"No eligible 2024 human analyst/CRA action report identified in first-pass public search"
366,141080::2024,141080,리가켐바이오,MULTIPLE_REPORTS_FOUND,2024-10-10,메리츠증권,EQUITY,"투자자들과의 약속을 지키는 기업",https://alphasquare.co.kr/home/stock-issue?code=141080&type=report,PRIMARY_INDEX_AVAILABLE,"Multiple 2024 reports found; available summaries focus on pipeline/licensing/R&D milestones and product value, outside frozen financial recourse"
367,142210::2024,142210,유니트론텍,NO_ELIGIBLE_2024_REPORT_FOUND_AFTER_PASS1,,,,,,SEARCHED_PASS1,"2024 statutory financial data found; no eligible human analyst/CRA action report surfaced in pass1"
368,146060::2024,146060,율촌,REPORT_FOUND,2024-12-19,유안타증권,EQUITY,"이제는 유럽을 향해 나아갈 때",https://alphasquare.co.kr/home/stock-issue?code=146060&type=report,PRIMARY_INDEX_AVAILABLE,"Secondary summary states process automation improves profitability and Poland expansion supports growth. Primary report is required before judging whether automation constitutes prospective OE; Poland capacity expansion is outside/opposite CX"
369,146320::2024,146320,비씨엔씨,REPORT_FOUND,2024-01-04,메리츠증권,EQUITY,"탐방노트: 반도체 소재 전문기업으로 진화 중",https://alphasquare.co.kr/home/stock-issue?code=146320&type=report,PRIMARY_INDEX_AVAILABLE,"Summary emphasizes localization, new high-margin products and capacity expansion; no frozen credit action established from available text"
370,147830::2024,147830,제룡산업,NO_ELIGIBLE_2024_REPORT_FOUND_AFTER_PASS1,,,,,,SEARCHED_PASS1,"No eligible 2024 human analyst/CRA action report identified in first-pass public search"
371,149950::2024,149950,아바텍,MULTIPLE_REPORTS_FOUND,2024-11-26,메리츠증권,EQUITY,"아쉬운 2024년, 2025년 재도약 기대",https://www.newspim.com/news/view/20241126000081,SECONDARY_SUMMARY_ONLY,"Latest identified 2024 report focuses on OLED demand, MLCC customer expansion and growth; no frozen financial action established from available summary"
372,155650::2024,155650,와이엠씨,NO_ELIGIBLE_2024_REPORT_FOUND_AFTER_PASS1,,,,,,SEARCHED_PASS1,"No eligible 2024 human analyst/CRA action report identified in first-pass public search"
373,161580::2024,161580,필옵틱스,REPORT_FOUND,2024-01-11,유안타증권,EQUITY,"이제 다시 시작이야",https://alphasquare.co.kr/home/stock-issue?code=161580&type=report,PRIMARY_INDEX_AVAILABLE,"Human 2024 report identified; full text/action mapping pending"
374,162120::2024,162120,루켄테크놀러지스,NO_ELIGIBLE_2024_REPORT_FOUND_AFTER_PASS1,,,,,,SEARCHED_PASS1,"Later automated/2025-2026 analyses found, but no eligible 2024 human expert action report identified in pass1"
375,163280::2024,163280,에어레인,REPORT_FOUND,2024-11-12,한국투자증권,EQUITY,"국가대표 기체분리막 전문 기업",https://www.newspim.com/news/view/20241112000177,SECONDARY_SUMMARY_ONLY,"Human analyst report says demand growth is being met with capacity expansion; capacity expansion is outside/opposite to frozen CX and is not forced into canonical action"
376,163560::2024,163560,동일고무벨트,NO_ELIGIBLE_2024_REPORT_FOUND_AFTER_PASS1,,,,,,SEARCHED_PASS1,"No eligible 2024 human analyst/CRA action report identified in first-pass public search"
377,163730::2024,163730,핑거,NO_ELIGIBLE_2024_REPORT_FOUND_AFTER_PASS1,,,,,,SEARCHED_PASS1,"No eligible 2024 human analyst/CRA action report identified in first-pass public search"
378,166090::2024,166090,하나머티리얼즈,MULTIPLE_REPORTS_FOUND,2024-09-29,LS증권,EQUITY,"3Q24 Preview: 속도는 둔화, 방향성은 유지",https://alphasquare.co.kr/home/stock-issue?code=166090&type=report,PRIMARY_INDEX_AVAILABLE,"2024 LS and Yuanta reports identified; latest primary full text/action review pending"
379,169330::2024,169330,마크로밀엠브레인,NO_ELIGIBLE_2024_REPORT_FOUND_AFTER_PASS1,,,,,,SEARCHED_PASS1,"No eligible 2024 human analyst/CRA action report identified in first-pass public search"
380,170030::2024,170030,현대공업,NO_ELIGIBLE_2024_REPORT_FOUND_AFTER_PASS1,,,,,,SEARCHED_PASS1,"No eligible 2024 human analyst/CRA action report identified in first-pass public search"
381,171010::2024,171010,램테크놀러지,NO_ELIGIBLE_2024_REPORT_FOUND_AFTER_PASS1,,,,,,SEARCHED_PASS1,"No eligible 2024 human analyst/CRA action report identified in first-pass public search"
382,172670::2024,172670,에이엘티,MULTIPLE_REPORTS_FOUND,2024-12-13,미래에셋증권,EQUITY,"25년은 고객 다변화의 해",https://securities.miraeasset.com/bbs/board/message/list.do?categoryId=1800&searchStartYear=2024&searchEndYear=2024,PRIMARY_INDEX_AVAILABLE,"Multiple 2024 reports exist; themes include customer diversification and capacity expansion, generally outside frozen 8D. Latest primary full text/action review pending"
383,174880::2024,174880,장원테크,NO_ELIGIBLE_2024_REPORT_FOUND_AFTER_PASS1,,,,,,SEARCHED_PASS1,"No eligible 2024 human analyst/CRA action report identified in first-pass public search"
384,175140::2024,175140,휴먼테크놀로지,NO_ELIGIBLE_2024_REPORT_FOUND_AFTER_PASS1,,,,,,SEARCHED_PASS1,"No eligible 2024 human analyst/CRA action report identified in first-pass public search"
385,183490::2024,183490,엔지켐생명과학,NO_ELIGIBLE_2024_REPORT_FOUND_AFTER_PASS1,,,,,,SEARCHED_PASS1,"No eligible 2024 human analyst/CRA action report identified in first-pass public search"
386,184230::2024,184230,SGA솔루션즈,NO_ELIGIBLE_2024_REPORT_FOUND_AFTER_PASS1,,,,,,SEARCHED_PASS1,"No eligible 2024 human analyst/CRA action report identified in first-pass public search"
387,185750::2024,185750,종근당,MULTIPLE_REPORTS_FOUND,2024-10-27,유진투자증권,EQUITY,"3Q24P 실적 Review: 추정치 부합",https://alphasquare.co.kr/home/stock-issue?code=185750&type=report,PRIMARY_INDEX_AVAILABLE,"Several 2024 broker reports identified. A March Eugene report explicitly calls for active investment for sustainable growth; growth investment is outside/opposite to frozen CX and should not be forced into canonical action. Latest full text still pending"
388,186230::2024,186230,그린플러스,MULTIPLE_REPORTS_FOUND,2024-07-02,LS증권,EQUITY,"스마트팜 영업가치가 레벨업 하는 원년",https://alphasquare.co.kr/home/stock-issue?code=186230&type=report,PRIMARY_INDEX_AVAILABLE,"2024 Yuanta and LS reports found; accessible summaries emphasize overseas smart-farm orders/expansion and policy-driven growth, outside frozen financial recourse"
389,187790::2024,187790,나노,NO_ELIGIBLE_2024_REPORT_FOUND_AFTER_PASS1,,,,,,SEARCHED_PASS1,"No eligible 2024 human analyst/CRA action report identified in first-pass public search"
390,189300::2024,189300,인텔리안테크,REPORTS_EXPECTED_PRIMARY_PENDING,,,,,https://stockreport.kr/stocks/189300,INDEX_ONLY,"Company has broad analyst coverage but pass1 search did not yet isolate a dated 2024 primary report; dedicated report-index retrieval required"
391,191410::2024,191410,육일씨엔에쓰,NO_ELIGIBLE_2024_REPORT_FOUND_AFTER_PASS1,,,,,,SEARCHED_PASS1,"No eligible 2024 human analyst/CRA action report identified in first-pass public search"
392,192410::2024,192410,오늘이엔엠,NO_ELIGIBLE_2024_REPORT_FOUND_AFTER_PASS1,,,,,,SEARCHED_PASS1,"No eligible 2024 human analyst/CRA action report identified in first-pass public search"
393,194700::2024,194700,노바렉스,NO_ELIGIBLE_2024_REPORT_FOUND_AFTER_PASS1,,,,,,SEARCHED_PASS1,"A Dec-2023 KB report forecasting 2024 growth exists but falls outside the 2024 publication window; no eligible in-window report identified in pass1"
394,196700::2024,196700,웹스,NO_ELIGIBLE_2024_REPORT_FOUND_AFTER_PASS1,,,,,,SEARCHED_PASS1,"Financial-data pages found but no eligible 2024 human analyst/CRA action report identified"
395,197140::2024,197140,디지캡,NO_ELIGIBLE_2024_REPORT_FOUND_AFTER_PASS1,,,,,,SEARCHED_PASS1,"No eligible 2024 human analyst/CRA action report identified in first-pass public search"
396,198440::2024,198440,강동씨앤엘,NO_ELIGIBLE_2024_REPORT_FOUND_AFTER_PASS1,,,,,,SEARCHED_PASS1,"2024 financial/statutory data found; no eligible human analyst/CRA action report identified"
397,199150::2024,199150,데이터스트림즈,NO_ELIGIBLE_2024_REPORT_FOUND_AFTER_PASS1,,,,,,SEARCHED_PASS1,"No eligible 2024 human analyst/CRA action report identified in first-pass public search"
398,199480::2024,199480,뱅크웨어글로벌,NO_ELIGIBLE_2024_REPORT_FOUND_AFTER_PASS1,,,,,,SEARCHED_PASS1,"No eligible 2024 human analyst/CRA action report identified in first-pass public search"
399,200130::2024,200130,콜마비앤에이치,OTHER_2024_ANALYSIS_FOUND,2024,CATCH,OTHER_EXPERT,"콜마비앤에이치 분석리포트 2024 ver.",https://www.catch.co.kr/Comp/AnalysisCompView?ID=2857,NOT_STRICT_FINANCIAL_EXPERT_SOURCE,"General company-analysis content found; no qualifying 2024 CRA or sell-side financial-action report isolated in pass1"
400,200350::2024,200350,아티스트스튜디오,NO_ELIGIBLE_2024_REPORT_FOUND_AFTER_PASS1,,,,,https://alphasquare.co.kr/home/stock-issue?code=200350&type=report,SEARCHED_PASS1,"Indexed brokerage coverage is 2022 under former company name; no eligible 2024 report identified"
401,200710::2024,200710,에이디테크놀로지,MULTIPLE_REPORTS_FOUND,2024-05-17,신한투자증권,EQUITY,"일관된 방향성",https://www.newspim.com/news/view/20240517000592,SECONDARY_SUMMARY_ONLY,"2024 Shinhan and Shinyoung coverage found. Available summary is valuation/growth focused; primary full text required before financial-action coding"
402,200880::2024,200880,서연이화,REPORT_FOUND,2024-11-28,기업분석 리포트,EQUITY,"시가총액 3,300억원 vs. 영업이익 1,950억원",https://static.roa.ai/research/company/20241128_company_689405000.pdf,PRIMARY_TEXT_AVAILABLE,"Primary report reviews global plant growth and margin/cost mix; full action coding pending because observed cost ratio improvement and new-factory costs are not automatically prospective actions"
403,203650::2024,203650,드림시큐리티,NO_ELIGIBLE_2024_REPORT_FOUND_AFTER_PASS1,,,,,,SEARCHED_PASS1,"No eligible 2024 human analyst/CRA action report identified in first-pass public search"
404,204020::2024,204020,그리티,NO_ELIGIBLE_2024_REPORT_FOUND_AFTER_PASS1,,,,,,SEARCHED_PASS1,"No eligible 2024 human analyst/CRA action report identified in pass1; later 2026 Korea IR Council coverage is outside window"
405,206560::2024,206560,덱스터스튜디오,OTHER_2024_ANALYSIS_FOUND,2024,CATCH,OTHER_EXPERT,"덱스터스튜디오 분석리포트 2024 ver.",https://www.catch.co.kr/Comp/AnalysisCompView?ID=3182,NOT_STRICT_FINANCIAL_EXPERT_SOURCE,"General career/company analysis found, not a strict external financial expert action report"
406,208350::2024,208350,지란지교시큐리티,ISSUER_FILINGS_ONLY,2024,지란지교시큐리티,IR,"2024 분기/반기 정기보고서",https://jiransecurity.com/invest/ir,NO_ACTION_PRIMARY_FOUND,"Issuer statutory reports available; no eligible 2024 external expert financial-action report isolated in pass1"
407,209640::2024,209640,와이제이링크,REPORT_FOUND,2024-12-13,KB증권,EQUITY,"2024년 어려운 대외환경, 2025년 투자 재개 기대",https://www.newspim.com/news/view/20241213000312,SECONDARY_SUMMARY_ONLY,"Human report identifies Mexico-factory ramp and expected customer-investment recovery. Capacity expansion/growth are outside or opposite frozen CX; no canonical credit action established from summary"
408,210980::2024,210980,SK디앤디,NO_2024_EQUITY_REPORT_FOUND_AFTER_PASS1,,,,,https://alphasquare.co.kr/home/stock-issue?code=210980&type=report,SEARCHED_PASS1,"Indexed broker reports end in 2023; no eligible 2024 human analyst/CRA action report identified in pass1"
409,212710::2024,212710,아이에스티이,REPORTS_EXPECTED_PRIMARY_PENDING,,,,,https://stockreport.kr/stocks/212710,INDEX_ONLY,"Later analyst coverage exists; pass1 did not isolate a verifiable 2024 human-authored report"
410,214180::2024,214180,헥토이노베이션,NO_ELIGIBLE_2024_REPORT_FOUND_AFTER_PASS1,,,,,,SEARCHED_PASS1,"No eligible 2024 human analyst/CRA action report identified in first-pass public search"
411,214260::2024,214260,라파스,NO_ELIGIBLE_2024_REPORT_FOUND_AFTER_PASS1,,,,,,SEARCHED_PASS1,"2024 filings/ownership disclosures found but no eligible human analyst/CRA action report identified"
412,214270::2024,214270,FSN,IR_FOUND,2024-12-10,FSN,IR,"3Q만에 지난해 연매출 넘어선 FSN, 실적과 성장성 기반으로 리밸류에이션 달성할 것",https://fsn.co.kr/ir/news/73,PRIMARY_TEXT_AVAILABLE,"Issuer states strategic separation of investment-heavy bio/healthcare and focus on advertising/accelerating to maximize profitability/growth; this is a management plan but not yet a direct frozen OE mapping without cost-ratio mechanism"
413,214330::2024,214330,금호에이치티,NO_ELIGIBLE_2024_REPORT_FOUND_AFTER_PASS1,,,,,,SEARCHED_PASS1,"No eligible 2024 human analyst/CRA action report identified in first-pass public search"
414,215090::2024,215090,솔디펜스,NO_ELIGIBLE_2024_REPORT_FOUND_AFTER_PASS1,,,,,,SEARCHED_PASS1,"Financial/statutory data found; no eligible 2024 human analyst/CRA action report identified"
415,215480::2024,215480,토박스코리아,NO_ELIGIBLE_2024_REPORT_FOUND_AFTER_PASS1,,,,,,SEARCHED_PASS1,"No eligible 2024 human analyst/CRA action report identified in first-pass public search"
416,215600::2024,215600,신라젠,NO_ELIGIBLE_2024_REPORT_FOUND_AFTER_PASS1,,,,,,SEARCHED_PASS1,"No qualifying 2024 human analyst/CRA financial-action report isolated in pass1"
417,217480::2024,217480,에스디생명공학,NO_ELIGIBLE_2024_REPORT_FOUND_AFTER_PASS1,,,,,,SEARCHED_PASS1,"No eligible 2024 human analyst/CRA action report identified in first-pass public search"
418,217500::2024,217500,러셀,NO_ELIGIBLE_2024_REPORT_FOUND_AFTER_PASS1,,,,,,SEARCHED_PASS1,"2024 statutory data found but no eligible human analyst/CRA action report identified"
419,218150::2024,218150,미래생명자원,NO_ELIGIBLE_2024_REPORT_FOUND_AFTER_PASS1,,,,,,SEARCHED_PASS1,"No eligible 2024 human analyst/CRA action report identified in first-pass public search"
420,219130::2024,219130,타이거일렉,MULTIPLE_REPORTS_FOUND,2024-09-26,LS증권,EQUITY,"ProbeCard PCB 생산",https://alphasquare.co.kr/home/stock-issue?code=219130&type=report,PRIMARY_INDEX_AVAILABLE,"2024 January company analysis and September LS report identified. Available January primary focuses on NAND recovery/new investment rather than a frozen managerial credit action; latest report review pending"
421,219550::2024,219550,디와이디,NO_ELIGIBLE_2024_REPORT_FOUND_AFTER_PASS1,,,,,,SEARCHED_PASS1,"2024 financial/statutory data found; no eligible human analyst/CRA action report identified"
422,220180::2024,220180,핸디소프트,NO_ELIGIBLE_2024_REPORT_FOUND_AFTER_PASS1,,,,,,SEARCHED_PASS1,"2024 quarterly filings found; no eligible human analyst/CRA action report identified"
423,220260::2024,220260,켐트로스,NO_ELIGIBLE_2024_REPORT_FOUND_AFTER_PASS1,,,,,,SEARCHED_PASS1,"2024 statutory/financial data found; surfaced analyst-style summaries are later-period material, not eligible 2024 human report"
424,221840::2024,221840,하이즈항공,NO_ELIGIBLE_2024_REPORT_FOUND_AFTER_PASS1,,,,,,SEARCHED_PASS1,"No eligible 2024 human analyst/CRA action report identified in first-pass public search"
425,222080::2024,222080,씨아이에스,REPORT_FOUND,2024-06-11,미래에셋증권,EQUITY,"24년 실적 상향 조정. 차세대 장비 선점",https://www.newspim.com/news/view/20240611000552,SECONDARY_SUMMARY_ONLY,"Human report expects efficiency/cost reduction after SFA integration and development of hybrid coater. Primary report required before deciding whether prospective cost efficiency qualifies as OE; product development itself is outside frozen 8D"
426,222810::2024,222810,세토피아,NO_ELIGIBLE_2024_REPORT_FOUND_AFTER_PASS1,,,,,,SEARCHED_PASS1,"2024 statutory/ownership filings found; no eligible human analyst/CRA action report identified"
427,222980::2024,222980,한국맥널티,NO_ELIGIBLE_2024_REPORT_FOUND_AFTER_PASS1,,,,,,SEARCHED_PASS1,"No eligible 2024 human analyst/CRA action report identified in first-pass public search"
428,223310::2024,223310,사토시홀딩스,NO_ELIGIBLE_2024_REPORT_FOUND_AFTER_PASS1,,,,,,SEARCHED_PASS1,"No eligible 2024 human analyst/CRA action report identified in first-pass public search"
429,224760::2024,224760,엔에스컴퍼니,NO_ELIGIBLE_2024_REPORT_FOUND_AFTER_PASS1,,,,,,SEARCHED_PASS1,"No eligible 2024 human expert financial-action report identified in first-pass public search"
430,225430::2024,225430,케이엠제약,NO_ELIGIBLE_2024_REPORT_FOUND_AFTER_PASS1,,,,,,SEARCHED_PASS1,"No eligible 2024 human analyst/CRA action report identified in first-pass public search"
431,232140::2024,232140,와이씨,REPORT_FOUND,2024-11-19,현대차증권,EQUITY,"HBM으로 인한 실적 성장 임박",https://www.newspim.com/news/view/20241119000510,SECONDARY_SUMMARY_ONLY,"Human report centers on HBM tester supply and customer investment growth; no frozen financial-management action established from available summary"
432,234080::2024,234080,JW생명과학,NO_ELIGIBLE_2024_REPORT_FOUND_AFTER_PASS1,,,,,,SEARCHED_PASS1,"No eligible 2024 human analyst/CRA action report identified in first-pass public search"
433,234100::2024,234100,폴라리스세원,NO_ELIGIBLE_2024_REPORT_FOUND_AFTER_PASS1,,,,,https://englishdart.fss.or.kr/dsbc001/selectPopup.ax?selectKey=00617998,SEARCHED_PASS1,"Company/filing data found; no eligible 2024 human analyst/CRA financial-action report identified"
434,236200::2024,236200,슈프리마,MULTIPLE_REPORTS_FOUND,2024-12-13,NH투자증권,EQUITY,"두려울 것이 없는 실적",https://www.newspim.com/news/view/20241213000068,SECONDARY_SUMMARY_ONLY,"Multiple 2024 reports identified. Available summaries describe high-margin mix, overseas growth and shareholder-policy capacity; primary latest report needed before any action coding"
435,237750::2024,237750,피앤씨테크,NO_ELIGIBLE_2024_REPORT_FOUND_AFTER_PASS1,,,,,,SEARCHED_PASS1,"Financial data found; no eligible 2024 human analyst/CRA action report identified"
436,238170::2024,238170,엔에스엠,NO_ELIGIBLE_2024_REPORT_FOUND_AFTER_PASS1,,,,,,SEARCHED_PASS1,"No eligible 2024 human expert financial-action report identified in first-pass public search"
437,238490::2024,238490,힘스,NO_ELIGIBLE_2024_REPORT_FOUND_AFTER_PASS1,,,,,,SEARCHED_PASS1,"No eligible 2024 human analyst/CRA action report identified in first-pass public search"
438,239610::2024,239610,HL사이언스,NO_ELIGIBLE_2024_REPORT_FOUND_AFTER_PASS1,,,,,,SEARCHED_PASS1,"No eligible 2024 human analyst/CRA action report identified in first-pass public search"
439,240600::2024,240600,유진테크놀로지,NO_ELIGIBLE_2024_REPORT_FOUND_AFTER_PASS1,,,,,,SEARCHED_PASS1,"No eligible 2024 human analyst/CRA action report identified in first-pass public search"
440,241770::2024,241770,메카로,NO_ELIGIBLE_2024_REPORT_FOUND_AFTER_PASS1,,,,,,SEARCHED_PASS1,"2024 financial/statutory data found; no eligible human analyst/CRA action report identified"
441,244920::2024,244920,에이플러스에셋어드바이저,NO_ELIGIBLE_2024_REPORT_FOUND_AFTER_PASS1,,,,,,SEARCHED_PASS1,"No eligible 2024 human analyst/CRA financial-action report identified in first-pass public search"
442,247540::2024,247540,에코프로비엠,REPORT_FOUND,2024-11-25,상상인증권,EQUITY,"확실한 성장동력을 기다리는 중",https://stock.pstatic.net/stock-research/company/18/20241125_company_892154000.pdf,PRIMARY_TEXT_AVAILABLE,"Primary 2024 human-authored report located. It discusses longer-term margin improvement through vertical integration/Indonesian nickel smelting and delayed capacity expansion. Whether vertical-integration cost reduction qualifies as frozen OE requires strict mechanism review; not mapped at discovery stage."
443,250030::2024,250030,진코스텍,IR_FOUND,2024-11-29,진코스텍,IR,"기업설명회(IR) 개최결과",https://financialfilings.com/companies/jincostech-coltd/2024/,PRIMARY_INDEX_AVAILABLE,"Issuer IR event inside 2024 window identified; no independent 2024 human analyst/CRA financial-action report located in pass1"
444,250930::2024,250930,예선테크,NO_ELIGIBLE_2024_REPORT_FOUND_AFTER_PASS1,,,,,,SEARCHED_PASS1,"Later automated/AI analyses exist, but no eligible 2024 human-authored analyst/CRA report identified in pass1"
445,251370::2024,251370,와이엠티,NO_ELIGIBLE_2024_REPORT_FOUND_AFTER_PASS1,,,,,,SEARCHED_PASS1,"No eligible 2024 human analyst/CRA financial-action report identified in first-pass public search"
446,251970::2024,251970,펌텍코리아,MULTIPLE_REPORTS_FOUND,2024-12-01,유안타증권,EQUITY,"Corporate Day 후기: 비수기 해소",https://alphasquare.co.kr/home/stock-issue?code=251970&type=report,PRIMARY_INDEX_AVAILABLE,"Multiple 2024 human-authored reports identified. Public summaries emphasize product/customer mix and K-beauty/global-brand growth; latest primary full-text financial-action review pending"
447,252990::2024,252990,샘씨엔에스,MULTIPLE_REPORTS_FOUND,2024-08-30,KB증권,EQUITY,"CAPA 확장 완료 및 세라믹 기판 신사업 주목",https://kbthink.com/securities-view.html?docId=20240829165159737K,PRIMARY_TEXT_AVAILABLE,"Primary human-authored report available. Report emphasizes completed capacity expansion, DRAM/HBM/NAND growth and ceramic-substrate development. Capacity expansion/new business is outside or opposite to frozen CX; no prospective canonical credit action established from current text"
448,253450::2024,253450,스튜디오드래곤,REPORT_FOUND,2024-11-18,미래에셋증권,EQUITY,"주가의 Key factor 편성 편수의 증가",https://securities.miraeasset.com/bbs/board/message/list.do?categoryId=1800&searchStartYear=2024&searchEndYear=2024,PRIMARY_INDEX_AVAILABLE,"Official Mirae research index verifies 2024 human-authored report. Available theme is content-volume/revenue growth; full primary action review pending"
449,253590::2024,253590,네오셈,NO_ELIGIBLE_2024_REPORT_FOUND_AFTER_PASS1,,,,,,SEARCHED_PASS1,"2025 Kiwoom report and 2024 company results are available, but no eligible 2024-published human analyst/CRA financial-action report was isolated in pass1"
450,254490::2024,254490,미래반도체,NO_ELIGIBLE_2024_REPORT_FOUND_AFTER_PASS1,,,,,,SEARCHED_PASS1,"2024 company financial filings found; no eligible 2024 human analyst/CRA financial-action report identified in pass1"
451,255440::2024,255440,야스,NO_ELIGIBLE_2024_REPORT_FOUND_AFTER_PASS1,,,,,,SEARCHED_PASS1,"2024 operating data are available in later filings, but no eligible 2024-published human analyst/CRA financial-action report identified in pass1"
452,256940::2024,256940,킵스바이오파마,NO_ELIGIBLE_2024_REPORT_FOUND_AFTER_PASS1,,,,,,SEARCHED_PASS1,"No eligible 2024 human analyst/CRA financial-action report identified in first-pass public search"
453,258790::2024,258790,소프트캠프,NO_ELIGIBLE_2024_REPORT_FOUND_AFTER_PASS1,,,,,,SEARCHED_PASS1,"2024 statutory filings found; no eligible 2024 human analyst/CRA financial-action report identified in pass1"
454,259630::2024,259630,엠플러스,REPORT_FOUND,2024-07-17,SK증권,EQUITY,"탄탄한 수주 잔고, 새로운 성장 준비도 착실",https://www.newspim.com/news/view/20240717000509,SECONDARY_SUMMARY_ONLY,"Human analyst report identified. Available summary focuses order backlog, deglobalization/supply-chain-driven equipment demand and growth opportunities; no frozen financial-management action established from summary. Original SK report preferred"
455,262260::2024,262260,에이프로,NO_2024_EQUITY_REPORT_FOUND_AFTER_PASS1,,,,,https://alphasquare.co.kr/home/stock-issue?code=262260&type=report,SEARCHED_PASS1,"Public broker-report index shows latest pre-2024 coverage in 2023; no eligible 2024 analyst/CRA financial-action report identified in pass1"
456,263020::2024,263020,디케이앤디,REPORT_FOUND,2024-11-13,기업분석 리포트,EQUITY,"저평가를 벗어날 준비",https://stock.pstatic.net/stock-research/company/74/20241114_company_282682000.pdf,PRIMARY_TEXT_AVAILABLE,"Primary human-authored report reviews the firm's value-up plan, including treasury-share purchase/cancellation and operating growth. Shareholder return is outside frozen 8D and should not be forced into a canonical credit action"
457,263770::2024,263770,유에스티,NO_ELIGIBLE_2024_REPORT_FOUND_AFTER_PASS1,,,,,,SEARCHED_PASS1,"2024 company financial information exists, but no eligible 2024 human analyst/CRA financial-action report identified in pass1"
458,263920::2024,263920,휴엠앤씨,NO_ELIGIBLE_2024_REPORT_FOUND_AFTER_PASS1,,,,,,SEARCHED_PASS1,"No eligible 2024 human analyst/CRA financial-action report identified in first-pass public search"
459,264450::2024,264450,유비쿼스,NO_2024_EQUITY_REPORT_FOUND_AFTER_PASS1,,,,,https://alphasquare.co.kr/home/stock-issue?code=264450&type=report,SEARCHED_PASS1,"Public broker index shows no 2024 report; 2024 issuer capital-action filings exist but are not independent expert financial-action evidence"
460,265520::2024,265520,에이피시스템,MULTIPLE_REPORTS_FOUND,2024-11-20,NH투자증권,EQUITY,"OLED와 첨단 반도체 패키징 수혜를 동시에",https://www.newspim.com/news/view/20241120000093,SECONDARY_SUMMARY_ONLY,"Multiple 2024 human analyst reports identified (Shinhan, Kyobo, Meritz, NH). Available summaries emphasize business mix, parts sales, semiconductor/OLED growth and stable financial structure. No strict frozen financial action established from latest summary; primary latest full text preferred"
461,265740::2024,265740,엔에프씨,NO_2024_EQUITY_REPORT_FOUND_AFTER_PASS1,,,,,https://alphasquare.co.kr/home/stock-issue?code=265740&type=report,SEARCHED_PASS1,"Public broker index shows no 2024 report; available coverage is 2021 and 2026. No eligible 2024 CRA/equity financial-action report identified in pass1"
462,267080::2024,267080,세븐브로이맥주,NO_ELIGIBLE_2024_REPORT_FOUND_AFTER_PASS1,,,,,,SEARCHED_PASS1,"Later company analyses describe 2024 financial deterioration, but no eligible 2024-published human analyst/CRA financial-action report identified in pass1"
463,267850::2024,267850,아시아나IDT,OTHER_2024_ANALYSIS_FOUND,2024,CATCH,OTHER_EXPERT,"아시아나IDT 분석리포트 2024 ver.",https://www.catch.co.kr/Comp/AnalysisCompView?ID=2535,NOT_STRICT_FINANCIAL_EXPERT_SOURCE,"General company/career analysis based on official materials, not a strict financial analyst/CRA action report"
464,269620::2024,269620,시스웍,NO_ELIGIBLE_2024_REPORT_FOUND_AFTER_PASS1,,,,,,SEARCHED_PASS1,"2024 operating/statutory data found; no eligible 2024 human analyst/CRA financial-action report identified in pass1"
465,270870::2024,270870,뉴트리,NO_2024_EQUITY_REPORT_FOUND_AFTER_PASS1,,,,,https://alphasquare.co.kr/home/stock-issue?code=270870&type=report,SEARCHED_PASS1,"Public broker index shows latest coverage in 2023; no eligible 2024 human analyst/CRA financial-action report identified"
466,271830::2024,271830,팸텍,NO_ELIGIBLE_2024_REPORT_FOUND_AFTER_PASS1,,,,,,SEARCHED_PASS1,"No eligible 2024 human analyst/CRA financial-action report identified in first-pass public search"
467,272110::2024,272110,케이엔제이,MULTIPLE_REPORTS_FOUND,2024-05-16,NH투자증권,EQUITY,"걱정하지 말아요!",https://www.newspim.com/news/view/20240516000141,SECONDARY_SUMMARY_ONLY,"Several 2024 human reports identified. SK report describes delayed chamber capacity additions and new customers; NH focuses operating recovery. Capacity expansion/growth is outside or opposite frozen CX; no canonical credit action established from current summaries"
468,275630::2024,275630,에스에스알,NO_ELIGIBLE_2024_REPORT_FOUND_AFTER_PASS1,,,,,,SEARCHED_PASS1,"No eligible 2024 human analyst/CRA financial-action report identified in first-pass public search"
469,277410::2024,277410,인산가,NO_ELIGIBLE_2024_REPORT_FOUND_AFTER_PASS1,,,,,,SEARCHED_PASS1,"Later 2025 analysis reports discuss 2024 results, but no eligible 2024-published human analyst/CRA financial-action report identified in pass1"
470,277810::2024,277810,레인보우로보틱스,MULTIPLE_REPORTS_FOUND,2024-10-24,iM증권,EQUITY,"핵심부품 내재화, 조용히 쌓여가는 제품 레퍼런스",https://alphasquare.co.kr/home/stock-issue?code=277810&type=report,PRIMARY_INDEX_AVAILABLE,"Three 2024 human analyst reports identified. Latest theme is component internalization/product reference growth; full primary action review pending. Growth/R&D/internalization is not automatically frozen OE"
471,281740::2024,281740,레이크머티리얼즈,MULTIPLE_REPORTS_FOUND,2024-09-27,한화투자증권,EQUITY,"4분기 실적으로 증명될 고객사 확장 모멘텀",https://alphasquare.co.kr/home/stock-issue?code=281740&type=report,PRIMARY_INDEX_AVAILABLE,"Two 2024 Hanwha reports identified; themes are semiconductor customer expansion and lithium-sulfide growth, outside frozen financial recourse absent a separate financial-management mechanism"
472,281820::2024,281820,케이씨텍,REPORT_FOUND,2024-05-31,미래에셋증권,EQUITY,"기술 방향성, 업종 모멘텀 부합",https://securities.miraeasset.com/bbs/board/message/list.do?categoryId=1800&curPage=129&direction=1&listType=1&searchEndDay=27&searchEndMonth=05&searchEndYear=2025&searchStartDay=27&searchStartMonth=05&searchStartYear=2024&searchType=2&startId=09kvv~&startPage=121,PRIMARY_INDEX_AVAILABLE,"Official Mirae research index verifies 2024 human report; full report/action mapping pending"
473,282330::2024,282330,BGF리테일,MULTIPLE_REPORTS_FOUND,2024-11-08,한국투자증권,EQUITY,"깔끔하다",https://www.newspim.com/news/view/20241108000866,SECONDARY_SUMMARY_ONLY,"Broad 2024 broker coverage exists. Available latest summary emphasizes stable earnings/defensive characteristics, not a prospective frozen managerial action; primary latest report preferred"
474,288620::2024,288620,에스퓨얼셀,NO_ELIGIBLE_2024_REPORT_FOUND_AFTER_PASS1,,,,,,SEARCHED_PASS1,"No eligible 2024 human analyst/CRA financial-action report identified in first-pass public search"
475,289220::2024,289220,자이언트스텝,NO_ELIGIBLE_2024_REPORT_FOUND_AFTER_PASS1,,,,,,SEARCHED_PASS1,"2024 operating/statutory data found; no eligible 2024 human analyst/CRA financial-action report isolated in pass1"
476,290560::2024,290560,파라택시스이더리움,NAME_HISTORY_REVIEW_REQUIRED,,,,,https://theinvest.co.kr/compinfo.php?cd=290560,IDENTITY_REVIEW_PENDING,"Current company name differs from 2024 historical identity. Historical issuer name must be resolved before declaring 2024 report coverage"
477,290720::2024,290720,푸드나무,NO_ELIGIBLE_2024_REPORT_FOUND_AFTER_PASS1,,,,,,SEARCHED_PASS1,"No eligible 2024 human analyst/CRA financial-action report identified in first-pass public search"
478,294140::2024,294140,레몬,NO_ELIGIBLE_2024_REPORT_FOUND_AFTER_PASS1,,,,,,SEARCHED_PASS1,"2024 results are available in later filings; no eligible 2024-published human analyst/CRA financial-action report identified in pass1"
479,294570::2024,294570,쿠콘,MULTIPLE_REPORTS_FOUND,2024-11-15,유진투자증권,EQUITY,"3Q24 Review: 높은 수익성 회복 중",https://alphasquare.co.kr/home/stock-issue?code=294570&type=report,PRIMARY_INDEX_AVAILABLE,"At least two 2024 Eugene reports identified. Latest full text/action review pending; observed profitability recovery or service growth is not automatically coded as OE"
480,297090::2024,297090,씨에스베어링,REPORT_FOUND,2024-04-17,LS증권,EQUITY,"긴 호흡으로 접근할 시기",https://alphasquare.co.kr/home/stock-issue?code=297090&type=report,PRIMARY_INDEX_AVAILABLE,"2024 human report identified. Full text/action mapping pending; wind-demand/capacity growth themes should not be forced into frozen credit actions"
481,297890::2024,297890,HB솔루션,NO_2024_EQUITY_REPORT_FOUND_AFTER_PASS1,,,,,https://alphasquare.co.kr/home/stock-issue?code=297890&type=report,SEARCHED_PASS1,"Public broker index shows no 2024 report; 2024 results appear in later filings. No eligible 2024 human analyst/CRA financial-action report identified"
482,298000::2024,298000,효성화학,MULTIPLE_REPORTS_FOUND,2024-04-29,IBK투자증권,EQUITY,"부진한 업황 지속 중",https://alphasquare.co.kr/home/stock-issue?code=298000&type=report,PRIMARY_INDEX_AVAILABLE,"Two 2024 IBK reports identified. Available titles/themes concern industry conditions and Vietnam PP/DH utilization; primary full-text financial-action review pending"
483,298020::2024,298020,효성티앤씨,MULTIPLE_REPORTS_FOUND,2024-12-02,IBK투자증권,EQUITY,"유증은 없다",https://stock12.mk.co.kr/price/report/KR7298020009,PRIMARY_INDEX_AVAILABLE,"Broad 2024 broker coverage identified. Latest report and prior reports focus industry cycle, capacity/location advantage and financing commentary. Primary latest full text required before any canonical financial-action coding"
484,298690::2024,298690,에어부산,OTHER_2024_ANALYSIS_FOUND,2024,CATCH,OTHER_EXPERT,"에어부산 분석리포트 2024 ver.",https://www.catch.co.kr/Comp/AnalysisCompView?ID=2449,NOT_STRICT_FINANCIAL_EXPERT_SOURCE,"General company/career analysis based on official material, not a strict CRA/sell-side financial-action report"
485,298830::2024,298830,슈어소프트테크,MULTIPLE_OTHER_EXPERT_REPORTS_FOUND,2024-09-30,리서치알음,OTHER_EXPERT,"테슬라의 로보택시 행사 임박 / S/W 기반 SDV 기술 기업 주목 필요",https://researcharum.com/report/small-cap-research-list.php?scode=298830&sname=%EC%8A%88%EC%96%B4%EC%86%8C%ED%94%84%ED%8A%B8%ED%85%8C%ED%81%AC,PRIMARY_INDEX_AVAILABLE,"Two 2024 human-authored Research Arum reports identified. Investment thesis concerns SDV/robotaxi growth, not yet a frozen financial-management action; report body review pending"
486,299900::2024,299900,위지윅스튜디오,NO_ELIGIBLE_2024_REPORT_FOUND_AFTER_PASS1,,,,,,SEARCHED_PASS1,"2024 statutory and industry data found; no eligible 2024 human analyst/CRA financial-action report isolated in pass1"
487,302440::2024,302440,SK바이오사이언스,REPORT_FOUND,2024-01-18,SK증권,EQUITY,"구체화된 방향성 확인이 우선",https://alphasquare.co.kr/home/stock-issue?code=302440&type=report,PRIMARY_INDEX_AVAILABLE,"2024 human report identified; full text/action mapping pending. Public themes are vaccine pipeline/investment and growth direction, not automatically frozen financial recourse"
488,303530::2024,303530,이노뎁,NO_ELIGIBLE_2024_REPORT_FOUND_AFTER_PASS1,,,,,,SEARCHED_PASS1,"2024 company results/statutory data found; no eligible 2024 human analyst/CRA financial-action report identified in pass1"
489,306040::2024,306040,에스제이그룹,NO_2024_EQUITY_REPORT_FOUND_AFTER_PASS1,,,,,https://alphasquare.co.kr/home/stock-issue?code=306040&type=report,SEARCHED_PASS1,"Public broker index shows latest coverage in 2022; no eligible 2024 human analyst/CRA report identified"
490,307280::2024,307280,원바이오젠,NO_2024_EQUITY_REPORT_FOUND_AFTER_PASS1,,,,,https://comp.wisereport.co.kr/samsung/company/c1080001.aspx?cmp_cd=307280&cn=,SEARCHED_PASS1,"Current report monitor contains no report rows; no eligible 2024 human analyst/CRA financial-action report identified in pass1"
491,307870::2024,307870,비투엔,NO_ELIGIBLE_2024_REPORT_FOUND_AFTER_PASS1,,,,,,SEARCHED_PASS1,"2024 statutory financial data found; no eligible 2024 human analyst/CRA financial-action report identified in pass1"
492,307950::2024,307950,현대오토에버,MULTIPLE_REPORTS_FOUND,2024-08-29,키움증권,EQUITY,"완성차 신사업 발표에 따른 리레이팅",https://search.newspim.com/news/view/20240829000085,SECONDARY_SUMMARY_ONLY,"Numerous 2024 human analyst reports identified. Themes include smart-factory/vehicle-SW expansion and growth. These are business-growth actions rather than frozen credit recourse absent a specific financial-management mechanism; latest primary report still needs selection review"
493,308170::2024,308170,CTR모빌리티,NO_ELIGIBLE_2024_REPORT_FOUND_AFTER_PASS1,,,,,,SEARCHED_PASS1,"Later analyses describe high leverage and business transformation, but no eligible 2024-published human analyst/CRA financial-action report identified in pass1"
494,310870::2024,310870,디와이씨,MULTIPLE_REPORTS_FOUND,2024-12-20,한국투자증권,EQUITY,"IPO 기업 업데이트: 내년엔 회복",https://www.newspim.com/news/view/20241220000073,SECONDARY_SUMMARY_ONLY,"Two 2024 Korea Investment reports identified. Latest summary attributes expected margin normalization to sales recovery/raw-material and FX conditions plus new products, not a stated frozen managerial action"
495,311390::2024,311390,네오크레마,NO_ELIGIBLE_2024_REPORT_FOUND_AFTER_PASS1,,,,,,SEARCHED_PASS1,"No eligible 2024 human analyst/CRA financial-action report identified in first-pass public search"
496,314140::2024,314140,알피바이오,MULTIPLE_REPORTS_FOUND,2024-12-16,한국투자증권,EQUITY,"IPO 기업 업데이트: 기술은 좋은데 아쉬운 부진",https://www.newspim.com/news/view/20241216000073,SECONDARY_SUMMARY_ONLY,"2024 Korea Investment reports explicitly call for/describe growth through new health-functional products and formulations. This is a human analyst action/growth path but outside frozen 8D credit-recourse space"
497,317120::2024,317120,라닉스,REPORT_FOUND,2024-11-26,한국IR협의회,OTHER_EXPERT,"V2X 시장 개화시 수혜 기대",https://www.paxnet.co.kr/WWW/data/researchCenter/attach/20241126085732452.pdf,PRIMARY_TEXT_AVAILABLE,"Primary human-authored report describes V2X/HSM/quantum-security product development and licensing plans. These are R&D/growth actions outside frozen 8D; no canonical credit action established"
498,317240::2024,317240,TS트릴리온,NO_ELIGIBLE_2024_REPORT_FOUND_AFTER_PASS1,,,,,,SEARCHED_PASS1,"No eligible 2024 human analyst/CRA financial-action report identified in first-pass public search"
499,317330::2024,317330,덕산테코피아,NO_2024_BROKER_REPORT_FOUND_AFTER_PASS1,,,,,https://alphasquare.co.kr/home/stock-issue?code=317330&type=report,SEARCHED_PASS1,"Public broker index has no 2024 report; a 2024 specialist news series on battery-material capacity expansion exists but is not strict CRA/sell-side evidence"
500,317400::2024,317400,자이에스앤디,NO_2024_EQUITY_REPORT_FOUND_AFTER_PASS1,,,,,https://alphasquare.co.kr/home/stock-issue?code=317400&type=report,SEARCHED_PASS1,"Public broker index jumps from 2023 to 2026; no eligible 2024 human analyst/CRA financial-action report identified in pass1"
501,317770::2024,317770,엑스페릭스,NO_ELIGIBLE_2024_REPORT_FOUND_AFTER_PASS1,,,,,,SEARCHED_PASS1,"No eligible 2024 human analyst/CRA financial-action report identified in first-pass public search"
502,317830::2024,317830,에스피시스템스,REPORT_FOUND,2024-06-04,한국투자증권,EQUITY,"본업의 성장, 신사업의 진일보 기대",https://www.newspim.com/news/view/20240604000160,SECONDARY_SUMMARY_ONLY,"Human report explicitly says annual profitability will depend on SG&A control while new-business costs persist. This may be relevant to OE, but the available summary does not establish a concrete management cost-reduction action; primary report review required"
503,317850::2024,317850,대모엔지니어링,NO_ELIGIBLE_2024_REPORT_FOUND_AFTER_PASS1,,,,,,SEARCHED_PASS1,"No eligible 2024 human analyst/CRA financial-action report identified in first-pass public search"
504,318160::2024,318160,셀바이오휴먼텍,NO_ELIGIBLE_2024_REPORT_FOUND_AFTER_PASS1,,,,,,SEARCHED_PASS1,"No eligible 2024 human analyst/CRA financial-action report identified in first-pass public search"
505,319400::2024,319400,현대무벡스,NO_ELIGIBLE_2024_REPORT_FOUND_AFTER_PASS1,,,,,,SEARCHED_PASS1,"Current detailed broker coverage located from 2025 onward; no eligible 2024-published human analyst/CRA financial-action report isolated in pass1"
506,320000::2024,320000,한울반도체,NO_ELIGIBLE_2024_REPORT_FOUND_AFTER_PASS1,,,,,,SEARCHED_PASS1,"2024 statutory results found; no eligible 2024 human analyst/CRA financial-action report identified"
507,321820::2024,321820,아티스트컴퍼니,NAME_HISTORY_REVIEW_REQUIRED,,,,,,IDENTITY_REVIEW_PENDING,"2024 historical issuer identity/name transition must be resolved before final report-coverage decision"
508,328380::2024,328380,솔트웨어,REPORT_FOUND,2024-06-26,미래에셋증권,EQUITY,"고객 맞춤형 클라우드 서비스 전문 기업",https://securities.miraeasset.com/bbs/board/message/list.do?categoryId=1800&curPage=52&direction=1&listType=1&searchEndDay=08&searchEndMonth=11&searchEndYear=2024&searchStartDay=09&searchStartMonth=11&searchStartYear=2023&searchType=2&startId=09ksz~&startPage=51,PRIMARY_INDEX_AVAILABLE,"Official Mirae index verifies 2024 human report; full primary action review pending"
509,332290::2024,332290,누보,NO_ELIGIBLE_2024_REPORT_FOUND_AFTER_PASS1,,,,,,SEARCHED_PASS1,"2024 financial data found but no eligible 2024 human analyst/CRA financial-action report identified"
510,332570::2024,332570,피에스일렉트로닉스,NO_ELIGIBLE_2024_REPORT_FOUND_AFTER_PASS1,,,,,,SEARCHED_PASS1,"No eligible 2024 human analyst/CRA financial-action report identified in first-pass public search"
511,333620::2024,333620,엔시스,MULTIPLE_REPORTS_FOUND,2024-08-27,하나증권,EQUITY,"전기차 화재에 특화된 비전 검사, 전고체 배터리 기업",https://www.newspim.com/news/view/20240827000087,SECONDARY_SUMMARY_ONLY,"Multiple 2024 human reports identified, including a KB primary page. Report themes are order growth, product diversification and already-achieved cost improvement; realized cost improvement is not automatically a prospective OE action"
512,335870::2024,335870,윙스풋,REPORT_FOUND,2024-12-19,IBK투자증권,EQUITY,"브랜드 IP 안정화 구간",https://www.newspim.com/news/view/20241219000353,SECONDARY_SUMMARY_ONLY,"Human report emphasizes stabilization/expansion of new brand IP and portfolio growth. These are business-growth actions outside frozen 8D, absent a financial-management mechanism"
513,339770::2024,339770,교촌에프앤비,MULTIPLE_REPORTS_FOUND,2024-11-12,유진투자증권,EQUITY,"3Q24 Review: 매출총이익률 최고 달성",https://alphasquare.co.kr/home/stock-issue?code=339770&type=report,PRIMARY_INDEX_AVAILABLE,"Three 2024 Eugene reports identified. Earlier reports discuss direct-operation conversion and profitability improvement; restructuring/channel operation is not automatically OE. Latest primary full-text review pending"
514,347000::2024,347000,센코,NO_ELIGIBLE_2024_REPORT_FOUND_AFTER_PASS1,,,,,,SEARCHED_PASS1,"2024 statutory results found; no eligible 2024 human analyst/CRA financial-action report identified"
515,348340::2024,348340,뉴로메카,MULTIPLE_REPORTS_FOUND,2024-09-02,리딩투자증권,EQUITY,"협동로봇의 수요 증가",https://www.leading.co.kr/board/EquityResearch/detail/3049?boardNo=58&pageIndex=142&pageSize=10&pageUnit=10&searchColumnName=SUBJECT&searchValue=&siteCd=&sortColumnName=&sortDirection=,PRIMARY_PAGE_AVAILABLE,"2024 Eugene/Leading reports identified. Eugene summary states component internalization directly reduces cost, which may be OE-like, but primary evidence must establish a prospective management action rather than an already-completed product-development fact"
516,352090::2024,352090,스톰테크,NO_ELIGIBLE_2024_REPORT_FOUND_AFTER_PASS1,,,,,,SEARCHED_PASS1,"No eligible 2024 human analyst/CRA financial-action report identified in first-pass public search"
517,352700::2024,352700,씨앤투스,NO_ELIGIBLE_2024_REPORT_FOUND_AFTER_PASS1,,,,,,SEARCHED_PASS1,"No eligible 2024 human analyst/CRA financial-action report identified in first-pass public search"
518,353190::2024,353190,휴럼,NO_ELIGIBLE_2024_REPORT_FOUND_AFTER_PASS1,,,,,,SEARCHED_PASS1,"No eligible 2024 human analyst/CRA financial-action report identified in first-pass public search"
519,353590::2024,353590,오토앤,REPORT_FOUND,2024-06-27,미래에셋증권,EQUITY,"다양한 모빌리티 신사업 추진 중",https://securities.miraeasset.com/bbs/board/message/list.do?categoryId=1800&curPage=124&direction=1&listType=1&searchEndDay=30&searchEndMonth=05&searchEndYear=2025&searchStartDay=30&searchStartMonth=05&searchStartYear=2024&searchType=2&startId=09kz1~&startPage=121,PRIMARY_INDEX_AVAILABLE,"Official Mirae index verifies 2024 human report; title indicates new-mobility business expansion, which is likely outside frozen 8D, pending full-text review"
520,354320::2024,354320,알멕,NO_ELIGIBLE_2024_REPORT_FOUND_AFTER_PASS1,,,,,,SEARCHED_PASS1,"No eligible 2024 human analyst/CRA financial-action report identified in first-pass public search"
