firm_key,stock_code,firm_name,prior_selection_status,lead_windows,lead_categories,completion_status,final_decision,mapped_action_if_any,evidence_basis,strict_eligible_after_completion,note
060250::2024,060250,NHN KCP,EQUITY_STRICT_NONMAPPABLE,18,OE,PREEXISTING_REVIEW_COMPLETE,EQUITY_STRICT_NONMAPPABLE,NO_MAPPABLE_ACTION,PRIMARY_TEXT_AVAILABLE,FALSE,Primary Kiwoom PDF reviewed; useful negative mapping case
339770::2024,339770,교촌에프앤비,PRIMARY_REPORT_NO_CANONICAL_ACTION,14,OE,PREEXISTING_REVIEW_COMPLETE,PRIMARY_REPORT_NO_CANONICAL_ACTION,NO_MAPPABLE_ACTION,PRIMARY_INDEX_AVAILABLE,FALSE,
003850::2024,003850,보령,SECONDARY_SUMMARY_ONLY,13,OE,PREEXISTING_REVIEW_COMPLETE,SECONDARY_SUMMARY_ONLY,REPORT_NO_ACTION,SECONDARY_SUMMARY_ONLY,FALSE,Automated article is discovery-only under protocol
005180::2024,005180,빙그레,SECONDARY_SUMMARY_ONLY,12,OE,PREEXISTING_REVIEW_COMPLETE,SECONDARY_SUMMARY_ONLY,REPORT_NO_ACTION,SECONDARY_SUMMARY_ONLY,FALSE,
001060::2024,001060,JW중외제약,SECONDARY_SUMMARY,11,OE,PREEXISTING_REVIEW_COMPLETE,SECONDARY_SUMMARY,REPORT_NO_ACTION,SECONDARY_SUMMARY_ONLY,FALSE,원문 확보 시 재검토 가능
012750::2024,012750,에스원,SECONDARY_SUMMARY_ONLY,11,OE,PREEXISTING_REVIEW_COMPLETE,SECONDARY_SUMMARY_ONLY,REPORT_NO_ACTION,SECONDARY_SUMMARY_ONLY,FALSE,
056190::2024,056190,에스에프에이,EQUITY_STRICT_NO_ACTION,11,OE,PREEXISTING_REVIEW_COMPLETE,EQUITY_STRICT_NO_ACTION,REPORT_NO_ACTION,PRIMARY_TEXT_AVAILABLE,FALSE,Primary Samsung Securities PDF reviewed
079160::2024,079160,CJ CGV,CRA_LATEST_2024_MULTI_NONCANONICAL,11,OE,PREEXISTING_REVIEW_COMPLETE,CRA_LATEST_2024_MULTI_NONCANONICAL,MULTI_NONCANONICAL,PRIMARY_TEXT_AVAILABLE,FALSE,second-pass hierarchy review completed
104830::2024,104830,원익머트리얼즈,SECONDARY_SUMMARY_ONLY,10,OE,PREEXISTING_REVIEW_COMPLETE,SECONDARY_SUMMARY_ONLY,REPORT_NO_ACTION,SECONDARY_SUMMARY_ONLY,FALSE,원 DB금융투자 PDF 회수 시 statement type 재검토
001740::2024,001740,SK네트웍스,CRA_UPSTREAM_ASSET_SALE_NONCANONICAL,9,OE,PREEXISTING_REVIEW_COMPLETE,CRA_UPSTREAM_ASSET_SALE_NONCANONICAL,NO_MAPPABLE_ACTION,PRIMARY_TEXT_AVAILABLE,FALSE,strict_mapping_audit_v1 DEMOTE; historical DL coding retained in batch evidence
010130::2024,010130,고려아연,PRIMARY_UNAVAILABLE_AFTER_PASS2,9,OE,PREEXISTING_REVIEW_COMPLETE,PRIMARY_UNAVAILABLE_AFTER_PASS2,NO_MAPPABLE_ACTION,https://stockreport.kr/stocks/010130,FALSE,primary Korea Ratings 2024 report could not be recovered after second pass
069260::2024,069260,TKG휴켐스,PROVISIONAL_EQUITY_ONLY,9,OE,PREEXISTING_REVIEW_COMPLETE,PROVISIONAL_EQUITY_ONLY,NO_MAPPABLE_ACTION,PRIMARY_TEXT_AVAILABLE,FALSE,human explicit recommendation이지만 canonical action 밖이라는 중요한 음성 사례
081660::2024,081660,휠라홀딩스,SECONDARY_SUMMARY_ONLY,9,OE,PREEXISTING_REVIEW_COMPLETE,SECONDARY_SUMMARY_ONLY,REPORT_NO_ACTION,SECONDARY_SUMMARY_ONLY,FALSE,
036200::2024,036200,유니셈,EQUITY_NO_ACTION,6,CX,PREEXISTING_REVIEW_COMPLETE,EQUITY_NO_ACTION,REPORT_NO_ACTION,PRIMARY_INDEX_AVAILABLE,FALSE,
036930::2024,036930,주성엔지니어링,EQUITY_PRIMARY_NONCANONICAL_CUSTOMER_PRODUCT_EXPANSION,6,CX,PREEXISTING_REVIEW_COMPLETE,EQUITY_PRIMARY_NONCANONICAL_CUSTOMER_PRODUCT_EXPANSION,NO_MAPPABLE_ACTION,DISCOVERY_INDEX_ONLY,FALSE,latest identified 2024 primary report
419530::2024,419530,SAMG엔터,EQUITY_PRIMARY_MULTI_NONCANONICAL,6,OE,PREEXISTING_REVIEW_COMPLETE,EQUITY_PRIMARY_MULTI_NONCANONICAL,MULTI_NONCANONICAL,SECONDARY_SUMMARY_ACTION_CANDIDATE,FALSE,existing reviewed decision reaffirmed with primary report
003220::2024,003220,대원제약,EQUITY_NONMAPPABLE,5,OE,PREEXISTING_REVIEW_COMPLETE,EQUITY_NONMAPPABLE,NO_MAPPABLE_ACTION,PRIMARY_TEXT_AVAILABLE,FALSE,
100120::2024,100120,뷰웍스,OTHER_EXPERT_PRIMARY_NONCANONICAL_PRODUCT_GROWTH,5,OE,PREEXISTING_REVIEW_COMPLETE,OTHER_EXPERT_PRIMARY_NONCANONICAL_PRODUCT_GROWTH,NO_MAPPABLE_ACTION,PRIMARY_INDEX_AVAILABLE,FALSE,Korea IR Council primary report recovered
372910::2024,372910,한컴라이프케어,HUMAN_REPORT_NO_ACTION,5,OE,PREEXISTING_REVIEW_COMPLETE,HUMAN_REPORT_NO_ACTION,REPORT_NO_ACTION,PRIMARY_INDEX_AVAILABLE,FALSE,"2024-08-19 유진, 09-04 SK 등도 제품·방산·소방 성장 중심"
002990::2024,002990,금호건설,EQUITY_NO_ACTION,4,DL;OE,PREEXISTING_REVIEW_COMPLETE,EQUITY_NO_ACTION,REPORT_NO_ACTION,PRIMARY_TEXT_AVAILABLE,FALSE,
172670::2024,172670,에이엘티,EQUITY_PRIMARY_INDEX_NO_ACTION,4,OE,PREEXISTING_REVIEW_COMPLETE,EQUITY_PRIMARY_INDEX_NO_ACTION,REPORT_NO_ACTION,PRIMARY_INDEX_AVAILABLE,FALSE,미래에셋증권 공식 리서치 인덱스에서 2024-12-13 인간 보고서 확인
200130::2024,200130,콜마비앤에이치,SECONDARY_HUMAN_REPORT_NO_ACTION,4,OE,PREEXISTING_REVIEW_COMPLETE,SECONDARY_HUMAN_REPORT_NO_ACTION,REPORT_NO_ACTION,NOT_STRICT_FINANCIAL_EXPERT_SOURCE,FALSE,issuer IR 2024-11-14도 존재하나 independent expert layer 우선
439580::2024,439580,블루엠텍,SECONDARY_HUMAN_REPORT_NO_CANONICAL_ACTION,4,OE,PREEXISTING_REVIEW_COMPLETE,SECONDARY_HUMAN_REPORT_NO_CANONICAL_ACTION,NO_MAPPABLE_ACTION,SECONDARY_SUMMARY_ONLY,FALSE,
004800::2024,004800,효성,CRA_NONMAPPABLE,3,OE,PREEXISTING_REVIEW_COMPLETE,CRA_NONMAPPABLE,NO_MAPPABLE_ACTION,PRIMARY_TEXT_AVAILABLE,FALSE,
294570::2024,294570,쿠콘,PRIMARY_REPORT_NO_CANONICAL_ACTION,3,OE,PREEXISTING_REVIEW_COMPLETE,PRIMARY_REPORT_NO_CANONICAL_ACTION,NO_MAPPABLE_ACTION,PRIMARY_INDEX_AVAILABLE,FALSE,
307870::2024,307870,비투엔,NO_REPORT_FOUND_AFTER_PASS1,2,OE,PREEXISTING_REVIEW_COMPLETE,NO_REPORT_FOUND_AFTER_PASS1,,SEARCHED_PASS1,FALSE,
333620::2024,333620,엔시스,PRIMARY_REPORT_NO_CANONICAL_ACTION,2,OE,PREEXISTING_REVIEW_COMPLETE,PRIMARY_REPORT_NO_CANONICAL_ACTION,NO_MAPPABLE_ACTION,SECONDARY_SUMMARY_ONLY,FALSE,실적상 비용개선이 있더라도 prospective OE 행동으로 자동 변환하지 않음
033500::2024,033500,동성화인텍,SECONDARY_SUMMARY_ONLY,1,OE,PREEXISTING_REVIEW_COMPLETE,SECONDARY_SUMMARY_ONLY,NO_MAPPABLE_ACTION,SECONDARY_SUMMARY_ONLY,FALSE,Underlying human report identified; accessible page is AI-generated summary and remains discovery-only
033640::2024,033640,네패스,NO_REVIEWED_MAPPING_RECORD,1,OE,FINAL_PASS3_MANUAL_CLOSURE,NO_NEW_STRICT_CASE,,EQUITY_SEARCH_PLUS_ISSUER,FALSE,No eligible 2024 independent-expert action-bearing primary report was recovered; issuer product/technology growth evidence is not an independent expert canonical action.
053580::2024,053580,웹케시,EQUITY_STRICT_NONMAPPABLE,1,OE,PREEXISTING_REVIEW_COMPLETE,EQUITY_STRICT_NONMAPPABLE,NO_MAPPABLE_ACTION,PRIMARY_TEXT_AVAILABLE,FALSE,Primary Eugene PDF reviewed
079960::2024,079960,동양이엔피,NO_REVIEWED_MAPPING_RECORD,1,OE,FINAL_PASS3_MANUAL_CLOSURE,NO_NEW_STRICT_CASE,,IR_INDEX,FALSE,No eligible 2024 independent-expert action-bearing report was recovered; an issuer IR event without verified canonical action text cannot enter the independent expert strict anchor.
314140::2024,314140,알피바이오,SECONDARY_SUMMARY_ONLY_NO_CANONICAL_ACTION,1,OE,PREEXISTING_REVIEW_COMPLETE,SECONDARY_SUMMARY_ONLY_NO_CANONICAL_ACTION,NO_MAPPABLE_ACTION,SECONDARY_SUMMARY_ONLY,FALSE,
