firm_key,stock_code,firm_name,prior_selection_status,reviewed_in_bounded_pass3,keyword_score,action_keyword_hits,candidate_links,source_pages
088800::2024,088800,에이스테크,NO_REVIEWED_MAPPING_RECORD,False,6,"{""OE"": [""구조조정"", ""비용"", ""수익성""], ""DL"": [""상환""], ""RF"": [""만기""], ""WC"": [""채권""]}","[{""text"": ""에이스테크 전장부터 방산까지, 수익성 개선 성과 보인다"", ""href"": ""https://stockreport.kr/reports/stock/15750"", ""hits"": {""OE"": [""비용"", ""수익성"", ""구조조정""]}, ""context"": ""에이스테크 전장부터 방산까지, 수익성 개선 성과 보인다 SK증권 2026-08-06 에이스테크 전장부터 방산까지, 수익성 개선 성과 보인다 구조조정의 터널을 벗어나 전장/방산사업으로 사업 영역을 확대하며 매출 다변화를 추진하고 있다. 2024년 10월 계열사 분할 합병으로 전장/방산 부문 매출 비중 확대와 함께 비용구조 개선이 가시화될 전망이다. AI 등장 이후 6G 통신 ... 발행 당시 목표가 미제시 읽기 →""}]","[{""source"": ""ALPHASQUARE"", ""url"": ""https://alphasquare.co.kr/home/stock-issue?code=088800&type=report"", ""http"": ""200"", ""has2024"": ""False""}, {""source"": ""IRGO"", ""url"": ""https://m.irgo.co.kr/IR-COMP/088800"", ""http"": ""200"", ""has2024"": ""True""}, {""source"": ""STOCKREPORT"", ""url"": ""https://stockreport.kr/stocks/088800"", ""http"": ""200"", ""has2024"": ""True""}]"
005030::2024,005030,부산주공,NO_REVIEWED_MAPPING_RECORD,False,5,"{""DL"": [""차입"", ""차입금""], ""RF"": [""단기차입"", ""만기""], ""WC"": [""채권""]}",[],"[{""source"": ""ALPHASQUARE"", ""url"": ""https://alphasquare.co.kr/home/stock-issue?code=005030&type=report"", ""http"": ""200"", ""has2024"": ""False""}, {""source"": ""IRGO"", ""url"": ""https://m.irgo.co.kr/IR-COMP/005030"", ""http"": ""200"", ""has2024"": ""True""}, {""source"": ""STOCKREPORT"", ""url"": ""https://stockreport.kr/stocks/005030"", ""http"": ""404"", ""has2024"": ""False""}]"
332290::2024,332290,누보,NO_REPORT_FOUND_AFTER_PASS1,False,5,"{""DL"": [""차입"", ""차입금""], ""RF"": [""단기차입"", ""만기""], ""WC"": [""채권""]}",[],"[{""source"": ""ALPHASQUARE"", ""url"": ""https://alphasquare.co.kr/home/stock-issue?code=332290&type=report"", ""http"": ""200"", ""has2024"": ""False""}, {""source"": ""IRGO"", ""url"": ""https://m.irgo.co.kr/IR-COMP/332290"", ""http"": ""200"", ""has2024"": ""True""}, {""source"": ""STOCKREPORT"", ""url"": ""https://stockreport.kr/stocks/332290"", ""http"": ""200"", ""has2024"": ""False""}]"
353190::2024,353190,휴럼,NO_REPORT_FOUND_AFTER_PASS1,False,5,"{""DL"": [""차입"", ""차입금""], ""RF"": [""단기차입"", ""만기""], ""WC"": [""채권""]}",[],"[{""source"": ""ALPHASQUARE"", ""url"": ""https://alphasquare.co.kr/home/stock-issue?code=353190&type=report"", ""http"": ""200"", ""has2024"": ""False""}, {""source"": ""IRGO"", ""url"": ""https://m.irgo.co.kr/IR-COMP/353190"", ""http"": ""200"", ""has2024"": ""True""}, {""source"": ""STOCKREPORT"", ""url"": ""https://stockreport.kr/stocks/353190"", ""http"": ""404"", ""has2024"": ""False""}]"
033640::2024,033640,네패스,NO_REVIEWED_MAPPING_RECORD,False,4,"{""OE"": [""수익성""], ""DL"": [""차입"", ""차입금""], ""RF"": [""단기차입""]}",[],"[{""source"": ""ALPHASQUARE"", ""url"": ""https://alphasquare.co.kr/home/stock-issue?code=033640&type=report"", ""http"": ""200"", ""has2024"": ""False""}, {""source"": ""IRGO"", ""url"": ""https://m.irgo.co.kr/IR-COMP/033640"", ""http"": ""200"", ""has2024"": ""True""}, {""source"": ""STOCKREPORT"", ""url"": ""https://stockreport.kr/stocks/033640"", ""http"": ""200"", ""has2024"": ""False""}]"
123330::2024,123330,제닉,NO_REVIEWED_MAPPING_RECORD,False,4,"{""OE"": [""효율""], ""DL"": [""차입"", ""차입금""], ""RF"": [""단기차입""]}",[],"[{""source"": ""ALPHASQUARE"", ""url"": ""https://alphasquare.co.kr/home/stock-issue?code=123330&type=report"", ""http"": ""200"", ""has2024"": ""False""}, {""source"": ""IRGO"", ""url"": ""https://m.irgo.co.kr/IR-COMP/123330"", ""http"": ""200"", ""has2024"": ""True""}, {""source"": ""STOCKREPORT"", ""url"": ""https://stockreport.kr/stocks/123330"", ""http"": ""200"", ""has2024"": ""True""}]"
126600::2024,126600,BGF에코머티리얼즈,NO_REVIEWED_MAPPING_RECORD,False,4,"{""DL"": [""차입"", ""차입금""], ""RF"": [""단기차입""], ""WC"": [""채권""]}",[],"[{""source"": ""ALPHASQUARE"", ""url"": ""https://alphasquare.co.kr/home/stock-issue?code=126600&type=report"", ""http"": ""200"", ""has2024"": ""False""}, {""source"": ""IRGO"", ""url"": ""https://m.irgo.co.kr/IR-COMP/126600"", ""http"": ""200"", ""has2024"": ""True""}, {""source"": ""STOCKREPORT"", ""url"": ""https://stockreport.kr/stocks/126600"", ""http"": ""404"", ""has2024"": ""False""}]"
142210::2024,142210,유니트론텍,NO_REVIEWED_MAPPING_RECORD,False,4,"{""DL"": [""차입"", ""차입금""], ""RF"": [""단기차입""], ""WC"": [""채권""]}",[],"[{""source"": ""ALPHASQUARE"", ""url"": ""https://alphasquare.co.kr/home/stock-issue?code=142210&type=report"", ""http"": ""200"", ""has2024"": ""False""}, {""source"": ""IRGO"", ""url"": ""https://m.irgo.co.kr/IR-COMP/142210"", ""http"": ""200"", ""has2024"": ""True""}, {""source"": ""STOCKREPORT"", ""url"": ""https://stockreport.kr/stocks/142210"", ""http"": ""200"", ""has2024"": ""False""}]"
254490::2024,254490,미래반도체,NO_REVIEWED_MAPPING_RECORD,False,4,"{""DL"": [""차입"", ""차입금""], ""RF"": [""단기차입""], ""WC"": [""채권""]}",[],"[{""source"": ""ALPHASQUARE"", ""url"": ""https://alphasquare.co.kr/home/stock-issue?code=254490&type=report"", ""http"": ""200"", ""has2024"": ""False""}, {""source"": ""IRGO"", ""url"": ""https://m.irgo.co.kr/IR-COMP/254490"", ""http"": ""200"", ""has2024"": ""True""}, {""source"": ""STOCKREPORT"", ""url"": ""https://stockreport.kr/stocks/254490"", ""http"": ""200"", ""has2024"": ""False""}]"
007820::2024,007820,에스엠코어,NO_REVIEWED_MAPPING_RECORD,False,3,"{""DL"": [""차입"", ""차입금""], ""RF"": [""단기차입""]}",[],"[{""source"": ""ALPHASQUARE"", ""url"": ""https://alphasquare.co.kr/home/stock-issue?code=007820&type=report"", ""http"": ""200"", ""has2024"": ""False""}, {""source"": ""IRGO"", ""url"": ""https://m.irgo.co.kr/IR-COMP/007820"", ""http"": ""200"", ""has2024"": ""True""}, {""source"": ""STOCKREPORT"", ""url"": ""https://stockreport.kr/stocks/007820"", ""http"": ""200"", ""has2024"": ""False""}]"
008040::2024,008040,사조동아원,NO_REVIEWED_MAPPING_RECORD,False,3,"{""DL"": [""차입"", ""차입금""], ""RF"": [""단기차입""]}",[],"[{""source"": ""ALPHASQUARE"", ""url"": ""https://alphasquare.co.kr/home/stock-issue?code=008040&type=report"", ""http"": ""200"", ""has2024"": ""False""}, {""source"": ""IRGO"", ""url"": ""https://m.irgo.co.kr/IR-COMP/008040"", ""http"": ""200"", ""has2024"": ""True""}, {""source"": ""STOCKREPORT"", ""url"": ""https://stockreport.kr/stocks/008040"", ""http"": ""200"", ""has2024"": ""False""}]"
009310::2024,009310,참엔지니어링,NO_REVIEWED_MAPPING_RECORD,False,3,"{""DL"": [""차입"", ""차입금""], ""RF"": [""단기차입""]}",[],"[{""source"": ""ALPHASQUARE"", ""url"": ""https://alphasquare.co.kr/home/stock-issue?code=009310&type=report"", ""http"": ""200"", ""has2024"": ""False""}, {""source"": ""IRGO"", ""url"": ""https://m.irgo.co.kr/IR-COMP/009310"", ""http"": ""200"", ""has2024"": ""True""}, {""source"": ""STOCKREPORT"", ""url"": ""https://stockreport.kr/stocks/009310"", ""http"": ""404"", ""has2024"": ""False""}]"
010280::2024,010280,아이티센엔텍,NO_REVIEWED_MAPPING_RECORD,False,3,"{""DL"": [""차입"", ""차입금""], ""RF"": [""단기차입""]}",[],"[{""source"": ""ALPHASQUARE"", ""url"": ""https://alphasquare.co.kr/home/stock-issue?code=010280&type=report"", ""http"": ""200"", ""has2024"": ""False""}, {""source"": ""IRGO"", ""url"": ""https://m.irgo.co.kr/IR-COMP/010280"", ""http"": ""200"", ""has2024"": ""True""}, {""source"": ""STOCKREPORT"", ""url"": ""https://stockreport.kr/stocks/010280"", ""http"": ""200"", ""has2024"": ""False""}]"
011230::2024,011230,삼화전자공업,NO_REVIEWED_MAPPING_RECORD,False,3,"{""DL"": [""차입"", ""차입금""], ""RF"": [""단기차입""]}",[],"[{""source"": ""ALPHASQUARE"", ""url"": ""https://alphasquare.co.kr/home/stock-issue?code=011230&type=report"", ""http"": ""200"", ""has2024"": ""False""}, {""source"": ""IRGO"", ""url"": ""https://m.irgo.co.kr/IR-COMP/011230"", ""http"": ""200"", ""has2024"": ""True""}, {""source"": ""STOCKREPORT"", ""url"": ""https://stockreport.kr/stocks/011230"", ""http"": ""200"", ""has2024"": ""False""}]"
047400::2024,047400,유니온머티리얼,NO_REVIEWED_MAPPING_RECORD,False,3,"{""DL"": [""차입"", ""차입금""], ""RF"": [""단기차입""]}",[],"[{""source"": ""ALPHASQUARE"", ""url"": ""https://alphasquare.co.kr/home/stock-issue?code=047400&type=report"", ""http"": ""200"", ""has2024"": ""False""}, {""source"": ""IRGO"", ""url"": ""https://m.irgo.co.kr/IR-COMP/047400"", ""http"": ""200"", ""has2024"": ""True""}, {""source"": ""STOCKREPORT"", ""url"": ""https://stockreport.kr/stocks/047400"", ""http"": ""404"", ""has2024"": ""False""}]"
053700::2024,053700,삼보모터스,NO_REVIEWED_MAPPING_RECORD,False,3,"{""OE"": [""수익성""], ""RF"": [""만기""], ""WC"": [""채권""]}",[],"[{""source"": ""ALPHASQUARE"", ""url"": ""https://alphasquare.co.kr/home/stock-issue?code=053700&type=report"", ""http"": ""200"", ""has2024"": ""False""}, {""source"": ""IRGO"", ""url"": ""https://m.irgo.co.kr/IR-COMP/053700"", ""http"": ""200"", ""has2024"": ""True""}, {""source"": ""STOCKREPORT"", ""url"": ""https://stockreport.kr/stocks/053700"", ""http"": ""404"", ""has2024"": ""False""}]"
065690::2024,065690,파커스,NO_REVIEWED_MAPPING_RECORD,False,3,"{""DL"": [""차입"", ""차입금""], ""RF"": [""단기차입""]}",[],"[{""source"": ""ALPHASQUARE"", ""url"": ""https://alphasquare.co.kr/home/stock-issue?code=065690&type=report"", ""http"": ""200"", ""has2024"": ""False""}, {""source"": ""IRGO"", ""url"": ""https://m.irgo.co.kr/IR-COMP/065690"", ""http"": ""200"", ""has2024"": ""True""}, {""source"": ""STOCKREPORT"", ""url"": ""https://stockreport.kr/stocks/065690"", ""http"": ""404"", ""has2024"": ""False""}]"
073190::2024,073190,듀오백,NO_REVIEWED_MAPPING_RECORD,False,3,"{""DL"": [""차입"", ""차입금""], ""RF"": [""단기차입""]}",[],"[{""source"": ""ALPHASQUARE"", ""url"": ""https://alphasquare.co.kr/home/stock-issue?code=073190&type=report"", ""http"": ""200"", ""has2024"": ""False""}, {""source"": ""IRGO"", ""url"": ""https://m.irgo.co.kr/IR-COMP/073190"", ""http"": ""200"", ""has2024"": ""True""}, {""source"": ""STOCKREPORT"", ""url"": ""https://stockreport.kr/stocks/073190"", ""http"": ""404"", ""has2024"": ""False""}]"
079900::2024,079900,전진건설로봇,NO_REVIEWED_MAPPING_RECORD,False,3,"{""OE"": [""수익성""], ""WC"": [""매출채권"", ""채권""]}","[{""text"": ""전진건설로봇 실적 성장으로 이어질 CAPA 증가"", ""href"": ""https://stockreport.kr/reports/stock/9062"", ""hits"": {""OE"": [""수익성""], ""WC"": [""채권"", ""매출채권""]}, ""context"": ""전진건설로봇 실적 성장으로 이어질 CAPA 증가 DS투자증권 2025-11-27 전진건설로봇 실적 성장으로 이어질 CAPA 증가 3Q25 매출액 449억원(+4.3% YoY), 영업이익 50억원(-46.2% YoY)으로 수익성은 다소 약화됐으나 매출채권 대손 반영이라는 일회성 이슈를 보험금으로 상쇄하는 흐름이 설명됐다. 국내 점유율은 2024년 48%에서 63%로... 발행 당시 목표가 60,000원 읽기 →""}]","[{""source"": ""ALPHASQUARE"", ""url"": ""https://alphasquare.co.kr/home/stock-issue?code=079900&type=report"", ""http"": ""200"", ""has2024"": ""False""}, {""source"": ""IRGO"", ""url"": ""https://m.irgo.co.kr/IR-COMP/079900"", ""http"": ""200"", ""has2024"": ""True""}, {""source"": ""STOCKREPORT"", ""url"": ""https://stockreport.kr/stocks/079900"", ""http"": ""200"", ""has2024"": ""True""}]"
079960::2024,079960,동양이엔피,NO_REVIEWED_MAPPING_RECORD,False,3,"{""OE"": [""비용"", ""수익성""], ""DL"": [""순현금""]}",[],"[{""source"": ""ALPHASQUARE"", ""url"": ""https://alphasquare.co.kr/home/stock-issue?code=079960&type=report"", ""http"": ""200"", ""has2024"": ""False""}, {""source"": ""IRGO"", ""url"": ""https://m.irgo.co.kr/IR-COMP/079960"", ""http"": ""200"", ""has2024"": ""True""}, {""source"": ""STOCKREPORT"", ""url"": ""https://stockreport.kr/stocks/079960"", ""http"": ""200"", ""has2024"": ""False""}]"
083930::2024,083930,아바코,NO_REVIEWED_MAPPING_RECORD,False,3,"{""DL"": [""차입"", ""차입금""], ""RF"": [""단기차입""]}",[],"[{""source"": ""ALPHASQUARE"", ""url"": ""https://alphasquare.co.kr/home/stock-issue?code=083930&type=report"", ""http"": ""200"", ""has2024"": ""False""}, {""source"": ""IRGO"", ""url"": ""https://m.irgo.co.kr/IR-COMP/083930"", ""http"": ""200"", ""has2024"": ""True""}, {""source"": ""STOCKREPORT"", ""url"": ""https://stockreport.kr/stocks/083930"", ""http"": ""200"", ""has2024"": ""True""}]"
198440::2024,198440,강동씨앤엘,NO_REVIEWED_MAPPING_RECORD,False,3,"{""DL"": [""차입"", ""차입금""], ""RF"": [""단기차입""]}",[],"[{""source"": ""ALPHASQUARE"", ""url"": ""https://alphasquare.co.kr/home/stock-issue?code=198440&type=report"", ""http"": ""200"", ""has2024"": ""False""}, {""source"": ""IRGO"", ""url"": ""https://m.irgo.co.kr/IR-COMP/198440"", ""http"": ""200"", ""has2024"": ""True""}, {""source"": ""STOCKREPORT"", ""url"": ""https://stockreport.kr/stocks/198440"", ""http"": ""200"", ""has2024"": ""True""}]"
217480::2024,217480,에스디생명공학,NO_REVIEWED_MAPPING_RECORD,False,3,"{""RF"": [""만기""], ""WC"": [""매출채권"", ""채권""]}",[],"[{""source"": ""ALPHASQUARE"", ""url"": ""https://alphasquare.co.kr/home/stock-issue?code=217480&type=report"", ""http"": ""200"", ""has2024"": ""False""}, {""source"": ""IRGO"", ""url"": ""https://m.irgo.co.kr/IR-COMP/217480"", ""http"": ""200"", ""has2024"": ""True""}, {""source"": ""STOCKREPORT"", ""url"": ""https://stockreport.kr/stocks/217480"", ""http"": ""404"", ""has2024"": ""False""}]"
237750::2024,237750,피앤씨테크,NO_REPORT_FOUND_AFTER_PASS1,False,3,"{""DL"": [""차입"", ""차입금""], ""RF"": [""단기차입""]}",[],"[{""source"": ""ALPHASQUARE"", ""url"": ""https://alphasquare.co.kr/home/stock-issue?code=237750&type=report"", ""http"": ""200"", ""has2024"": ""False""}, {""source"": ""IRGO"", ""url"": ""https://m.irgo.co.kr/IR-COMP/237750"", ""http"": ""200"", ""has2024"": ""True""}, {""source"": ""STOCKREPORT"", ""url"": ""https://stockreport.kr/stocks/237750"", ""http"": ""200"", ""has2024"": ""False""}]"
258790::2024,258790,소프트캠프,NO_REVIEWED_MAPPING_RECORD,False,3,"{""DL"": [""차입"", ""차입금""], ""RF"": [""단기차입""]}",[],"[{""source"": ""ALPHASQUARE"", ""url"": ""https://alphasquare.co.kr/home/stock-issue?code=258790&type=report"", ""http"": ""200"", ""has2024"": ""False""}, {""source"": ""IRGO"", ""url"": ""https://m.irgo.co.kr/IR-COMP/258790"", ""http"": ""200"", ""has2024"": ""True""}, {""source"": ""STOCKREPORT"", ""url"": ""https://stockreport.kr/stocks/258790"", ""http"": ""200"", ""has2024"": ""False""}]"
303530::2024,303530,이노뎁,NO_REPORT_FOUND_AFTER_PASS1,False,3,"{""DL"": [""차입"", ""차입금""], ""RF"": [""단기차입""]}",[],"[{""source"": ""ALPHASQUARE"", ""url"": ""https://alphasquare.co.kr/home/stock-issue?code=303530&type=report"", ""http"": ""200"", ""has2024"": ""False""}, {""source"": ""IRGO"", ""url"": ""https://m.irgo.co.kr/IR-COMP/303530"", ""http"": ""200"", ""has2024"": ""True""}, {""source"": ""STOCKREPORT"", ""url"": ""https://stockreport.kr/stocks/303530"", ""http"": ""200"", ""has2024"": ""True""}]"
307870::2024,307870,비투엔,NO_REPORT_FOUND_AFTER_PASS1,False,3,"{""OE"": [""비용"", ""수익성"", ""효율""]}","[{""text"": ""비투엔 인공지능과 빅데이터 융합을 통한 데이터 거.."", ""href"": ""https://stockreport.kr/reports/stock/3757"", ""hits"": {""OE"": [""수익성""]}, ""context"": ""비투엔 인공지능과 빅데이터 융합을 통한 데이터 거.. 한국기술신용평가(주) 2025-07-11 비투엔 인공지능과 빅데이터 융합을 통한 데이터 거.. ## 투자의견 및 목표주가 - 투자의견: 없음 - 목표주가: 해당 없음 ## 핵심 투자 포인트 1. 재무실적 및 수익성 이슈 - 2023년 합계 320억 원, 2024년 합계 251억 원 - 2025년 1분기 매출액 39억 원(매출액증... 발행 당시 목표가 미제시 읽기 →""}]","[{""source"": ""ALPHASQUARE"", ""url"": ""https://alphasquare.co.kr/home/stock-issue?code=307870&type=report"", ""http"": ""200"", ""has2024"": ""False""}, {""source"": ""IRGO"", ""url"": ""https://m.irgo.co.kr/IR-COMP/307870"", ""http"": ""200"", ""has2024"": ""True""}, {""source"": ""STOCKREPORT"", ""url"": ""https://stockreport.kr/stocks/307870"", ""http"": ""200"", ""has2024"": ""True""}]"
005960::2024,005960,동부건설,NO_REPORT_FOUND_AFTER_PASS2,False,2,"{""OE"": [""수익성"", ""원가""]}",[],"[{""source"": ""ALPHASQUARE"", ""url"": ""https://alphasquare.co.kr/home/stock-issue?code=005960&type=report"", ""http"": ""200"", ""has2024"": ""False""}, {""source"": ""IRGO"", ""url"": ""https://m.irgo.co.kr/IR-COMP/005960"", ""http"": ""200"", ""has2024"": ""True""}, {""source"": ""STOCKREPORT"", ""url"": ""https://stockreport.kr/stocks/005960"", ""http"": ""404"", ""has2024"": ""False""}]"
014200::2024,014200,광림,NO_REVIEWED_MAPPING_RECORD,False,2,"{""RF"": [""만기""], ""WC"": [""채권""]}",[],"[{""source"": ""ALPHASQUARE"", ""url"": ""https://alphasquare.co.kr/home/stock-issue?code=014200&type=report"", ""http"": ""200"", ""has2024"": ""False""}, {""source"": ""IRGO"", ""url"": ""https://m.irgo.co.kr/IR-COMP/014200"", ""http"": ""200"", ""has2024"": ""True""}, {""source"": ""STOCKREPORT"", ""url"": ""https://stockreport.kr/stocks/014200"", ""http"": ""404"", ""has2024"": ""False""}]"
016740::2024,016740,두올,NO_REVIEWED_MAPPING_RECORD,False,2,"{""OE"": [""구조조정"", ""수익성""]}",[],"[{""source"": ""ALPHASQUARE"", ""url"": ""https://alphasquare.co.kr/home/stock-issue?code=016740&type=report"", ""http"": ""200"", ""has2024"": ""False""}, {""source"": ""IRGO"", ""url"": ""https://m.irgo.co.kr/IR-COMP/016740"", ""http"": ""200"", ""has2024"": ""True""}, {""source"": ""STOCKREPORT"", ""url"": ""https://stockreport.kr/stocks/016740"", ""http"": ""404"", ""has2024"": ""False""}]"
031310::2024,031310,아이즈비전,NO_REVIEWED_MAPPING_RECORD,False,2,"{""RF"": [""만기""], ""WC"": [""채권""]}",[],"[{""source"": ""ALPHASQUARE"", ""url"": ""https://alphasquare.co.kr/home/stock-issue?code=031310&type=report"", ""http"": ""200"", ""has2024"": ""False""}, {""source"": ""IRGO"", ""url"": ""https://m.irgo.co.kr/IR-COMP/031310"", ""http"": ""200"", ""has2024"": ""True""}, {""source"": ""STOCKREPORT"", ""url"": ""https://stockreport.kr/stocks/031310"", ""http"": ""200"", ""has2024"": ""False""}]"
036090::2024,036090,위지트,NO_REVIEWED_MAPPING_RECORD,False,2,"{""RF"": [""만기""], ""WC"": [""채권""]}",[],"[{""source"": ""ALPHASQUARE"", ""url"": ""https://alphasquare.co.kr/home/stock-issue?code=036090&type=report"", ""http"": ""200"", ""has2024"": ""False""}, {""source"": ""IRGO"", ""url"": ""https://m.irgo.co.kr/IR-COMP/036090"", ""http"": ""200"", ""has2024"": ""True""}, {""source"": ""STOCKREPORT"", ""url"": ""https://stockreport.kr/stocks/036090"", ""http"": ""200"", ""has2024"": ""False""}]"
038540::2024,038540,상상인,NO_REVIEWED_MAPPING_RECORD,False,2,"{""DL"": [""상환""], ""RF"": [""만기""]}",[],"[{""source"": ""ALPHASQUARE"", ""url"": ""https://alphasquare.co.kr/home/stock-issue?code=038540&type=report"", ""http"": ""200"", ""has2024"": ""False""}, {""source"": ""IRGO"", ""url"": ""https://m.irgo.co.kr/IR-COMP/038540"", ""http"": ""200"", ""has2024"": ""True""}, {""source"": ""STOCKREPORT"", ""url"": ""https://stockreport.kr/stocks/038540"", ""http"": ""404"", ""has2024"": ""False""}]"
040910::2024,040910,아이씨디,NO_REVIEWED_MAPPING_RECORD,False,2,"{""RF"": [""만기""], ""WC"": [""채권""]}",[],"[{""source"": ""ALPHASQUARE"", ""url"": ""https://alphasquare.co.kr/home/stock-issue?code=040910&type=report"", ""http"": ""200"", ""has2024"": ""False""}, {""source"": ""IRGO"", ""url"": ""https://m.irgo.co.kr/IR-COMP/040910"", ""http"": ""200"", ""has2024"": ""True""}, {""source"": ""STOCKREPORT"", ""url"": ""https://stockreport.kr/stocks/040910"", ""http"": ""404"", ""has2024"": ""False""}]"
042510::2024,042510,라온시큐어,NO_REVIEWED_MAPPING_RECORD,False,2,"{""OE"": [""비용""], ""RF"": [""만기""]}",[],"[{""source"": ""ALPHASQUARE"", ""url"": ""https://alphasquare.co.kr/home/stock-issue?code=042510&type=report"", ""http"": ""200"", ""has2024"": ""False""}, {""source"": ""IRGO"", ""url"": ""https://m.irgo.co.kr/IR-COMP/042510"", ""http"": ""200"", ""has2024"": ""True""}, {""source"": ""STOCKREPORT"", ""url"": ""https://stockreport.kr/stocks/042510"", ""http"": ""200"", ""has2024"": ""False""}]"
066700::2024,066700,테라젠이텍스,NO_REVIEWED_MAPPING_RECORD,False,2,"{""RF"": [""만기""], ""WC"": [""채권""]}",[],"[{""source"": ""ALPHASQUARE"", ""url"": ""https://alphasquare.co.kr/home/stock-issue?code=066700&type=report"", ""http"": ""200"", ""has2024"": ""False""}, {""source"": ""IRGO"", ""url"": ""https://m.irgo.co.kr/IR-COMP/066700"", ""http"": ""200"", ""has2024"": ""True""}, {""source"": ""STOCKREPORT"", ""url"": ""https://stockreport.kr/stocks/066700"", ""http"": ""404"", ""has2024"": ""False""}]"
069140::2024,069140,누리플랜,NO_REVIEWED_MAPPING_RECORD,False,2,"{""RF"": [""만기""], ""WC"": [""채권""]}",[],"[{""source"": ""ALPHASQUARE"", ""url"": ""https://alphasquare.co.kr/home/stock-issue?code=069140&type=report"", ""http"": ""200"", ""has2024"": ""False""}, {""source"": ""IRGO"", ""url"": ""https://m.irgo.co.kr/IR-COMP/069140"", ""http"": ""200"", ""has2024"": ""True""}, {""source"": ""STOCKREPORT"", ""url"": ""https://stockreport.kr/stocks/069140"", ""http"": ""200"", ""has2024"": ""False""}]"
071970::2024,071970,HD현대마린엔진,NO_REVIEWED_MAPPING_RECORD,False,2,"{""OE"": [""마진"", ""수익성""]}",[],"[{""source"": ""ALPHASQUARE"", ""url"": ""https://alphasquare.co.kr/home/stock-issue?code=071970&type=report"", ""http"": ""200"", ""has2024"": ""False""}, {""source"": ""IRGO"", ""url"": ""https://m.irgo.co.kr/IR-COMP/071970"", ""http"": ""200"", ""has2024"": ""True""}, {""source"": ""STOCKREPORT"", ""url"": ""https://stockreport.kr/stocks/071970"", ""http"": ""200"", ""has2024"": ""False""}]"
088290::2024,088290,이원컴포텍,NO_REVIEWED_MAPPING_RECORD,False,2,"{""RF"": [""만기""], ""WC"": [""채권""]}",[],"[{""source"": ""ALPHASQUARE"", ""url"": ""https://alphasquare.co.kr/home/stock-issue?code=088290&type=report"", ""http"": ""200"", ""has2024"": ""False""}, {""source"": ""IRGO"", ""url"": ""https://m.irgo.co.kr/IR-COMP/088290"", ""http"": ""200"", ""has2024"": ""True""}, {""source"": ""STOCKREPORT"", ""url"": ""https://stockreport.kr/stocks/088290"", ""http"": ""404"", ""has2024"": ""False""}]"
090710::2024,090710,휴림로봇,NO_REVIEWED_MAPPING_RECORD,False,2,"{""RF"": [""만기""], ""WC"": [""채권""]}",[],"[{""source"": ""ALPHASQUARE"", ""url"": ""https://alphasquare.co.kr/home/stock-issue?code=090710&type=report"", ""http"": ""200"", ""has2024"": ""False""}, {""source"": ""IRGO"", ""url"": ""https://m.irgo.co.kr/IR-COMP/090710"", ""http"": ""200"", ""has2024"": ""True""}, {""source"": ""STOCKREPORT"", ""url"": ""https://stockreport.kr/stocks/090710"", ""http"": ""404"", ""has2024"": ""False""}]"
100590::2024,100590,머큐리,NO_REVIEWED_MAPPING_RECORD,False,2,"{""RF"": [""만기""], ""WC"": [""채권""]}",[],"[{""source"": ""ALPHASQUARE"", ""url"": ""https://alphasquare.co.kr/home/stock-issue?code=100590&type=report"", ""http"": ""200"", ""has2024"": ""False""}, {""source"": ""IRGO"", ""url"": ""https://m.irgo.co.kr/IR-COMP/100590"", ""http"": ""200"", ""has2024"": ""True""}, {""source"": ""STOCKREPORT"", ""url"": ""https://stockreport.kr/stocks/100590"", ""http"": ""200"", ""has2024"": ""False""}]"
101400::2024,101400,엔시트론,NO_REVIEWED_MAPPING_RECORD,False,2,"{""RF"": [""만기""], ""WC"": [""채권""]}",[],"[{""source"": ""ALPHASQUARE"", ""url"": ""https://alphasquare.co.kr/home/stock-issue?code=101400&type=report"", ""http"": ""200"", ""has2024"": ""False""}, {""source"": ""IRGO"", ""url"": ""https://m.irgo.co.kr/IR-COMP/101400"", ""http"": ""200"", ""has2024"": ""True""}, {""source"": ""STOCKREPORT"", ""url"": ""https://stockreport.kr/stocks/101400"", ""http"": ""404"", ""has2024"": ""False""}]"
104620::2024,104620,노랑풍선,NO_REVIEWED_MAPPING_RECORD,False,2,"{""RF"": [""만기""], ""WC"": [""채권""]}",[],"[{""source"": ""ALPHASQUARE"", ""url"": ""https://alphasquare.co.kr/home/stock-issue?code=104620&type=report"", ""http"": ""200"", ""has2024"": ""False""}, {""source"": ""IRGO"", ""url"": ""https://m.irgo.co.kr/IR-COMP/104620"", ""http"": ""200"", ""has2024"": ""True""}, {""source"": ""STOCKREPORT"", ""url"": ""https://stockreport.kr/stocks/104620"", ""http"": ""200"", ""has2024"": ""True""}]"
123840::2024,123840,뉴온,NO_REVIEWED_MAPPING_RECORD,False,2,"{""RF"": [""만기""], ""WC"": [""채권""]}",[],"[{""source"": ""ALPHASQUARE"", ""url"": ""https://alphasquare.co.kr/home/stock-issue?code=123840&type=report"", ""http"": ""200"", ""has2024"": ""False""}, {""source"": ""IRGO"", ""url"": ""https://m.irgo.co.kr/IR-COMP/123840"", ""http"": ""200"", ""has2024"": ""True""}, {""source"": ""STOCKREPORT"", ""url"": ""https://stockreport.kr/stocks/123840"", ""http"": ""200"", ""has2024"": ""False""}]"
175140::2024,175140,휴먼테크놀로지,NO_REVIEWED_MAPPING_RECORD,False,2,"{""RF"": [""만기""], ""WC"": [""채권""]}",[],"[{""source"": ""ALPHASQUARE"", ""url"": ""https://alphasquare.co.kr/home/stock-issue?code=175140&type=report"", ""http"": ""200"", ""has2024"": ""False""}, {""source"": ""IRGO"", ""url"": ""https://m.irgo.co.kr/IR-COMP/175140"", ""http"": ""200"", ""has2024"": ""True""}, {""source"": ""STOCKREPORT"", ""url"": ""https://stockreport.kr/stocks/175140"", ""http"": ""200"", ""has2024"": ""False""}]"
191410::2024,191410,육일씨엔에쓰,NO_REVIEWED_MAPPING_RECORD,False,2,"{""DL"": [""상환""], ""WC"": [""채권""]}",[],"[{""source"": ""ALPHASQUARE"", ""url"": ""https://alphasquare.co.kr/home/stock-issue?code=191410&type=report"", ""http"": ""200"", ""has2024"": ""False""}, {""source"": ""IRGO"", ""url"": ""https://m.irgo.co.kr/IR-COMP/191410"", ""http"": ""200"", ""has2024"": ""True""}, {""source"": ""STOCKREPORT"", ""url"": ""https://stockreport.kr/stocks/191410"", ""http"": ""200"", ""has2024"": ""False""}]"
214260::2024,214260,라파스,NO_REVIEWED_MAPPING_RECORD,False,2,"{""RF"": [""만기""], ""WC"": [""채권""]}",[],"[{""source"": ""ALPHASQUARE"", ""url"": ""https://alphasquare.co.kr/home/stock-issue?code=214260&type=report"", ""http"": ""200"", ""has2024"": ""False""}, {""source"": ""IRGO"", ""url"": ""https://m.irgo.co.kr/IR-COMP/214260"", ""http"": ""200"", ""has2024"": ""True""}, {""source"": ""STOCKREPORT"", ""url"": ""https://stockreport.kr/stocks/214260"", ""http"": ""404"", ""has2024"": ""False""}]"
215090::2024,215090,솔디펜스,NO_REVIEWED_MAPPING_RECORD,False,2,"{""DL"": [""상환""], ""WC"": [""채권""]}",[],"[{""source"": ""ALPHASQUARE"", ""url"": ""https://alphasquare.co.kr/home/stock-issue?code=215090&type=report"", ""http"": ""200"", ""has2024"": ""False""}, {""source"": ""IRGO"", ""url"": ""https://m.irgo.co.kr/IR-COMP/215090"", ""http"": ""200"", ""has2024"": ""True""}, {""source"": ""STOCKREPORT"", ""url"": ""https://stockreport.kr/stocks/215090"", ""http"": ""404"", ""has2024"": ""False""}]"
220260::2024,220260,켐트로스,NO_REPORT_FOUND_AFTER_PASS1,False,2,"{""RF"": [""만기""], ""WC"": [""채권""]}",[],"[{""source"": ""ALPHASQUARE"", ""url"": ""https://alphasquare.co.kr/home/stock-issue?code=220260&type=report"", ""http"": ""200"", ""has2024"": ""False""}, {""source"": ""IRGO"", ""url"": ""https://m.irgo.co.kr/IR-COMP/220260"", ""http"": ""200"", ""has2024"": ""True""}, {""source"": ""STOCKREPORT"", ""url"": ""https://stockreport.kr/stocks/220260"", ""http"": ""200"", ""has2024"": ""False""}]"
222810::2024,222810,세토피아,NO_REPORT_FOUND_AFTER_PASS1,False,2,"{""RF"": [""만기""], ""WC"": [""채권""]}",[],"[{""source"": ""ALPHASQUARE"", ""url"": ""https://alphasquare.co.kr/home/stock-issue?code=222810&type=report"", ""http"": ""200"", ""has2024"": ""False""}, {""source"": ""IRGO"", ""url"": ""https://m.irgo.co.kr/IR-COMP/222810"", ""http"": ""200"", ""has2024"": ""True""}, {""source"": ""STOCKREPORT"", ""url"": ""https://stockreport.kr/stocks/222810"", ""http"": ""404"", ""has2024"": ""False""}]"
222980::2024,222980,한국맥널티,NO_REPORT_FOUND_AFTER_PASS1,False,2,"{""RF"": [""만기""], ""WC"": [""채권""]}",[],"[{""source"": ""ALPHASQUARE"", ""url"": ""https://alphasquare.co.kr/home/stock-issue?code=222980&type=report"", ""http"": ""200"", ""has2024"": ""False""}, {""source"": ""IRGO"", ""url"": ""https://m.irgo.co.kr/IR-COMP/222980"", ""http"": ""200"", ""has2024"": ""True""}, {""source"": ""STOCKREPORT"", ""url"": ""https://stockreport.kr/stocks/222980"", ""http"": ""200"", ""has2024"": ""False""}]"
250930::2024,250930,예선테크,NO_REVIEWED_MAPPING_RECORD,False,2,"{""RF"": [""만기""], ""WC"": [""채권""]}",[],"[{""source"": ""ALPHASQUARE"", ""url"": ""https://alphasquare.co.kr/home/stock-issue?code=250930&type=report"", ""http"": ""200"", ""has2024"": ""False""}, {""source"": ""IRGO"", ""url"": ""https://m.irgo.co.kr/IR-COMP/250930"", ""http"": ""200"", ""has2024"": ""True""}, {""source"": ""STOCKREPORT"", ""url"": ""https://stockreport.kr/stocks/250930"", ""http"": ""200"", ""has2024"": ""False""}]"
251370::2024,251370,와이엠티,NO_REVIEWED_MAPPING_RECORD,False,2,"{""RF"": [""만기""], ""WC"": [""채권""]}",[],"[{""source"": ""ALPHASQUARE"", ""url"": ""https://alphasquare.co.kr/home/stock-issue?code=251370&type=report"", ""http"": ""200"", ""has2024"": ""False""}, {""source"": ""IRGO"", ""url"": ""https://m.irgo.co.kr/IR-COMP/251370"", ""http"": ""200"", ""has2024"": ""True""}, {""source"": ""STOCKREPORT"", ""url"": ""https://stockreport.kr/stocks/251370"", ""http"": ""200"", ""has2024"": ""False""}]"
256940::2024,256940,킵스바이오파마,NO_REVIEWED_MAPPING_RECORD,False,2,"{""RF"": [""만기""], ""WC"": [""채권""]}",[],"[{""source"": ""ALPHASQUARE"", ""url"": ""https://alphasquare.co.kr/home/stock-issue?code=256940&type=report"", ""http"": ""200"", ""has2024"": ""False""}, {""source"": ""IRGO"", ""url"": ""https://m.irgo.co.kr/IR-COMP/256940"", ""http"": ""200"", ""has2024"": ""True""}, {""source"": ""STOCKREPORT"", ""url"": ""https://stockreport.kr/stocks/256940"", ""http"": ""200"", ""has2024"": ""False""}]"
262260::2024,262260,에이프로,NO_REVIEWED_MAPPING_RECORD,False,2,"{""OE"": [""마진""], ""WC"": [""채권""]}",[],"[{""source"": ""ALPHASQUARE"", ""url"": ""https://alphasquare.co.kr/home/stock-issue?code=262260&type=report"", ""http"": ""200"", ""has2024"": ""False""}, {""source"": ""IRGO"", ""url"": ""https://m.irgo.co.kr/IR-COMP/262260"", ""http"": ""200"", ""has2024"": ""True""}, {""source"": ""STOCKREPORT"", ""url"": ""https://stockreport.kr/stocks/262260"", ""http"": ""404"", ""has2024"": ""False""}]"
288620::2024,288620,에스퓨얼셀,NO_REPORT_FOUND_AFTER_PASS1,False,2,"{""RF"": [""만기""], ""WC"": [""채권""]}",[],"[{""source"": ""ALPHASQUARE"", ""url"": ""https://alphasquare.co.kr/home/stock-issue?code=288620&type=report"", ""http"": ""200"", ""has2024"": ""False""}, {""source"": ""IRGO"", ""url"": ""https://m.irgo.co.kr/IR-COMP/288620"", ""http"": ""200"", ""has2024"": ""True""}, {""source"": ""STOCKREPORT"", ""url"": ""https://stockreport.kr/stocks/288620"", ""http"": ""200"", ""has2024"": ""False""}]"
298690::2024,298690,에어부산,NO_REPORT_FOUND_AFTER_PASS2,False,2,"{""OE"": [""비용""], ""WC"": [""채권""]}",[],"[{""source"": ""ALPHASQUARE"", ""url"": ""https://alphasquare.co.kr/home/stock-issue?code=298690&type=report"", ""http"": ""200"", ""has2024"": ""False""}, {""source"": ""IRGO"", ""url"": ""https://m.irgo.co.kr/IR-COMP/298690"", ""http"": ""200"", ""has2024"": ""True""}, {""source"": ""STOCKREPORT"", ""url"": ""https://stockreport.kr/stocks/298690"", ""http"": ""404"", ""has2024"": ""False""}]"
332570::2024,332570,피에스일렉트로닉스,NO_REPORT_FOUND_AFTER_PASS1,False,2,"{""DL"": [""상환""], ""RF"": [""만기""]}",[],"[{""source"": ""ALPHASQUARE"", ""url"": ""https://alphasquare.co.kr/home/stock-issue?code=332570&type=report"", ""http"": ""200"", ""has2024"": ""False""}, {""source"": ""IRGO"", ""url"": ""https://m.irgo.co.kr/IR-COMP/332570"", ""http"": ""200"", ""has2024"": ""True""}, {""source"": ""STOCKREPORT"", ""url"": ""https://stockreport.kr/stocks/332570"", ""http"": ""200"", ""has2024"": ""False""}]"
357580::2024,357580,아모센스,NO_REPORT_FOUND_AFTER_PASS1,False,2,"{""RF"": [""만기""], ""WC"": [""채권""]}",[],"[{""source"": ""ALPHASQUARE"", ""url"": ""https://alphasquare.co.kr/home/stock-issue?code=357580&type=report"", ""http"": ""200"", ""has2024"": ""False""}, {""source"": ""IRGO"", ""url"": ""https://m.irgo.co.kr/IR-COMP/357580"", ""http"": ""200"", ""has2024"": ""True""}, {""source"": ""STOCKREPORT"", ""url"": ""https://stockreport.kr/stocks/357580"", ""http"": ""200"", ""has2024"": ""False""}]"
368600::2024,368600,아이씨에이치,NO_REPORT_FOUND_AFTER_PASS1,False,2,"{""RF"": [""만기""], ""WC"": [""채권""]}",[],"[{""source"": ""ALPHASQUARE"", ""url"": ""https://alphasquare.co.kr/home/stock-issue?code=368600&type=report"", ""http"": ""200"", ""has2024"": ""False""}, {""source"": ""IRGO"", ""url"": ""https://m.irgo.co.kr/IR-COMP/368600"", ""http"": ""200"", ""has2024"": ""True""}, {""source"": ""STOCKREPORT"", ""url"": ""https://stockreport.kr/stocks/368600"", ""http"": ""200"", ""has2024"": ""False""}]"
382800::2024,382800,지앤비에스에코,NO_REPORT_FOUND_AFTER_PASS1,False,2,"{""RF"": [""만기""], ""CX"": [""CAPEX""]}",[],"[{""source"": ""ALPHASQUARE"", ""url"": ""https://alphasquare.co.kr/home/stock-issue?code=382800&type=report"", ""http"": ""200"", ""has2024"": ""False""}, {""source"": ""IRGO"", ""url"": ""https://m.irgo.co.kr/IR-COMP/382800"", ""http"": ""200"", ""has2024"": ""True""}, {""source"": ""STOCKREPORT"", ""url"": ""https://stockreport.kr/stocks/382800"", ""http"": ""200"", ""has2024"": ""False""}]"
419050::2024,419050,삼기에너지솔루션즈,NO_REPORT_FOUND_AFTER_PASS1,False,2,"{""RF"": [""만기""], ""WC"": [""채권""]}",[],"[{""source"": ""ALPHASQUARE"", ""url"": ""https://alphasquare.co.kr/home/stock-issue?code=419050&type=report"", ""http"": ""200"", ""has2024"": ""False""}, {""source"": ""IRGO"", ""url"": ""https://m.irgo.co.kr/IR-COMP/419050"", ""http"": ""200"", ""has2024"": ""True""}, {""source"": ""STOCKREPORT"", ""url"": ""https://stockreport.kr/stocks/419050"", ""http"": ""200"", ""has2024"": ""False""}]"
000680::2024,000680,LS네트웍스,NO_REPORT_FOUND_AFTER_PASS2,False,1,"{""WC"": [""채권""]}",[],"[{""source"": ""ALPHASQUARE"", ""url"": ""https://alphasquare.co.kr/home/stock-issue?code=000680&type=report"", ""http"": ""200"", ""has2024"": ""False""}, {""source"": ""IRGO"", ""url"": ""https://m.irgo.co.kr/IR-COMP/000680"", ""http"": ""200"", ""has2024"": ""True""}, {""source"": ""STOCKREPORT"", ""url"": ""https://stockreport.kr/stocks/000680"", ""http"": ""404"", ""has2024"": ""False""}]"
001340::2024,001340,피케이씨,NO_REVIEWED_MAPPING_RECORD,False,1,"{""WC"": [""채권""]}",[],"[{""source"": ""ALPHASQUARE"", ""url"": ""https://alphasquare.co.kr/home/stock-issue?code=001340&type=report"", ""http"": ""200"", ""has2024"": ""False""}, {""source"": ""IRGO"", ""url"": ""https://m.irgo.co.kr/IR-COMP/001340"", ""http"": ""200"", ""has2024"": ""True""}, {""source"": ""STOCKREPORT"", ""url"": ""https://stockreport.kr/stocks/001340"", ""http"": ""200"", ""has2024"": ""False""}]"
001620::2024,001620,KBI동국실업,NO_REVIEWED_MAPPING_RECORD,False,1,"{""RF"": [""만기""]}",[],"[{""source"": ""ALPHASQUARE"", ""url"": ""https://alphasquare.co.kr/home/stock-issue?code=001620&type=report"", ""http"": ""200"", ""has2024"": ""False""}, {""source"": ""IRGO"", ""url"": ""https://m.irgo.co.kr/IR-COMP/001620"", ""http"": ""200"", ""has2024"": ""True""}, {""source"": ""STOCKREPORT"", ""url"": ""https://stockreport.kr/stocks/001620"", ""http"": ""404"", ""has2024"": ""False""}]"
006620::2024,006620,동구바이오제약,NO_REVIEWED_MAPPING_RECORD,False,1,"{""WC"": [""채권""]}",[],"[{""source"": ""ALPHASQUARE"", ""url"": ""https://alphasquare.co.kr/home/stock-issue?code=006620&type=report"", ""http"": ""200"", ""has2024"": ""False""}, {""source"": ""IRGO"", ""url"": ""https://m.irgo.co.kr/IR-COMP/006620"", ""http"": ""200"", ""has2024"": ""True""}, {""source"": ""STOCKREPORT"", ""url"": ""https://stockreport.kr/stocks/006620"", ""http"": ""404"", ""has2024"": ""False""}]"
007120::2024,007120,미래아이앤지,NO_REVIEWED_MAPPING_RECORD,False,1,"{""WC"": [""채권""]}",[],"[{""source"": ""ALPHASQUARE"", ""url"": ""https://alphasquare.co.kr/home/stock-issue?code=007120&type=report"", ""http"": ""200"", ""has2024"": ""False""}, {""source"": ""IRGO"", ""url"": ""https://m.irgo.co.kr/IR-COMP/007120"", ""http"": ""200"", ""has2024"": ""True""}, {""source"": ""STOCKREPORT"", ""url"": ""https://stockreport.kr/stocks/007120"", ""http"": ""404"", ""has2024"": ""False""}]"
009620::2024,009620,삼보산업,NO_REVIEWED_MAPPING_RECORD,False,1,"{""WC"": [""채권""]}",[],"[{""source"": ""ALPHASQUARE"", ""url"": ""https://alphasquare.co.kr/home/stock-issue?code=009620&type=report"", ""http"": ""200"", ""has2024"": ""False""}, {""source"": ""IRGO"", ""url"": ""https://m.irgo.co.kr/IR-COMP/009620"", ""http"": ""200"", ""has2024"": ""True""}, {""source"": ""STOCKREPORT"", ""url"": ""https://stockreport.kr/stocks/009620"", ""http"": ""200"", ""has2024"": ""False""}]"
012340::2024,012340,뉴인텍,NO_REVIEWED_MAPPING_RECORD,False,1,"{""WC"": [""채권""]}",[],"[{""source"": ""ALPHASQUARE"", ""url"": ""https://alphasquare.co.kr/home/stock-issue?code=012340&type=report"", ""http"": ""200"", ""has2024"": ""False""}, {""source"": ""IRGO"", ""url"": ""https://m.irgo.co.kr/IR-COMP/012340"", ""http"": ""200"", ""has2024"": ""True""}, {""source"": ""STOCKREPORT"", ""url"": ""https://stockreport.kr/stocks/012340"", ""http"": ""404"", ""has2024"": ""False""}]"
017000::2024,017000,신원종합개발,NO_REVIEWED_MAPPING_RECORD,False,1,"{""RF"": [""만기""]}",[],"[{""source"": ""ALPHASQUARE"", ""url"": ""https://alphasquare.co.kr/home/stock-issue?code=017000&type=report"", ""http"": ""200"", ""has2024"": ""False""}, {""source"": ""IRGO"", ""url"": ""https://m.irgo.co.kr/IR-COMP/017000"", ""http"": ""200"", ""has2024"": ""True""}, {""source"": ""STOCKREPORT"", ""url"": ""https://stockreport.kr/stocks/017000"", ""http"": ""404"", ""has2024"": ""False""}]"
018310::2024,018310,삼목에스폼,NO_REVIEWED_MAPPING_RECORD,False,1,"{""DL"": [""레버리지""]}",[],"[{""source"": ""ALPHASQUARE"", ""url"": ""https://alphasquare.co.kr/home/stock-issue?code=018310&type=report"", ""http"": ""200"", ""has2024"": ""False""}, {""source"": ""IRGO"", ""url"": ""https://m.irgo.co.kr/IR-COMP/018310"", ""http"": ""200"", ""has2024"": ""True""}, {""source"": ""STOCKREPORT"", ""url"": ""https://stockreport.kr/stocks/018310"", ""http"": ""404"", ""has2024"": ""False""}]"
030530::2024,030530,원익홀딩스,NO_REVIEWED_MAPPING_RECORD,False,1,"{""WC"": [""채권""]}",[],"[{""source"": ""ALPHASQUARE"", ""url"": ""https://alphasquare.co.kr/home/stock-issue?code=030530&type=report"", ""http"": ""200"", ""has2024"": ""False""}, {""source"": ""IRGO"", ""url"": ""https://m.irgo.co.kr/IR-COMP/030530"", ""http"": ""200"", ""has2024"": ""True""}, {""source"": ""STOCKREPORT"", ""url"": ""https://stockreport.kr/stocks/030530"", ""http"": ""404"", ""has2024"": ""False""}]"
032080::2024,032080,아즈텍더블유비이,NO_REVIEWED_MAPPING_RECORD,False,1,"{""RF"": [""만기""]}",[],"[{""source"": ""ALPHASQUARE"", ""url"": ""https://alphasquare.co.kr/home/stock-issue?code=032080&type=report"", ""http"": ""200"", ""has2024"": ""False""}, {""source"": ""IRGO"", ""url"": ""https://m.irgo.co.kr/IR-COMP/032080"", ""http"": ""200"", ""has2024"": ""True""}, {""source"": ""STOCKREPORT"", ""url"": ""https://stockreport.kr/stocks/032080"", ""http"": ""404"", ""has2024"": ""False""}]"
032620::2024,032620,유비케어,NO_REVIEWED_MAPPING_RECORD,False,1,"{""OE"": [""비용""]}",[],"[{""source"": ""ALPHASQUARE"", ""url"": ""https://alphasquare.co.kr/home/stock-issue?code=032620&type=report"", ""http"": ""200"", ""has2024"": ""False""}, {""source"": ""IRGO"", ""url"": ""https://m.irgo.co.kr/IR-COMP/032620"", ""http"": ""200"", ""has2024"": ""True""}, {""source"": ""STOCKREPORT"", ""url"": ""https://stockreport.kr/stocks/032620"", ""http"": ""200"", ""has2024"": ""False""}]"
033100::2024,033100,제룡전기,NO_REVIEWED_MAPPING_RECORD,False,1,"{""OE"": [""마진""]}",[],"[{""source"": ""ALPHASQUARE"", ""url"": ""https://alphasquare.co.kr/home/stock-issue?code=033100&type=report"", ""http"": ""200"", ""has2024"": ""False""}, {""source"": ""IRGO"", ""url"": ""https://m.irgo.co.kr/IR-COMP/033100"", ""http"": ""200"", ""has2024"": ""True""}, {""source"": ""STOCKREPORT"", ""url"": ""https://stockreport.kr/stocks/033100"", ""http"": ""200"", ""has2024"": ""False""}]"
033540::2024,033540,파라텍,NO_REVIEWED_MAPPING_RECORD,False,1,"{""WC"": [""채권""]}",[],"[{""source"": ""ALPHASQUARE"", ""url"": ""https://alphasquare.co.kr/home/stock-issue?code=033540&type=report"", ""http"": ""200"", ""has2024"": ""False""}, {""source"": ""IRGO"", ""url"": ""https://m.irgo.co.kr/IR-COMP/033540"", ""http"": ""200"", ""has2024"": ""True""}, {""source"": ""STOCKREPORT"", ""url"": ""https://stockreport.kr/stocks/033540"", ""http"": ""404"", ""has2024"": ""False""}]"
036630::2024,036630,세종텔레콤,NO_REVIEWED_MAPPING_RECORD,False,1,"{""RF"": [""만기""]}",[],"[{""source"": ""ALPHASQUARE"", ""url"": ""https://alphasquare.co.kr/home/stock-issue?code=036630&type=report"", ""http"": ""200"", ""has2024"": ""False""}, {""source"": ""IRGO"", ""url"": ""https://m.irgo.co.kr/IR-COMP/036630"", ""http"": ""200"", ""has2024"": ""True""}, {""source"": ""STOCKREPORT"", ""url"": ""https://stockreport.kr/stocks/036630"", ""http"": ""200"", ""has2024"": ""False""}]"
037030::2024,037030,파워넷,NO_REVIEWED_MAPPING_RECORD,False,1,"{""RF"": [""만기""]}",[],"[{""source"": ""ALPHASQUARE"", ""url"": ""https://alphasquare.co.kr/home/stock-issue?code=037030&type=report"", ""http"": ""200"", ""has2024"": ""False""}, {""source"": ""IRGO"", ""url"": ""https://m.irgo.co.kr/IR-COMP/037030"", ""http"": ""200"", ""has2024"": ""True""}, {""source"": ""STOCKREPORT"", ""url"": ""https://stockreport.kr/stocks/037030"", ""http"": ""200"", ""has2024"": ""False""}]"
040160::2024,040160,누리플렉스,NO_REVIEWED_MAPPING_RECORD,False,1,"{""RF"": [""만기""]}",[],"[{""source"": ""ALPHASQUARE"", ""url"": ""https://alphasquare.co.kr/home/stock-issue?code=040160&type=report"", ""http"": ""200"", ""has2024"": ""False""}, {""source"": ""IRGO"", ""url"": ""https://m.irgo.co.kr/IR-COMP/040160"", ""http"": ""200"", ""has2024"": ""True""}, {""source"": ""STOCKREPORT"", ""url"": ""https://stockreport.kr/stocks/040160"", ""http"": ""404"", ""has2024"": ""False""}]"
043910::2024,043910,자연과환경,NO_REVIEWED_MAPPING_RECORD,False,1,"{""RF"": [""만기""]}",[],"[{""source"": ""ALPHASQUARE"", ""url"": ""https://alphasquare.co.kr/home/stock-issue?code=043910&type=report"", ""http"": ""200"", ""has2024"": ""False""}, {""source"": ""IRGO"", ""url"": ""https://m.irgo.co.kr/IR-COMP/043910"", ""http"": ""200"", ""has2024"": ""True""}, {""source"": ""STOCKREPORT"", ""url"": ""https://stockreport.kr/stocks/043910"", ""http"": ""200"", ""has2024"": ""False""}]"
044340::2024,044340,위닉스,NO_REVIEWED_MAPPING_RECORD,False,1,"{""RF"": [""만기""]}",[],"[{""source"": ""ALPHASQUARE"", ""url"": ""https://alphasquare.co.kr/home/stock-issue?code=044340&type=report"", ""http"": ""200"", ""has2024"": ""False""}, {""source"": ""IRGO"", ""url"": ""https://m.irgo.co.kr/IR-COMP/044340"", ""http"": ""200"", ""has2024"": ""True""}, {""source"": ""STOCKREPORT"", ""url"": ""https://stockreport.kr/stocks/044340"", ""http"": ""404"", ""has2024"": ""False""}]"
053060::2024,053060,세동,NO_REVIEWED_MAPPING_RECORD,False,1,"{""WC"": [""채권""]}",[],"[{""source"": ""ALPHASQUARE"", ""url"": ""https://alphasquare.co.kr/home/stock-issue?code=053060&type=report"", ""http"": ""200"", ""has2024"": ""False""}, {""source"": ""IRGO"", ""url"": ""https://m.irgo.co.kr/IR-COMP/053060"", ""http"": ""200"", ""has2024"": ""True""}, {""source"": ""STOCKREPORT"", ""url"": ""https://stockreport.kr/stocks/053060"", ""http"": ""404"", ""has2024"": ""False""}]"
060310::2024,060310,3S,NO_REVIEWED_MAPPING_RECORD,False,1,"{""WC"": [""채권""]}",[],"[{""source"": ""ALPHASQUARE"", ""url"": ""https://alphasquare.co.kr/home/stock-issue?code=060310&type=report"", ""http"": ""200"", ""has2024"": ""False""}, {""source"": ""IRGO"", ""url"": ""https://m.irgo.co.kr/IR-COMP/060310"", ""http"": ""200"", ""has2024"": ""True""}, {""source"": ""STOCKREPORT"", ""url"": ""https://stockreport.kr/stocks/060310"", ""http"": ""404"", ""has2024"": ""False""}]"
063080::2024,063080,컴투스홀딩스,NO_REVIEWED_MAPPING_RECORD,False,1,"{""RF"": [""만기""]}",[],"[{""source"": ""ALPHASQUARE"", ""url"": ""https://alphasquare.co.kr/home/stock-issue?code=063080&type=report"", ""http"": ""200"", ""has2024"": ""False""}, {""source"": ""IRGO"", ""url"": ""https://m.irgo.co.kr/IR-COMP/063080"", ""http"": ""200"", ""has2024"": ""True""}, {""source"": ""STOCKREPORT"", ""url"": ""https://stockreport.kr/stocks/063080"", ""http"": ""200"", ""has2024"": ""False""}]"
078140::2024,078140,대봉엘에스,NO_REVIEWED_MAPPING_RECORD,False,1,"{""WC"": [""채권""]}",[],"[{""source"": ""ALPHASQUARE"", ""url"": ""https://alphasquare.co.kr/home/stock-issue?code=078140&type=report"", ""http"": ""200"", ""has2024"": ""False""}, {""source"": ""IRGO"", ""url"": ""https://m.irgo.co.kr/IR-COMP/078140"", ""http"": ""200"", ""has2024"": ""True""}, {""source"": ""STOCKREPORT"", ""url"": ""https://stockreport.kr/stocks/078140"", ""http"": ""200"", ""has2024"": ""False""}]"
080520::2024,080520,오디텍,NO_REVIEWED_MAPPING_RECORD,False,1,"{""RF"": [""만기""]}",[],"[{""source"": ""ALPHASQUARE"", ""url"": ""https://alphasquare.co.kr/home/stock-issue?code=080520&type=report"", ""http"": ""200"", ""has2024"": ""False""}, {""source"": ""IRGO"", ""url"": ""https://m.irgo.co.kr/IR-COMP/080520"", ""http"": ""200"", ""has2024"": ""True""}, {""source"": ""STOCKREPORT"", ""url"": ""https://stockreport.kr/stocks/080520"", ""http"": ""200"", ""has2024"": ""False""}]"
090150::2024,090150,아이윈,NO_REVIEWED_MAPPING_RECORD,False,1,"{""RF"": [""만기""]}",[],"[{""source"": ""ALPHASQUARE"", ""url"": ""https://alphasquare.co.kr/home/stock-issue?code=090150&type=report"", ""http"": ""200"", ""has2024"": ""False""}, {""source"": ""IRGO"", ""url"": ""https://m.irgo.co.kr/IR-COMP/090150"", ""http"": ""200"", ""has2024"": ""True""}, {""source"": ""STOCKREPORT"", ""url"": ""https://stockreport.kr/stocks/090150"", ""http"": ""404"", ""has2024"": ""False""}]"
092870::2024,092870,엑시콘,NO_REVIEWED_MAPPING_RECORD,False,1,"{""CX"": [""투자 축소""]}","[{""text"": ""엑시콘 부진의 지평선을 넘어"", ""href"": ""https://stockreport.kr/reports/stock/7987"", ""hits"": {""CX"": [""투자 축소""]}, ""context"": ""엑시콘 부진의 지평선을 넘어 유안타증권 2025-01-21 엑시콘 부진의 지평선을 넘어 ## 투자의견 및 목표주가 - 투자의견: 없음 - 목표주가: 30,000 ## 핵심 투자 포인트 1. 부진했던 2024년 - 2024년은 동사의 주요 고객사의 신규 투자 축소 등으로 인해 실적이 둔화되었으며, 신규 장비 개발을 위한 R... 발행 당시 목표가 미제시 읽기 →""}]","[{""source"": ""ALPHASQUARE"", ""url"": ""https://alphasquare.co.kr/home/stock-issue?code=092870&type=report"", ""http"": ""200"", ""has2024"": ""False""}, {""source"": ""IRGO"", ""url"": ""https://m.irgo.co.kr/IR-COMP/092870"", ""http"": ""200"", ""has2024"": ""True""}, {""source"": ""STOCKREPORT"", ""url"": ""https://stockreport.kr/stocks/092870"", ""http"": ""200"", ""has2024"": ""True""}]"
099520::2024,099520,ITX-AI→디지아이티엑스,NO_REVIEWED_MAPPING_RECORD,False,1,"{""WC"": [""채권""]}",[],"[{""source"": ""ALPHASQUARE"", ""url"": ""https://alphasquare.co.kr/home/stock-issue?code=099520&type=report"", ""http"": ""200"", ""has2024"": ""False""}, {""source"": ""IRGO"", ""url"": ""https://m.irgo.co.kr/IR-COMP/099520"", ""http"": ""200"", ""has2024"": ""True""}, {""source"": ""STOCKREPORT"", ""url"": ""https://stockreport.kr/stocks/099520"", ""http"": ""404"", ""has2024"": ""False""}]"
101670::2024,101670,하이드로리튬,NO_REVIEWED_MAPPING_RECORD,False,1,"{""WC"": [""채권""]}",[],"[{""source"": ""ALPHASQUARE"", ""url"": ""https://alphasquare.co.kr/home/stock-issue?code=101670&type=report"", ""http"": ""200"", ""has2024"": ""False""}, {""source"": ""IRGO"", ""url"": ""https://m.irgo.co.kr/IR-COMP/101670"", ""http"": ""200"", ""has2024"": ""True""}, {""source"": ""STOCKREPORT"", ""url"": ""https://stockreport.kr/stocks/101670"", ""http"": ""200"", ""has2024"": ""False""}]"
102710::2024,102710,이엔에프테크놀로지,NO_REVIEWED_MAPPING_RECORD,False,1,"{""OE"": [""수익성""]}",[],"[{""source"": ""ALPHASQUARE"", ""url"": ""https://alphasquare.co.kr/home/stock-issue?code=102710&type=report"", ""http"": ""200"", ""has2024"": ""False""}, {""source"": ""IRGO"", ""url"": ""https://m.irgo.co.kr/IR-COMP/102710"", ""http"": ""200"", ""has2024"": ""True""}, {""source"": ""STOCKREPORT"", ""url"": ""https://stockreport.kr/stocks/102710"", ""http"": ""200"", ""has2024"": ""False""}]"
124500::2024,124500,아이티센글로벌,NO_REVIEWED_MAPPING_RECORD,False,1,"{""RF"": [""만기""]}",[],"[{""source"": ""ALPHASQUARE"", ""url"": ""https://alphasquare.co.kr/home/stock-issue?code=124500&type=report"", ""http"": ""200"", ""has2024"": ""False""}, {""source"": ""IRGO"", ""url"": ""https://m.irgo.co.kr/IR-COMP/124500"", ""http"": ""200"", ""has2024"": ""True""}, {""source"": ""STOCKREPORT"", ""url"": ""https://stockreport.kr/stocks/124500"", ""http"": ""200"", ""has2024"": ""False""}]"
124560::2024,124560,태웅로직스,NO_REVIEWED_MAPPING_RECORD,False,1,"{""DL"": [""상환""]}",[],"[{""source"": ""ALPHASQUARE"", ""url"": ""https://alphasquare.co.kr/home/stock-issue?code=124560&type=report"", ""http"": ""200"", ""has2024"": ""False""}, {""source"": ""IRGO"", ""url"": ""https://m.irgo.co.kr/IR-COMP/124560"", ""http"": ""200"", ""has2024"": ""True""}, {""source"": ""STOCKREPORT"", ""url"": ""https://stockreport.kr/stocks/124560"", ""http"": ""200"", ""has2024"": ""False""}]"
128820::2024,128820,대성산업,NO_REVIEWED_MAPPING_RECORD,False,1,"{""RF"": [""만기""]}",[],"[{""source"": ""ALPHASQUARE"", ""url"": ""https://alphasquare.co.kr/home/stock-issue?code=128820&type=report"", ""http"": ""200"", ""has2024"": ""False""}, {""source"": ""IRGO"", ""url"": ""https://m.irgo.co.kr/IR-COMP/128820"", ""http"": ""200"", ""has2024"": ""True""}, {""source"": ""STOCKREPORT"", ""url"": ""https://stockreport.kr/stocks/128820"", ""http"": ""404"", ""has2024"": ""False""}]"
131400::2024,131400,이브이첨단소재,NO_REVIEWED_MAPPING_RECORD,False,1,"{""WC"": [""채권""]}",[],"[{""source"": ""ALPHASQUARE"", ""url"": ""https://alphasquare.co.kr/home/stock-issue?code=131400&type=report"", ""http"": ""200"", ""has2024"": ""False""}, {""source"": ""IRGO"", ""url"": ""https://m.irgo.co.kr/IR-COMP/131400"", ""http"": ""200"", ""has2024"": ""True""}, {""source"": ""STOCKREPORT"", ""url"": ""https://stockreport.kr/stocks/131400"", ""http"": ""404"", ""has2024"": ""False""}]"
140070::2024,140070,서플러스글로벌,NO_REVIEWED_MAPPING_RECORD,False,1,"{""WC"": [""채권""]}",[],"[{""source"": ""ALPHASQUARE"", ""url"": ""https://alphasquare.co.kr/home/stock-issue?code=140070&type=report"", ""http"": ""200"", ""has2024"": ""False""}, {""source"": ""IRGO"", ""url"": ""https://m.irgo.co.kr/IR-COMP/140070"", ""http"": ""200"", ""has2024"": ""True""}, {""source"": ""STOCKREPORT"", ""url"": ""https://stockreport.kr/stocks/140070"", ""http"": ""200"", ""has2024"": ""False""}]"
162120::2024,162120,루켄테크놀러지스,NO_REVIEWED_MAPPING_RECORD,False,1,"{""WC"": [""채권""]}",[],"[{""source"": ""ALPHASQUARE"", ""url"": ""https://alphasquare.co.kr/home/stock-issue?code=162120&type=report"", ""http"": ""200"", ""has2024"": ""False""}, {""source"": ""IRGO"", ""url"": ""https://m.irgo.co.kr/IR-COMP/162120"", ""http"": ""200"", ""has2024"": ""True""}, {""source"": ""STOCKREPORT"", ""url"": ""https://stockreport.kr/stocks/162120"", ""http"": ""200"", ""has2024"": ""True""}]"
170030::2024,170030,현대공업,NO_REVIEWED_MAPPING_RECORD,False,1,"{""WC"": [""채권""]}",[],"[{""source"": ""ALPHASQUARE"", ""url"": ""https://alphasquare.co.kr/home/stock-issue?code=170030&type=report"", ""http"": ""200"", ""has2024"": ""False""}, {""source"": ""IRGO"", ""url"": ""https://m.irgo.co.kr/IR-COMP/170030"", ""http"": ""200"", ""has2024"": ""True""}, {""source"": ""STOCKREPORT"", ""url"": ""https://stockreport.kr/stocks/170030"", ""http"": ""200"", ""has2024"": ""False""}]"
192410::2024,192410,오늘이엔엠,NO_REVIEWED_MAPPING_RECORD,False,1,"{""RF"": [""만기""]}",[],"[{""source"": ""ALPHASQUARE"", ""url"": ""https://alphasquare.co.kr/home/stock-issue?code=192410&type=report"", ""http"": ""200"", ""has2024"": ""False""}, {""source"": ""IRGO"", ""url"": ""https://m.irgo.co.kr/IR-COMP/192410"", ""http"": ""200"", ""has2024"": ""True""}, {""source"": ""STOCKREPORT"", ""url"": ""https://stockreport.kr/stocks/192410"", ""http"": ""200"", ""has2024"": ""False""}]"
200350::2024,200350,아티스트스튜디오,NO_REVIEWED_MAPPING_RECORD,False,1,"{""OE"": [""수익성""]}",[],"[{""source"": ""ALPHASQUARE"", ""url"": ""https://alphasquare.co.kr/home/stock-issue?code=200350&type=report"", ""http"": ""200"", ""has2024"": ""False""}, {""source"": ""IRGO"", ""url"": ""https://m.irgo.co.kr/IR-COMP/200350"", ""http"": ""200"", ""has2024"": ""True""}, {""source"": ""STOCKREPORT"", ""url"": ""https://stockreport.kr/stocks/200350"", ""http"": ""404"", ""has2024"": ""False""}]"
203650::2024,203650,드림시큐리티,NO_REVIEWED_MAPPING_RECORD,False,1,"{""RF"": [""만기""]}",[],"[{""source"": ""ALPHASQUARE"", ""url"": ""https://alphasquare.co.kr/home/stock-issue?code=203650&type=report"", ""http"": ""200"", ""has2024"": ""False""}, {""source"": ""IRGO"", ""url"": ""https://m.irgo.co.kr/IR-COMP/203650"", ""http"": ""200"", ""has2024"": ""True""}, {""source"": ""STOCKREPORT"", ""url"": ""https://stockreport.kr/stocks/203650"", ""http"": ""404"", ""has2024"": ""False""}]"
210980::2024,210980,SK디앤디,NO_REVIEWED_MAPPING_RECORD,False,1,"{""DL"": [""재무구조""]}",[],"[{""source"": ""ALPHASQUARE"", ""url"": ""https://alphasquare.co.kr/home/stock-issue?code=210980&type=report"", ""http"": ""200"", ""has2024"": ""False""}, {""source"": ""IRGO"", ""url"": ""https://m.irgo.co.kr/IR-COMP/210980"", ""http"": ""200"", ""has2024"": ""True""}, {""source"": ""STOCKREPORT"", ""url"": ""https://stockreport.kr/stocks/210980"", ""http"": ""404"", ""has2024"": ""False""}]"
215600::2024,215600,신라젠,NO_REVIEWED_MAPPING_RECORD,False,1,"{""WC"": [""채권""]}",[],"[{""source"": ""ALPHASQUARE"", ""url"": ""https://alphasquare.co.kr/home/stock-issue?code=215600&type=report"", ""http"": ""200"", ""has2024"": ""False""}, {""source"": ""IRGO"", ""url"": ""https://m.irgo.co.kr/IR-COMP/215600"", ""http"": ""200"", ""has2024"": ""True""}, {""source"": ""STOCKREPORT"", ""url"": ""https://stockreport.kr/stocks/215600"", ""http"": ""404"", ""has2024"": ""False""}]"
217500::2024,217500,러셀,NO_REVIEWED_MAPPING_RECORD,False,1,"{""RF"": [""만기""]}",[],"[{""source"": ""ALPHASQUARE"", ""url"": ""https://alphasquare.co.kr/home/stock-issue?code=217500&type=report"", ""http"": ""200"", ""has2024"": ""False""}, {""source"": ""IRGO"", ""url"": ""https://m.irgo.co.kr/IR-COMP/217500"", ""http"": ""200"", ""has2024"": ""True""}, {""source"": ""STOCKREPORT"", ""url"": ""https://stockreport.kr/stocks/217500"", ""http"": ""404"", ""has2024"": ""False""}]"
218150::2024,218150,미래생명자원,NO_REVIEWED_MAPPING_RECORD,False,1,"{""RF"": [""만기""]}",[],"[{""source"": ""ALPHASQUARE"", ""url"": ""https://alphasquare.co.kr/home/stock-issue?code=218150&type=report"", ""http"": ""200"", ""has2024"": ""False""}, {""source"": ""IRGO"", ""url"": ""https://m.irgo.co.kr/IR-COMP/218150"", ""http"": ""200"", ""has2024"": ""True""}, {""source"": ""STOCKREPORT"", ""url"": ""https://stockreport.kr/stocks/218150"", ""http"": ""200"", ""has2024"": ""False""}]"
221840::2024,221840,하이즈항공,NO_REPORT_FOUND_AFTER_PASS1,False,1,"{""RF"": [""만기""]}",[],"[{""source"": ""ALPHASQUARE"", ""url"": ""https://alphasquare.co.kr/home/stock-issue?code=221840&type=report"", ""http"": ""200"", ""has2024"": ""False""}, {""source"": ""IRGO"", ""url"": ""https://m.irgo.co.kr/IR-COMP/221840"", ""http"": ""200"", ""has2024"": ""True""}, {""source"": ""STOCKREPORT"", ""url"": ""https://stockreport.kr/stocks/221840"", ""http"": ""200"", ""has2024"": ""False""}]"
234100::2024,234100,폴라리스세원,NO_REPORT_FOUND_AFTER_PASS1,False,1,"{""RF"": [""만기""]}",[],"[{""source"": ""ALPHASQUARE"", ""url"": ""https://alphasquare.co.kr/home/stock-issue?code=234100&type=report"", ""http"": ""200"", ""has2024"": ""False""}, {""source"": ""IRGO"", ""url"": ""https://m.irgo.co.kr/IR-COMP/234100"", ""http"": ""200"", ""has2024"": ""True""}, {""source"": ""STOCKREPORT"", ""url"": ""https://stockreport.kr/stocks/234100"", ""http"": ""404"", ""has2024"": ""False""}]"
241770::2024,241770,메카로,NO_REPORT_FOUND_AFTER_PASS1,False,1,"{""OE"": [""수익성""]}",[],"[{""source"": ""ALPHASQUARE"", ""url"": ""https://alphasquare.co.kr/home/stock-issue?code=241770&type=report"", ""http"": ""200"", ""has2024"": ""False""}, {""source"": ""IRGO"", ""url"": ""https://m.irgo.co.kr/IR-COMP/241770"", ""http"": ""200"", ""has2024"": ""True""}, {""source"": ""STOCKREPORT"", ""url"": ""https://stockreport.kr/stocks/241770"", ""http"": ""200"", ""has2024"": ""False""}]"
244920::2024,244920,에이플러스에셋어드바이저,NO_REVIEWED_MAPPING_RECORD,False,1,"{""OE"": [""수익성""]}",[],"[{""source"": ""ALPHASQUARE"", ""url"": ""https://alphasquare.co.kr/home/stock-issue?code=244920&type=report"", ""http"": ""200"", ""has2024"": ""False""}, {""source"": ""IRGO"", ""url"": ""https://m.irgo.co.kr/IR-COMP/244920"", ""http"": ""200"", ""has2024"": ""True""}, {""source"": ""STOCKREPORT"", ""url"": ""https://stockreport.kr/stocks/244920"", ""http"": ""200"", ""has2024"": ""False""}]"
253590::2024,253590,네오셈,NO_REVIEWED_MAPPING_RECORD,False,1,"{""WC"": [""채권""]}",[],"[{""source"": ""ALPHASQUARE"", ""url"": ""https://alphasquare.co.kr/home/stock-issue?code=253590&type=report"", ""http"": ""200"", ""has2024"": ""False""}, {""source"": ""IRGO"", ""url"": ""https://m.irgo.co.kr/IR-COMP/253590"", ""http"": ""200"", ""has2024"": ""True""}, {""source"": ""STOCKREPORT"", ""url"": ""https://stockreport.kr/stocks/253590"", ""http"": ""200"", ""has2024"": ""False""}]"
255440::2024,255440,야스,NO_REVIEWED_MAPPING_RECORD,False,1,"{""OE"": [""고정비""]}","[{""text"": ""야스 2026년 8.6세대 장비 수주가 필수적"", ""href"": ""https://stockreport.kr/reports/stock/9234"", ""hits"": {""OE"": [""고정비""]}, ""context"": ""야스 2026년 8.6세대 장비 수주가 필수적 한국IR협의회 2025-12-05 야스 2026년 8.6세대 장비 수주가 필수적 2025년에는 고객사 투자 공백으로 실적 부진이 지속될 것으로 예상되며 매출액은 254억원(-11.2% YoY), 영업적자 113억원(적자지속 YoY)로 전망된다. 2024년 실적도 부진했고 고정비 부담 확대에 따라 영업이익률은 -44.... 발행 당시 목표가 미제시 읽기 →""}]","[{""source"": ""ALPHASQUARE"", ""url"": ""https://alphasquare.co.kr/home/stock-issue?code=255440&type=report"", ""http"": ""200"", ""has2024"": ""False""}, {""source"": ""IRGO"", ""url"": ""https://m.irgo.co.kr/IR-COMP/255440"", ""http"": ""200"", ""has2024"": ""True""}, {""source"": ""STOCKREPORT"", ""url"": ""https://stockreport.kr/stocks/255440"", ""http"": ""200"", ""has2024"": ""True""}]"
271830::2024,271830,팸텍,NO_REPORT_FOUND_AFTER_PASS1,False,1,"{""WC"": [""채권""]}",[],"[{""source"": ""ALPHASQUARE"", ""url"": ""https://alphasquare.co.kr/home/stock-issue?code=271830&type=report"", ""http"": ""200"", ""has2024"": ""False""}, {""source"": ""IRGO"", ""url"": ""https://m.irgo.co.kr/IR-COMP/271830"", ""http"": ""200"", ""has2024"": ""True""}, {""source"": ""STOCKREPORT"", ""url"": ""https://stockreport.kr/stocks/271830"", ""http"": ""404"", ""has2024"": ""False""}]"
299900::2024,299900,위지윅스튜디오,NO_REPORT_FOUND_AFTER_PASS1,False,1,"{""WC"": [""채권""]}",[],"[{""source"": ""ALPHASQUARE"", ""url"": ""https://alphasquare.co.kr/home/stock-issue?code=299900&type=report"", ""http"": ""200"", ""has2024"": ""False""}, {""source"": ""IRGO"", ""url"": ""https://m.irgo.co.kr/IR-COMP/299900"", ""http"": ""200"", ""has2024"": ""True""}, {""source"": ""STOCKREPORT"", ""url"": ""https://stockreport.kr/stocks/299900"", ""http"": ""404"", ""has2024"": ""False""}]"
307280::2024,307280,원바이오젠,NO_REPORT_FOUND_AFTER_PASS1,False,1,"{""RF"": [""만기""]}",[],"[{""source"": ""ALPHASQUARE"", ""url"": ""https://alphasquare.co.kr/home/stock-issue?code=307280&type=report"", ""http"": ""200"", ""has2024"": ""False""}, {""source"": ""IRGO"", ""url"": ""https://m.irgo.co.kr/IR-COMP/307280"", ""http"": ""200"", ""has2024"": ""True""}, {""source"": ""STOCKREPORT"", ""url"": ""https://stockreport.kr/stocks/307280"", ""http"": ""404"", ""has2024"": ""False""}]"
308170::2024,308170,CTR모빌리티,NO_REPORT_FOUND_AFTER_PASS1,False,1,"{""WC"": [""채권""]}",[],"[{""source"": ""ALPHASQUARE"", ""url"": ""https://alphasquare.co.kr/home/stock-issue?code=308170&type=report"", ""http"": ""200"", ""has2024"": ""False""}, {""source"": ""IRGO"", ""url"": ""https://m.irgo.co.kr/IR-COMP/308170"", ""http"": ""200"", ""has2024"": ""True""}, {""source"": ""STOCKREPORT"", ""url"": ""https://stockreport.kr/stocks/308170"", ""http"": ""200"", ""has2024"": ""False""}]"
317240::2024,317240,TS트릴리온,NO_REPORT_FOUND_AFTER_PASS1,False,1,"{""WC"": [""채권""]}",[],"[{""source"": ""ALPHASQUARE"", ""url"": ""https://alphasquare.co.kr/home/stock-issue?code=317240&type=report"", ""http"": ""200"", ""has2024"": ""False""}, {""source"": ""IRGO"", ""url"": ""https://m.irgo.co.kr/IR-COMP/317240"", ""http"": ""200"", ""has2024"": ""True""}, {""source"": ""STOCKREPORT"", ""url"": ""https://stockreport.kr/stocks/317240"", ""http"": ""404"", ""has2024"": ""False""}]"
317770::2024,317770,엑스페릭스,NO_REPORT_FOUND_AFTER_PASS1,False,1,"{""RF"": [""만기""]}",[],"[{""source"": ""ALPHASQUARE"", ""url"": ""https://alphasquare.co.kr/home/stock-issue?code=317770&type=report"", ""http"": ""200"", ""has2024"": ""False""}, {""source"": ""IRGO"", ""url"": ""https://m.irgo.co.kr/IR-COMP/317770"", ""http"": ""200"", ""has2024"": ""True""}, {""source"": ""STOCKREPORT"", ""url"": ""https://stockreport.kr/stocks/317770"", ""http"": ""200"", ""has2024"": ""False""}]"
318160::2024,318160,셀바이오휴먼텍,NO_REPORT_FOUND_AFTER_PASS1,False,1,"{""OE"": [""마진""]}",[],"[{""source"": ""ALPHASQUARE"", ""url"": ""https://alphasquare.co.kr/home/stock-issue?code=318160&type=report"", ""http"": ""200"", ""has2024"": ""False""}, {""source"": ""IRGO"", ""url"": ""https://m.irgo.co.kr/IR-COMP/318160"", ""http"": ""200"", ""has2024"": ""True""}, {""source"": ""STOCKREPORT"", ""url"": ""https://stockreport.kr/stocks/318160"", ""http"": ""200"", ""has2024"": ""False""}]"
347000::2024,347000,센코,NO_REPORT_FOUND_AFTER_PASS1,False,1,"{""DL"": [""상환""]}",[],"[{""source"": ""ALPHASQUARE"", ""url"": ""https://alphasquare.co.kr/home/stock-issue?code=347000&type=report"", ""http"": ""200"", ""has2024"": ""False""}, {""source"": ""IRGO"", ""url"": ""https://m.irgo.co.kr/IR-COMP/347000"", ""http"": ""200"", ""has2024"": ""True""}, {""source"": ""STOCKREPORT"", ""url"": ""https://stockreport.kr/stocks/347000"", ""http"": ""200"", ""has2024"": ""False""}]"
406820::2024,406820,뷰티스킨,NO_REPORT_FOUND_AFTER_PASS1,False,1,"{""WC"": [""채권""]}",[],"[{""source"": ""ALPHASQUARE"", ""url"": ""https://alphasquare.co.kr/home/stock-issue?code=406820&type=report"", ""http"": ""200"", ""has2024"": ""False""}, {""source"": ""IRGO"", ""url"": ""https://m.irgo.co.kr/IR-COMP/406820"", ""http"": ""200"", ""has2024"": ""True""}, {""source"": ""STOCKREPORT"", ""url"": ""https://stockreport.kr/stocks/406820"", ""http"": ""404"", ""has2024"": ""False""}]"
