firm_key,stock_code,firm_name,date,human_expert_hint,canonical_keyword_hits,context,irgo_url
004430::2024,004430,송원산업,2024-12-04,True,,"리포트 N/R 꾸준함의 힘 키움증권 김학준,조재원 I 2024-12-04 매수 바닥에 가깝다. 상상인증권 백영찬,김진범 I 2023-10-11",https://m.irgo.co.kr/IR-COMP/004430
005430::2024,005430,한국공항,2024-02-14,False,,영업실적 해당기업 IR팀 I 2025-05-15 N/R 2024년 4분기 영업실적 해당기업 IR팀 I 2025-03-19 N/R 2024년 3분기 영업실적 해당기업 IR팀 I 2024-11-15 N/R 한국 공항 파이 확장 메리츠증권 오정하 I 2024-08-13 N/R 2024년 2분기 영업실적 해당기업 IR팀 I 2024-08-12 N/R 2024년 1분기 영업실적 해당기업 IR팀 I 2024-05-30 N/R 2023년 4분기 영업실적 해당기업 IR팀 I 2024-02-14 N/R 지상조업사는 처음이지? 이베스트투자증권 나민식 I 2022-05,https://m.irgo.co.kr/IR-COMP/005430
005430::2024,005430,한국공항,2024-05-30,False,,영업실적 해당기업 IR팀 I 2025-08-14 N/R 2025년 1분기 영업실적 해당기업 IR팀 I 2025-05-15 N/R 2024년 4분기 영업실적 해당기업 IR팀 I 2025-03-19 N/R 2024년 3분기 영업실적 해당기업 IR팀 I 2024-11-15 N/R 한국 공항 파이 확장 메리츠증권 오정하 I 2024-08-13 N/R 2024년 2분기 영업실적 해당기업 IR팀 I 2024-08-12 N/R 2024년 1분기 영업실적 해당기업 IR팀 I 2024-05-30 N/R 2023년 4분기 영업실적 해당기업 IR팀 I 2024-02-1,https://m.irgo.co.kr/IR-COMP/005430
005430::2024,005430,한국공항,2024-08-12,False,,도 기대 하나증권 안도현 I 2025-09-03 N/R 2025년 2분기 영업실적 해당기업 IR팀 I 2025-08-14 N/R 2025년 1분기 영업실적 해당기업 IR팀 I 2025-05-15 N/R 2024년 4분기 영업실적 해당기업 IR팀 I 2025-03-19 N/R 2024년 3분기 영업실적 해당기업 IR팀 I 2024-11-15 N/R 한국 공항 파이 확장 메리츠증권 오정하 I 2024-08-13 N/R 2024년 2분기 영업실적 해당기업 IR팀 I 2024-08-12 N/R 2024년 1분기 영업실적 해당기업 IR팀 I 2024-05-3,https://m.irgo.co.kr/IR-COMP/005430
005430::2024,005430,한국공항,2024-08-13,False,,"I 2025-11-14 N/R 항공기 지상조업 국내 MS 1위, 통합 효과도 기대 하나증권 안도현 I 2025-09-03 N/R 2025년 2분기 영업실적 해당기업 IR팀 I 2025-08-14 N/R 2025년 1분기 영업실적 해당기업 IR팀 I 2025-05-15 N/R 2024년 4분기 영업실적 해당기업 IR팀 I 2025-03-19 N/R 2024년 3분기 영업실적 해당기업 IR팀 I 2024-11-15 N/R 한국 공항 파이 확장 메리츠증권 오정하 I 2024-08-13 N/R 2024년 2분기 영업실적 해당기업 IR팀 I 2024-08-1",https://m.irgo.co.kr/IR-COMP/005430
005430::2024,005430,한국공항,2024-11-15,False,,"2026-02-26 N/R 2025년 3분기 영업실적 해당기업 IR팀 I 2025-11-14 N/R 항공기 지상조업 국내 MS 1위, 통합 효과도 기대 하나증권 안도현 I 2025-09-03 N/R 2025년 2분기 영업실적 해당기업 IR팀 I 2025-08-14 N/R 2025년 1분기 영업실적 해당기업 IR팀 I 2025-05-15 N/R 2024년 4분기 영업실적 해당기업 IR팀 I 2025-03-19 N/R 2024년 3분기 영업실적 해당기업 IR팀 I 2024-11-15 N/R 한국 공항 파이 확장 메리츠증권 오정하 I 2024-08-13",https://m.irgo.co.kr/IR-COMP/005430
005960::2024,005960,동부건설,2024-05-28,True,원가,"2026-02-23 N/R 관급 공사에 관록 있는 회사 신영증권 박세라,권혁 I 2026-02-10 N/R 가파를 실적 회복, 관심이 필요하다 신한투자증권 김선미,김영서 I 2025-09-18 매수 1Q25 Review: 수익성과 현금흐름 개선 다올투자증권 박영도 I 2025-05-26 N/R 3Q24 Review: 수익성 부진 지속 다올투자증권 박영도,이상호 I 2024-11-25 N/R 1Q24 Review: 원가 상승 반영 다올투자증권 박영도,이상호 I 2024-05-28 매수 높은 공공 비중으로 안정성 기대 다올투자증권 박영도,김혜영 I 2",https://m.irgo.co.kr/IR-COMP/005960
005960::2024,005960,동부건설,2024-11-25,True,원가,"신영증권 박세라 I 2026-09-08 N/R (탐방노트) 반갑다, 좋아보이네 신영증권 박세라 I 2026-02-23 N/R 관급 공사에 관록 있는 회사 신영증권 박세라,권혁 I 2026-02-10 N/R 가파를 실적 회복, 관심이 필요하다 신한투자증권 김선미,김영서 I 2025-09-18 매수 1Q25 Review: 수익성과 현금흐름 개선 다올투자증권 박영도 I 2025-05-26 N/R 3Q24 Review: 수익성 부진 지속 다올투자증권 박영도,이상호 I 2024-11-25 N/R 1Q24 Review: 원가 상승 반영 다올투자증권 박영도,이상",https://m.irgo.co.kr/IR-COMP/005960
013700::2024,013700,까뮤이앤씨,2024-02-14,True,,리포트 N/R 현금흐름이 개선된다면 IBK투자증권 조정현 I 2024-02-14 N/R 전방산업 호조 및 규제 완화로 최대실적 갱신할 전망! 하나대투증,https://m.irgo.co.kr/IR-COMP/013700
015230::2024,015230,대창단조,2024-08-26,False,,"리포트 N/R 회사소개 및 주요 경영현황 해당기업 IR팀 I 2024-08-26 매수 도약을 위한 숨고르기 중 현대차증권 곽민정,김유진 I 2023-0",https://m.irgo.co.kr/IR-COMP/015230
016740::2024,016740,두올,2024-05-31,True,,"리포트 N/R 자기주식 소각을 통한 주주가치 제고 하나증권 송선재,강민아 I 2024-05-31 N/R 편안함에 더해질 모멘텀 대신증권 김귀연 I 2023-12-21",https://m.irgo.co.kr/IR-COMP/016740
018310::2024,018310,삼목에스폼,2024-02-27,True,,"리포트 N/R 실적과 자산, 밸류에이션 삼박자가 맞물리며 UP! 신한투자증권 최승환,이병화,백지우,허성규 I 2024-02-27 N/R 확실한 영업 레버리지 이베스트투자증권 김세련 I 2022-03-",https://m.irgo.co.kr/IR-COMP/018310
032620::2024,032620,유비케어,2024-02-19,False,,"I 2025-11-27 유비케어, 비즈니스 현황 및 실적 업데이트 GC메디아이 I 2025-08-28 유비케어, 2025년 1분기 실적 발표 GC메디아이 I 2025-05-21 유비케어, 비즈니스 현황 및 실적 업데이트 GC메디아이 I 2024-11-18 유비케어, 비즈니스 현황 및 실적 업데이트 GC메디아이 I 2024-08-23 유비케어, 2024년 1분기 실적 발표 GC메디아이 I 2024-05-02 유비케어, 2023년 연간 실적 발표 GC메디아이 I 2024-02-19 유비케어, 경영현황에 대한 투자자의 이해 증진 및 2023년 3분기 경",https://m.irgo.co.kr/IR-COMP/032620
032620::2024,032620,유비케어,2024-02-20,False,비용,영현황 해당기업 IR팀 I 2025-08-29 N/R 회사소개 및 주요 사업현황 해당기업 IR팀 I 2025-05-22 N/R 비용이 개선되는 시기 리딩투자증권 유성만 I 2025-04-22 N/R 회사소개 및 주요 사업현황 해당기업 IR팀 I 2024-11-20 N/R 회사소개 및 주요 경영현황 해당기업 IR팀 I 2024-08-26 N/R 회사소개 및 주요 경영현황 해당기업 IR팀 I 2024-05-07 N/R 회사소개 및 주요 경영현황 해당기업 IR팀 I 2024-02-20 N/R 내년부터 본격적으로 개선되는 실적 리딩투자증권 유성만 I 202,https://m.irgo.co.kr/IR-COMP/032620
032620::2024,032620,유비케어,2024-05-02,False,,"I 2026-03-18 유비케어, 2025년 3분기 실적 발표 GC메디아이 I 2025-11-27 유비케어, 비즈니스 현황 및 실적 업데이트 GC메디아이 I 2025-08-28 유비케어, 2025년 1분기 실적 발표 GC메디아이 I 2025-05-21 유비케어, 비즈니스 현황 및 실적 업데이트 GC메디아이 I 2024-11-18 유비케어, 비즈니스 현황 및 실적 업데이트 GC메디아이 I 2024-08-23 유비케어, 2024년 1분기 실적 발표 GC메디아이 I 2024-05-02 유비케어, 2023년 연간 실적 발표 GC메디아이 I 2024-02-1",https://m.irgo.co.kr/IR-COMP/032620
032620::2024,032620,유비케어,2024-05-07,False,비용,영현황 해당기업 IR팀 I 2025-11-27 N/R 회사소개 및 주요 경영현황 해당기업 IR팀 I 2025-08-29 N/R 회사소개 및 주요 사업현황 해당기업 IR팀 I 2025-05-22 N/R 비용이 개선되는 시기 리딩투자증권 유성만 I 2025-04-22 N/R 회사소개 및 주요 사업현황 해당기업 IR팀 I 2024-11-20 N/R 회사소개 및 주요 경영현황 해당기업 IR팀 I 2024-08-26 N/R 회사소개 및 주요 경영현황 해당기업 IR팀 I 2024-05-07 N/R 회사소개 및 주요 경영현황 해당기업 IR팀 I 2024-02-2,https://m.irgo.co.kr/IR-COMP/032620
032620::2024,032620,유비케어,2024-08-23,False,,"I 2026-05-20 유비케어, 사업전략 및 경영현황 설명 GC메디아이 I 2026-03-18 유비케어, 2025년 3분기 실적 발표 GC메디아이 I 2025-11-27 유비케어, 비즈니스 현황 및 실적 업데이트 GC메디아이 I 2025-08-28 유비케어, 2025년 1분기 실적 발표 GC메디아이 I 2025-05-21 유비케어, 비즈니스 현황 및 실적 업데이트 GC메디아이 I 2024-11-18 유비케어, 비즈니스 현황 및 실적 업데이트 GC메디아이 I 2024-08-23 유비케어, 2024년 1분기 실적 발표 GC메디아이 I 2024-05-",https://m.irgo.co.kr/IR-COMP/032620
032620::2024,032620,유비케어,2024-08-26,False,비용,업현황 해당기업 IR팀 I 2026-03-20 N/R 회사소개 및 주요 경영현황 해당기업 IR팀 I 2025-11-27 N/R 회사소개 및 주요 경영현황 해당기업 IR팀 I 2025-08-29 N/R 회사소개 및 주요 사업현황 해당기업 IR팀 I 2025-05-22 N/R 비용이 개선되는 시기 리딩투자증권 유성만 I 2025-04-22 N/R 회사소개 및 주요 사업현황 해당기업 IR팀 I 2024-11-20 N/R 회사소개 및 주요 경영현황 해당기업 IR팀 I 2024-08-26 N/R 회사소개 및 주요 경영현황 해당기업 IR팀 I 2024-05-0,https://m.irgo.co.kr/IR-COMP/032620
032620::2024,032620,유비케어,2024-11-18,False,,"I 2026-06-11 GC메디아이, 2026년 1분기 실적 발표 GC메디아이 I 2026-05-20 유비케어, 사업전략 및 경영현황 설명 GC메디아이 I 2026-03-18 유비케어, 2025년 3분기 실적 발표 GC메디아이 I 2025-11-27 유비케어, 비즈니스 현황 및 실적 업데이트 GC메디아이 I 2025-08-28 유비케어, 2025년 1분기 실적 발표 GC메디아이 I 2025-05-21 유비케어, 비즈니스 현황 및 실적 업데이트 GC메디아이 I 2024-11-18 유비케어, 비즈니스 현황 및 실적 업데이트 GC메디아이 I 2024-0",https://m.irgo.co.kr/IR-COMP/032620
032620::2024,032620,유비케어,2024-11-20,False,비용,업현황 해당기업 IR팀 I 2026-05-20 N/R 회사소개 및 주요 사업현황 해당기업 IR팀 I 2026-03-20 N/R 회사소개 및 주요 경영현황 해당기업 IR팀 I 2025-11-27 N/R 회사소개 및 주요 경영현황 해당기업 IR팀 I 2025-08-29 N/R 회사소개 및 주요 사업현황 해당기업 IR팀 I 2025-05-22 N/R 비용이 개선되는 시기 리딩투자증권 유성만 I 2025-04-22 N/R 회사소개 및 주요 사업현황 해당기업 IR팀 I 2024-11-20 N/R 회사소개 및 주요 경영현황 해당기업 IR팀 I 2024-08-2,https://m.irgo.co.kr/IR-COMP/032620
033100::2024,033100,제룡전기,2024-01-15,True,마진,"-02-04 N/R 수주 둔화 및 가동률 변수 IBK투자증권 김태현,강민구 I 2024-11-28 N/R 실적이 뒷받침해준 주가 상승 NH투자증권 이민재 I 2024-05-14 N/R 작은 거인 NH투자증권 이민재 I 2024-04-02 N/R ‘전력’ 질주 초입 단계 유안타증권 손현정 I 2024-03-28 N/R ‘전력’질주 초입 단계 유안타증권 손현정 I 2024-03-08 N/R 4Q23 Preview: 고마진 수주가 반영될 24년 상상인증권 김광식 I 2024-01-15 N/R 3Q23 Review: 뛰는 3분기 위에 날아갈 4분기 상상인증",https://m.irgo.co.kr/IR-COMP/033100
033100::2024,033100,제룡전기,2024-03-08,True,마진,"리포트 N/R 예상보다 빠른 숏티지 완화 IBK투자증권 김태현 I 2025-02-04 N/R 수주 둔화 및 가동률 변수 IBK투자증권 김태현,강민구 I 2024-11-28 N/R 실적이 뒷받침해준 주가 상승 NH투자증권 이민재 I 2024-05-14 N/R 작은 거인 NH투자증권 이민재 I 2024-04-02 N/R ‘전력’ 질주 초입 단계 유안타증권 손현정 I 2024-03-28 N/R ‘전력’질주 초입 단계 유안타증권 손현정 I 2024-03-08 N/R 4Q23 Preview: 고마진 수주가 반영될 24년 상상인증권",https://m.irgo.co.kr/IR-COMP/033100
033100::2024,033100,제룡전기,2024-03-28,True,,"리포트 N/R 예상보다 빠른 숏티지 완화 IBK투자증권 김태현 I 2025-02-04 N/R 수주 둔화 및 가동률 변수 IBK투자증권 김태현,강민구 I 2024-11-28 N/R 실적이 뒷받침해준 주가 상승 NH투자증권 이민재 I 2024-05-14 N/R 작은 거인 NH투자증권 이민재 I 2024-04-02 N/R ‘전력’ 질주 초입 단계 유안타증권 손현정 I 2024-03-28 N/R ‘전력’질주 초입 단계 유안타증권 손현정 I 2024-03-08",https://m.irgo.co.kr/IR-COMP/033100
033100::2024,033100,제룡전기,2024-04-02,True,,"리포트 N/R 예상보다 빠른 숏티지 완화 IBK투자증권 김태현 I 2025-02-04 N/R 수주 둔화 및 가동률 변수 IBK투자증권 김태현,강민구 I 2024-11-28 N/R 실적이 뒷받침해준 주가 상승 NH투자증권 이민재 I 2024-05-14 N/R 작은 거인 NH투자증권 이민재 I 2024-04-02 N/R ‘전력’ 질주 초입 단계 유안타증권 손현정 I 2024-03-2",https://m.irgo.co.kr/IR-COMP/033100
033100::2024,033100,제룡전기,2024-05-14,True,,"리포트 N/R 예상보다 빠른 숏티지 완화 IBK투자증권 김태현 I 2025-02-04 N/R 수주 둔화 및 가동률 변수 IBK투자증권 김태현,강민구 I 2024-11-28 N/R 실적이 뒷받침해준 주가 상승 NH투자증권 이민재 I 2024-05-14 N/R 작은 거인 NH투자증권 이민재 I 2024-04-02 N/R ‘",https://m.irgo.co.kr/IR-COMP/033100
033100::2024,033100,제룡전기,2024-11-28,True,,"리포트 N/R 예상보다 빠른 숏티지 완화 IBK투자증권 김태현 I 2025-02-04 N/R 수주 둔화 및 가동률 변수 IBK투자증권 김태현,강민구 I 2024-11-28 N/R 실적이 뒷받침해준 주가 상승 NH투자증권 이민재 I 2024-0",https://m.irgo.co.kr/IR-COMP/033100
033640::2024,033640,네패스,2024-04-03,True,,희철 I 2026-05-20 N/R 국산 첨단 패키징 선도 기업 LS증권 정우성 I 2026-05-19 N/R 밸류체인 탈중국의 반사 수혜 메리츠증권 김동관 I 2026-04-01 N/R 공급망 재편이 여는 기회 미래에셋증권 장다현 I 2026-02-04 매수 지정학적 불확실성이 가져온 호재 교보증권 박희철 I 2026-01-22 N/R 탐방노트: 점진적 사업 개선의 해 메리츠증권 김동관 I 2026-01-06 N/R 3월 기업탐방 노트 미래에셋증권 김영건 I 2024-04-03 N/R 가시화되는 수익성 개선 미래에셋증권 김영건 I 2022-06-0,https://m.irgo.co.kr/IR-COMP/033640
039010::2024,039010,현대에이치티,2024-04-09,False,,리포트 N/R 회사소개 및 주요 경영현황 해당기업 IR팀 I 2024-04-09 N/R Valuation 저평가 이베스트투자증권 정홍식 I 2019-0,https://m.irgo.co.kr/IR-COMP/039010
042510::2024,042510,라온시큐어,2024-03-11,True,,5 N/R 2Q24 Review: 모바일 주민등록증 발급 인프라 구축 중 유진투자증권 박종선 I 2024-08-19 N/R NDR 後記: 하반기 국내 모바일 주민등록증 구축 추진 + 해외 디지털ID 수주 기대 유진투자증권 박종선 I 2024-07-17 N/R 1Q24 Review: 모바일 주민등록증 발급 서비스 구축 수혜 기대 유진투자증권 박종선 I 2024-05-22 N/R 4Q23 Review : 국내외 디지털 신분증 수주 수혜 기대 유진투자증권 박종선 I 2024-03-11 N/R 사이버 보안 시장 확대의 최대 수혜주 유진투자증권 박종선 I 2,https://m.irgo.co.kr/IR-COMP/042510
042510::2024,042510,라온시큐어,2024-05-22,True,,"타증권 권명준 I 2024-10-22 N/R 올해 4분기, 예년과 다르다! 유안타증권 권명준 I 2024-09-25 N/R 2Q24 Review: 모바일 주민등록증 발급 인프라 구축 중 유진투자증권 박종선 I 2024-08-19 N/R NDR 後記: 하반기 국내 모바일 주민등록증 구축 추진 + 해외 디지털ID 수주 기대 유진투자증권 박종선 I 2024-07-17 N/R 1Q24 Review: 모바일 주민등록증 발급 서비스 구축 수혜 기대 유진투자증권 박종선 I 2024-05-22 N/R 4Q23 Review : 국내외 디지털 신분증 수주 수혜 기대",https://m.irgo.co.kr/IR-COMP/042510
042510::2024,042510,라온시큐어,2024-07-17,True,,"w: 모바일 주민등록증 발급 수혜 유진투자증권 박종선 I 2024-11-18 N/R 딥페이크 보안기업을 찾으시나요? 유안타증권 권명준 I 2024-10-22 N/R 올해 4분기, 예년과 다르다! 유안타증권 권명준 I 2024-09-25 N/R 2Q24 Review: 모바일 주민등록증 발급 인프라 구축 중 유진투자증권 박종선 I 2024-08-19 N/R NDR 後記: 하반기 국내 모바일 주민등록증 구축 추진 + 해외 디지털ID 수주 기대 유진투자증권 박종선 I 2024-07-17 N/R 1Q24 Review: 모바일 주민등록증 발급 서비스 구축 수혜",https://m.irgo.co.kr/IR-COMP/042510
042510::2024,042510,라온시큐어,2024-08-19,True,,"증권 김학준 I 2024-12-04 N/R 완전히 달라질 2025년! 유안타증권 권명준 I 2024-11-22 N/R 3Q24 Review: 모바일 주민등록증 발급 수혜 유진투자증권 박종선 I 2024-11-18 N/R 딥페이크 보안기업을 찾으시나요? 유안타증권 권명준 I 2024-10-22 N/R 올해 4분기, 예년과 다르다! 유안타증권 권명준 I 2024-09-25 N/R 2Q24 Review: 모바일 주민등록증 발급 인프라 구축 중 유진투자증권 박종선 I 2024-08-19 N/R NDR 後記: 하반기 국내 모바일 주민등록증 구축 추진 + 해외",https://m.irgo.co.kr/IR-COMP/042510
042510::2024,042510,라온시큐어,2024-09-25,True,,"view: 최고 매출액 달성 유진투자증권 박종선 I 2025-02-10 N/R 인증시대의 새로운 기준을 제시 키움증권 김학준 I 2024-12-04 N/R 완전히 달라질 2025년! 유안타증권 권명준 I 2024-11-22 N/R 3Q24 Review: 모바일 주민등록증 발급 수혜 유진투자증권 박종선 I 2024-11-18 N/R 딥페이크 보안기업을 찾으시나요? 유안타증권 권명준 I 2024-10-22 N/R 올해 4분기, 예년과 다르다! 유안타증권 권명준 I 2024-09-25 N/R 2Q24 Review: 모바일 주민등록증 발급 인프라 구축 중",https://m.irgo.co.kr/IR-COMP/042510
042510::2024,042510,라온시큐어,2024-10-22,True,,"확대 수혜 기대 유진투자증권 박종선 I 2025-05-26 N/R 4Q24 Review: 최고 매출액 달성 유진투자증권 박종선 I 2025-02-10 N/R 인증시대의 새로운 기준을 제시 키움증권 김학준 I 2024-12-04 N/R 완전히 달라질 2025년! 유안타증권 권명준 I 2024-11-22 N/R 3Q24 Review: 모바일 주민등록증 발급 수혜 유진투자증권 박종선 I 2024-11-18 N/R 딥페이크 보안기업을 찾으시나요? 유안타증권 권명준 I 2024-10-22 N/R 올해 4분기, 예년과 다르다! 유안타증권 권명준 I 2024-0",https://m.irgo.co.kr/IR-COMP/042510
042510::2024,042510,라온시큐어,2024-11-18,True,,권 권명준 I 2025-06-13 N/R 1Q25 Review: 사이버보안 공격 확대 수혜 기대 유진투자증권 박종선 I 2025-05-26 N/R 4Q24 Review: 최고 매출액 달성 유진투자증권 박종선 I 2025-02-10 N/R 인증시대의 새로운 기준을 제시 키움증권 김학준 I 2024-12-04 N/R 완전히 달라질 2025년! 유안타증권 권명준 I 2024-11-22 N/R 3Q24 Review: 모바일 주민등록증 발급 수혜 유진투자증권 박종선 I 2024-11-18 N/R 딥페이크 보안기업을 찾으시나요? 유안타증권 권명준 I 2024-,https://m.irgo.co.kr/IR-COMP/042510
042510::2024,042510,라온시큐어,2024-11-22,True,,혜 + 디지털 ID 사업 기대감 LS증권 정우성 I 2025-07-10 N/R 기대되는 하반기 유안타증권 권명준 I 2025-06-13 N/R 1Q25 Review: 사이버보안 공격 확대 수혜 기대 유진투자증권 박종선 I 2025-05-26 N/R 4Q24 Review: 최고 매출액 달성 유진투자증권 박종선 I 2025-02-10 N/R 인증시대의 새로운 기준을 제시 키움증권 김학준 I 2024-12-04 N/R 완전히 달라질 2025년! 유안타증권 권명준 I 2024-11-22 N/R 3Q24 Review: 모바일 주민등록증 발급 수혜 유진투자증권,https://m.irgo.co.kr/IR-COMP/042510
042510::2024,042510,라온시큐어,2024-12-04,True,,"권명준,서석준 I 2025-08-19 N/R 제로 트러스트 수요 확대에 수혜 + 디지털 ID 사업 기대감 LS증권 정우성 I 2025-07-10 N/R 기대되는 하반기 유안타증권 권명준 I 2025-06-13 N/R 1Q25 Review: 사이버보안 공격 확대 수혜 기대 유진투자증권 박종선 I 2025-05-26 N/R 4Q24 Review: 최고 매출액 달성 유진투자증권 박종선 I 2025-02-10 N/R 인증시대의 새로운 기준을 제시 키움증권 김학준 I 2024-12-04 N/R 완전히 달라질 2025년! 유안타증권 권명준 I 2024-11-",https://m.irgo.co.kr/IR-COMP/042510
053700::2024,053700,삼보모터스,2024-06-03,True,,"리포트 N/R 전기차 및 하이브리드차용 부품을 대량 수주 하나증권 송선재,강민아 I 2024-06-03 N/R 전기차용 부품군으로 확장 하나증권 송선재,안도현 I 2023-1",https://m.irgo.co.kr/IR-COMP/053700
060850::2024,060850,영림원소프트랩,2024-05-13,False,,리포트 N/R 회사소개 및 주요 경영현황 해당기업 IR팀 I 2026-04-28 N/R 회사소개 및 주요 경영현황 해당기업 IR팀 I 2025-09-01 N/R 회사소개 및 주요 경영현황 해당기업 IR팀 I 2025-05-12 N/R 회사소개 및 주요 경영현황 해당기업 IR팀 I 2024-08-23 N/R 회사소개 및 주요 사업현황 해당기업 IR팀 I 2024-05-13 N/R 중견기업 ERP 시장지배력과 해외진출 모멘텀 유안타증권 박진형,https://m.irgo.co.kr/IR-COMP/060850
060850::2024,060850,영림원소프트랩,2024-08-23,False,,리포트 N/R 회사소개 및 주요 경영현황 해당기업 IR팀 I 2026-04-28 N/R 회사소개 및 주요 경영현황 해당기업 IR팀 I 2025-09-01 N/R 회사소개 및 주요 경영현황 해당기업 IR팀 I 2025-05-12 N/R 회사소개 및 주요 경영현황 해당기업 IR팀 I 2024-08-23 N/R 회사소개 및 주요 사업현황 해당기업 IR팀 I 2024-05-1,https://m.irgo.co.kr/IR-COMP/060850
063080::2024,063080,컴투스홀딩스,2024-01-22,False,,R 2024.3Q Financial Results 해당기업 IR팀 I 2024-11-07 N/R 2024년 3분기 경영실적 해당기업 IR팀 I 2024-11-07 N/R 2024년 2분기 경영실적 해당기업 IR팀 I 2024-08-09 N/R 2024년 1분기 경영실적 해당기업 IR팀 I 2024-05-10 N/R 2023년 4분기 및 연간 경영실적 해당기업 IR팀 I 2024-02-15 N/R XPLA(엑스플라) 생태계에 주목하자!!! 리딩투자증권 유성만 I 2024-01-22 N/R XPLA 생태계 확장으로 밸류 리레이팅 하이투자증권 이상헌 I,https://m.irgo.co.kr/IR-COMP/063080
063080::2024,063080,컴투스홀딩스,2024-02-15,False,,24-12-13 N/R 회사소개 및 주요 경영현황 해당기업 IR팀 I 2024-11-19 N/R 2024.3Q Financial Results 해당기업 IR팀 I 2024-11-07 N/R 2024년 3분기 경영실적 해당기업 IR팀 I 2024-11-07 N/R 2024년 2분기 경영실적 해당기업 IR팀 I 2024-08-09 N/R 2024년 1분기 경영실적 해당기업 IR팀 I 2024-05-10 N/R 2023년 4분기 및 연간 경영실적 해당기업 IR팀 I 2024-02-15 N/R XPLA(엑스플라) 생태계에 주목하자!!! 리딩투자증권 유성만,https://m.irgo.co.kr/IR-COMP/063080
063080::2024,063080,컴투스홀딩스,2024-05-10,False,,I 2025-02-13 N/R 회사소개 및 주요 경영현황 해당기업 IR팀 I 2024-12-13 N/R 회사소개 및 주요 경영현황 해당기업 IR팀 I 2024-11-19 N/R 2024.3Q Financial Results 해당기업 IR팀 I 2024-11-07 N/R 2024년 3분기 경영실적 해당기업 IR팀 I 2024-11-07 N/R 2024년 2분기 경영실적 해당기업 IR팀 I 2024-08-09 N/R 2024년 1분기 경영실적 해당기업 IR팀 I 2024-05-10 N/R 2023년 4분기 및 연간 경영실적 해당기업 IR팀 I 2024,https://m.irgo.co.kr/IR-COMP/063080
063080::2024,063080,컴투스홀딩스,2024-08-09,False,,25-02-13 N/R 2024년 4분기 및 연간 경영실적 해당기업 IR팀 I 2025-02-13 N/R 회사소개 및 주요 경영현황 해당기업 IR팀 I 2024-12-13 N/R 회사소개 및 주요 경영현황 해당기업 IR팀 I 2024-11-19 N/R 2024.3Q Financial Results 해당기업 IR팀 I 2024-11-07 N/R 2024년 3분기 경영실적 해당기업 IR팀 I 2024-11-07 N/R 2024년 2분기 경영실적 해당기업 IR팀 I 2024-08-09 N/R 2024년 1분기 경영실적 해당기업 IR팀 I 2024-05-1,https://m.irgo.co.kr/IR-COMP/063080
063080::2024,063080,컴투스홀딩스,2024-11-07,False,,N/R 2024 Financial Results 해당기업 IR팀 I 2025-02-13 N/R 2024년 4분기 및 연간 경영실적 해당기업 IR팀 I 2025-02-13 N/R 회사소개 및 주요 경영현황 해당기업 IR팀 I 2024-12-13 N/R 회사소개 및 주요 경영현황 해당기업 IR팀 I 2024-11-19 N/R 2024.3Q Financial Results 해당기업 IR팀 I 2024-11-07 N/R 2024년 3분기 경영실적 해당기업 IR팀 I 2024-11-07 N/R 2024년 2분기 경영실적 해당기업 IR팀 I 2024-08-0,https://m.irgo.co.kr/IR-COMP/063080
063080::2024,063080,컴투스홀딩스,2024-11-07,False,,N/R 2025년 1분기 경영실적 해당기업 IR팀 I 2025-05-13 N/R 2024 Financial Results 해당기업 IR팀 I 2025-02-13 N/R 2024년 4분기 및 연간 경영실적 해당기업 IR팀 I 2025-02-13 N/R 회사소개 및 주요 경영현황 해당기업 IR팀 I 2024-12-13 N/R 회사소개 및 주요 경영현황 해당기업 IR팀 I 2024-11-19 N/R 2024.3Q Financial Results 해당기업 IR팀 I 2024-11-07 N/R 2024년 3분기 경영실적 해당기업 IR팀 I 2024-11-0,https://m.irgo.co.kr/IR-COMP/063080
063080::2024,063080,컴투스홀딩스,2024-11-19,False,,N/R 2025.1Q Financial Results 해당기업 IR팀 I 2025-05-13 N/R 2025년 1분기 경영실적 해당기업 IR팀 I 2025-05-13 N/R 2024 Financial Results 해당기업 IR팀 I 2025-02-13 N/R 2024년 4분기 및 연간 경영실적 해당기업 IR팀 I 2025-02-13 N/R 회사소개 및 주요 경영현황 해당기업 IR팀 I 2024-12-13 N/R 회사소개 및 주요 경영현황 해당기업 IR팀 I 2024-11-19 N/R 2024.3Q Financial Results 해당기업 IR팀,https://m.irgo.co.kr/IR-COMP/063080
063080::2024,063080,컴투스홀딩스,2024-12-13,False,,N/R 회사소개 및 주요 사업현황 해당기업 IR팀 I 2025-06-26 N/R 2025.1Q Financial Results 해당기업 IR팀 I 2025-05-13 N/R 2025년 1분기 경영실적 해당기업 IR팀 I 2025-05-13 N/R 2024 Financial Results 해당기업 IR팀 I 2025-02-13 N/R 2024년 4분기 및 연간 경영실적 해당기업 IR팀 I 2025-02-13 N/R 회사소개 및 주요 경영현황 해당기업 IR팀 I 2024-12-13 N/R 회사소개 및 주요 경영현황 해당기업 IR팀 I 2024-11-1,https://m.irgo.co.kr/IR-COMP/063080
066830::2024,066830,제노텍,2024-05-21,False,,리포트 N/R 회사소개 및 주요 경영현황 해당기업 IR팀 I 2026-05-14 N/R 회사소개 및 주요 경영현황 해당기업 IR팀 I 2025-11-10 N/R 회사소개 및 주요 경영현황 해당기업 IR팀 I 2025-06-19 N/R 회사소개 및 주요 경영현황 해당기업 IR팀 I 2024-11-13 N/R 회사소개 및 주요 경영현황 해당기업 IR팀 I 2024-05-21 더보기,https://m.irgo.co.kr/IR-COMP/066830
066830::2024,066830,제노텍,2024-11-13,False,,리포트 N/R 회사소개 및 주요 경영현황 해당기업 IR팀 I 2026-05-14 N/R 회사소개 및 주요 경영현황 해당기업 IR팀 I 2025-11-10 N/R 회사소개 및 주요 경영현황 해당기업 IR팀 I 2025-06-19 N/R 회사소개 및 주요 경영현황 해당기업 IR팀 I 2024-11-13 N/R 회사소개 및 주요 경영현황 해당기업 IR팀 I 2024-05-2,https://m.irgo.co.kr/IR-COMP/066830
067280::2024,067280,멀티캠퍼스,2024-01-25,False,,팀 I 2025-01-23 N/R 2024년 4분기 경영실적 해당기업 IR팀 I 2025-01-23 N/R 2024.3Q Earnings Release 해당기업 IR팀 I 2024-10-24 N/R 2024년 3분기 경영실적 해당기업 IR팀 I 2024-10-24 N/R 2024년 2분기 실적발표 해당기업 IR팀 I 2024-07-25 N/R 2024년 1분기 실적발표 해당기업 IR팀 I 2024-04-25 N/R 2023년 4분기 실적발표 해당기업 IR팀 I 2024-01-25 N/R Chat GPT 도입은 IT직무 특화교육에 날개를 달아줘 키움증,https://m.irgo.co.kr/IR-COMP/067280
067280::2024,067280,멀티캠퍼스,2024-04-25,False,,4-23 N/R 2024.4Q Earnings Release 해당기업 IR팀 I 2025-01-23 N/R 2024년 4분기 경영실적 해당기업 IR팀 I 2025-01-23 N/R 2024.3Q Earnings Release 해당기업 IR팀 I 2024-10-24 N/R 2024년 3분기 경영실적 해당기업 IR팀 I 2024-10-24 N/R 2024년 2분기 실적발표 해당기업 IR팀 I 2024-07-25 N/R 2024년 1분기 실적발표 해당기업 IR팀 I 2024-04-25 N/R 2023년 4분기 실적발표 해당기업 IR팀 I 2024-01-2,https://m.irgo.co.kr/IR-COMP/067280
067280::2024,067280,멀티캠퍼스,2024-07-25,False,,N/R 서울대를 가지 못하는 전교 1등 유진투자증권 조태나 I 2025-04-23 N/R 2024.4Q Earnings Release 해당기업 IR팀 I 2025-01-23 N/R 2024년 4분기 경영실적 해당기업 IR팀 I 2025-01-23 N/R 2024.3Q Earnings Release 해당기업 IR팀 I 2024-10-24 N/R 2024년 3분기 경영실적 해당기업 IR팀 I 2024-10-24 N/R 2024년 2분기 실적발표 해당기업 IR팀 I 2024-07-25 N/R 2024년 1분기 실적발표 해당기업 IR팀 I 2024-04-2,https://m.irgo.co.kr/IR-COMP/067280
067280::2024,067280,멀티캠퍼스,2024-10-24,False,,N/R 2025년 1분기 경영실적 해당기업 IR팀 I 2025-04-24 N/R 서울대를 가지 못하는 전교 1등 유진투자증권 조태나 I 2025-04-23 N/R 2024.4Q Earnings Release 해당기업 IR팀 I 2025-01-23 N/R 2024년 4분기 경영실적 해당기업 IR팀 I 2025-01-23 N/R 2024.3Q Earnings Release 해당기업 IR팀 I 2024-10-24 N/R 2024년 3분기 경영실적 해당기업 IR팀 I 2024-10-24 N/R 2024년 2분기 실적발표 해당기업 IR팀 I 2024-07-2,https://m.irgo.co.kr/IR-COMP/067280
067280::2024,067280,멀티캠퍼스,2024-10-24,False,,Q Earnings Release 해당기업 IR팀 I 2025-04-24 N/R 2025년 1분기 경영실적 해당기업 IR팀 I 2025-04-24 N/R 서울대를 가지 못하는 전교 1등 유진투자증권 조태나 I 2025-04-23 N/R 2024.4Q Earnings Release 해당기업 IR팀 I 2025-01-23 N/R 2024년 4분기 경영실적 해당기업 IR팀 I 2025-01-23 N/R 2024.3Q Earnings Release 해당기업 IR팀 I 2024-10-24 N/R 2024년 3분기 경영실적 해당기업 IR팀 I 2024-10-2,https://m.irgo.co.kr/IR-COMP/067280
071970::2024,071970,HD현대마린엔진,2024-02-14,True,,기업 신영증권 엄경아 I 2024-11-26 N/R 조선업 사이클에 동행하여 대신증권 박장욱 I 2024-10-16 매수 이제부터 부잣집 막내아들 신영증권 엄경아 I 2024-08-26 매수 우선순위를 변경하겠습니다 신영증권 엄경아 I 2024-07-17 N/R 조건부 승인 결정 메리츠증권 배기연 I 2024-07-16 매수 친구가 뛰길래 날아봤습니다. 다음은? 신영증권 엄경아 I 2024-05-14 매수 수급이 피해가도 제 갈 길 가는중 신영증권 엄경아 I 2024-02-14 매수 조선업 낙수효과의 최대 수혜기업 될 것 신영증권 엄경아 I 202,https://m.irgo.co.kr/IR-COMP/071970
071970::2024,071970,HD현대마린엔진,2024-05-14,True,,전망 DS투자증권 양형모 I 2024-11-26 매수 유일하게 여유 있는 엔진 기업 신영증권 엄경아 I 2024-11-26 N/R 조선업 사이클에 동행하여 대신증권 박장욱 I 2024-10-16 매수 이제부터 부잣집 막내아들 신영증권 엄경아 I 2024-08-26 매수 우선순위를 변경하겠습니다 신영증권 엄경아 I 2024-07-17 N/R 조건부 승인 결정 메리츠증권 배기연 I 2024-07-16 매수 친구가 뛰길래 날아봤습니다. 다음은? 신영증권 엄경아 I 2024-05-14 매수 수급이 피해가도 제 갈 길 가는중 신영증권 엄경아 I 2024-0,https://m.irgo.co.kr/IR-COMP/071970
071970::2024,071970,HD현대마린엔진,2024-07-16,True,,가 상향 신영증권 엄경아 I 2025-01-10 매수 가동률 상승하면서 매출 증대될 전망 DS투자증권 양형모 I 2024-11-26 매수 유일하게 여유 있는 엔진 기업 신영증권 엄경아 I 2024-11-26 N/R 조선업 사이클에 동행하여 대신증권 박장욱 I 2024-10-16 매수 이제부터 부잣집 막내아들 신영증권 엄경아 I 2024-08-26 매수 우선순위를 변경하겠습니다 신영증권 엄경아 I 2024-07-17 N/R 조건부 승인 결정 메리츠증권 배기연 I 2024-07-16 매수 친구가 뛰길래 날아봤습니다. 다음은? 신영증권 엄경아 I 2024,https://m.irgo.co.kr/IR-COMP/071970
071970::2024,071970,HD현대마린엔진,2024-07-17,True,,"기업 IR팀 I 2025-02-06 매수 선박엔진 최선호주, 목표주가 상향 신영증권 엄경아 I 2025-01-10 매수 가동률 상승하면서 매출 증대될 전망 DS투자증권 양형모 I 2024-11-26 매수 유일하게 여유 있는 엔진 기업 신영증권 엄경아 I 2024-11-26 N/R 조선업 사이클에 동행하여 대신증권 박장욱 I 2024-10-16 매수 이제부터 부잣집 막내아들 신영증권 엄경아 I 2024-08-26 매수 우선순위를 변경하겠습니다 신영증권 엄경아 I 2024-07-17 N/R 조건부 승인 결정 메리츠증권 배기연 I 2024-07-16 매수",https://m.irgo.co.kr/IR-COMP/071970
071970::2024,071970,HD현대마린엔진,2024-08-26,True,,"엄경아 I 2025-02-07 N/R 2024년 4분기 경영실적 해당기업 IR팀 I 2025-02-06 매수 선박엔진 최선호주, 목표주가 상향 신영증권 엄경아 I 2025-01-10 매수 가동률 상승하면서 매출 증대될 전망 DS투자증권 양형모 I 2024-11-26 매수 유일하게 여유 있는 엔진 기업 신영증권 엄경아 I 2024-11-26 N/R 조선업 사이클에 동행하여 대신증권 박장욱 I 2024-10-16 매수 이제부터 부잣집 막내아들 신영증권 엄경아 I 2024-08-26 매수 우선순위를 변경하겠습니다 신영증권 엄경아 I 2024-07-17",https://m.irgo.co.kr/IR-COMP/071970
071970::2024,071970,HD현대마린엔진,2024-10-16,True,,"2025-03-10 매수 저 이제 커질 겁니다. 지켜보세요! 신영증권 엄경아 I 2025-02-07 N/R 2024년 4분기 경영실적 해당기업 IR팀 I 2025-02-06 매수 선박엔진 최선호주, 목표주가 상향 신영증권 엄경아 I 2025-01-10 매수 가동률 상승하면서 매출 증대될 전망 DS투자증권 양형모 I 2024-11-26 매수 유일하게 여유 있는 엔진 기업 신영증권 엄경아 I 2024-11-26 N/R 조선업 사이클에 동행하여 대신증권 박장욱 I 2024-10-16 매수 이제부터 부잣집 막내아들 신영증권 엄경아 I 2024-08-26",https://m.irgo.co.kr/IR-COMP/071970
071970::2024,071970,HD현대마린엔진,2024-11-26,True,,"025-03-25 매수 매부 좋고 누이는 더 좋음 다올투자증권 최광식 I 2025-03-10 매수 저 이제 커질 겁니다. 지켜보세요! 신영증권 엄경아 I 2025-02-07 N/R 2024년 4분기 경영실적 해당기업 IR팀 I 2025-02-06 매수 선박엔진 최선호주, 목표주가 상향 신영증권 엄경아 I 2025-01-10 매수 가동률 상승하면서 매출 증대될 전망 DS투자증권 양형모 I 2024-11-26 매수 유일하게 여유 있는 엔진 기업 신영증권 엄경아 I 2024-11-26 N/R 조선업 사이클에 동행하여 대신증권 박장욱 I 2024-10-16",https://m.irgo.co.kr/IR-COMP/071970
071970::2024,071970,HD현대마린엔진,2024-11-26,True,,"I 2025-03-26 매수 HD현대의 두번째 심장 SK증권 한승한 I 2025-03-25 매수 매부 좋고 누이는 더 좋음 다올투자증권 최광식 I 2025-03-10 매수 저 이제 커질 겁니다. 지켜보세요! 신영증권 엄경아 I 2025-02-07 N/R 2024년 4분기 경영실적 해당기업 IR팀 I 2025-02-06 매수 선박엔진 최선호주, 목표주가 상향 신영증권 엄경아 I 2025-01-10 매수 가동률 상승하면서 매출 증대될 전망 DS투자증권 양형모 I 2024-11-26 매수 유일하게 여유 있는 엔진 기업 신영증권 엄경아 I 2024-11-",https://m.irgo.co.kr/IR-COMP/071970
079900::2024,079900,전진건설로봇,2024-08-19,True,,"4-11-29 매수 재건에도 인프라 확대에도 CPC는 필수 DS투자증권 조대형,김진형 I 2024-11-27 N/R 북미로 전진 신한투자증권 허성규 I 2024-11-14 N/R 북미로 전진 신한투자증권 허성규 I 2024-10-24 N/R 북미 매출 비중 40%, 인프라 투자 수혜 기대 하나증권 김성호 I 2024-10-07 N/R IPO Hitmaker 상상인증권 이종원 I 2024-08-20 N/R 증가하는 글로벌 인프라 투자 상상인증권 이소중,권오휘 I 2024-08-19 더보기",https://m.irgo.co.kr/IR-COMP/079900
079900::2024,079900,전진건설로봇,2024-08-20,True,,"12-04 N/R NDR후기: 북미와 우크라이나로 전진 신한투자증권 허성규 I 2024-11-29 매수 재건에도 인프라 확대에도 CPC는 필수 DS투자증권 조대형,김진형 I 2024-11-27 N/R 북미로 전진 신한투자증권 허성규 I 2024-11-14 N/R 북미로 전진 신한투자증권 허성규 I 2024-10-24 N/R 북미 매출 비중 40%, 인프라 투자 수혜 기대 하나증권 김성호 I 2024-10-07 N/R IPO Hitmaker 상상인증권 이종원 I 2024-08-20 N/R 증가하는 글로벌 인프라 투자 상상인증권 이소중,권오휘 I 202",https://m.irgo.co.kr/IR-COMP/079900
079900::2024,079900,전진건설로봇,2024-10-07,True,,"-12-11 N/R 재건 수요 증가의 수혜 키움증권 김학준 I 2024-12-04 N/R NDR후기: 북미와 우크라이나로 전진 신한투자증권 허성규 I 2024-11-29 매수 재건에도 인프라 확대에도 CPC는 필수 DS투자증권 조대형,김진형 I 2024-11-27 N/R 북미로 전진 신한투자증권 허성규 I 2024-11-14 N/R 북미로 전진 신한투자증권 허성규 I 2024-10-24 N/R 북미 매출 비중 40%, 인프라 투자 수혜 기대 하나증권 김성호 I 2024-10-07 N/R IPO Hitmaker 상상인증권 이종원 I 2024-08-20",https://m.irgo.co.kr/IR-COMP/079900
079900::2024,079900,전진건설로봇,2024-10-24,True,,"I 2025-01-23 N/R 인프라, 재건 수요에 노젓는 기업 미래에셋증권 조연주 I 2024-12-11 N/R 재건 수요 증가의 수혜 키움증권 김학준 I 2024-12-04 N/R NDR후기: 북미와 우크라이나로 전진 신한투자증권 허성규 I 2024-11-29 매수 재건에도 인프라 확대에도 CPC는 필수 DS투자증권 조대형,김진형 I 2024-11-27 N/R 북미로 전진 신한투자증권 허성규 I 2024-11-14 N/R 북미로 전진 신한투자증권 허성규 I 2024-10-24 N/R 북미 매출 비중 40%, 인프라 투자 수혜 기대 하나증권 김성호",https://m.irgo.co.kr/IR-COMP/079900
079900::2024,079900,전진건설로봇,2024-11-14,True,,"미국 인프라, 우크라이나 재건 수혜 기대 유진투자증권 박종선 I 2025-01-23 N/R 인프라, 재건 수요에 노젓는 기업 미래에셋증권 조연주 I 2024-12-11 N/R 재건 수요 증가의 수혜 키움증권 김학준 I 2024-12-04 N/R NDR후기: 북미와 우크라이나로 전진 신한투자증권 허성규 I 2024-11-29 매수 재건에도 인프라 확대에도 CPC는 필수 DS투자증권 조대형,김진형 I 2024-11-27 N/R 북미로 전진 신한투자증권 허성규 I 2024-11-14 N/R 북미로 전진 신한투자증권 허성규 I 2024-10-24 N/R",https://m.irgo.co.kr/IR-COMP/079900
079900::2024,079900,전진건설로봇,2024-11-27,True,,"률 주목 신한투자증권 허성규,최승환 I 2025-04-07 매수 미국 인프라, 우크라이나 재건 수혜 기대 유진투자증권 박종선 I 2025-01-23 N/R 인프라, 재건 수요에 노젓는 기업 미래에셋증권 조연주 I 2024-12-11 N/R 재건 수요 증가의 수혜 키움증권 김학준 I 2024-12-04 N/R NDR후기: 북미와 우크라이나로 전진 신한투자증권 허성규 I 2024-11-29 매수 재건에도 인프라 확대에도 CPC는 필수 DS투자증권 조대형,김진형 I 2024-11-27 N/R 북미로 전진 신한투자증권 허성규 I 2024-11-14 N/R",https://m.irgo.co.kr/IR-COMP/079900
079900::2024,079900,전진건설로봇,2024-11-29,True,,"/R 국내 NDR FAQ IR큐더스 황호연 I 2025-04-29 N/R 관세율 보다 북미 성장률 주목 신한투자증권 허성규,최승환 I 2025-04-07 매수 미국 인프라, 우크라이나 재건 수혜 기대 유진투자증권 박종선 I 2025-01-23 N/R 인프라, 재건 수요에 노젓는 기업 미래에셋증권 조연주 I 2024-12-11 N/R 재건 수요 증가의 수혜 키움증권 김학준 I 2024-12-04 N/R NDR후기: 북미와 우크라이나로 전진 신한투자증권 허성규 I 2024-11-29 매수 재건에도 인프라 확대에도 CPC는 필수 DS투자증권 조대형,김진형",https://m.irgo.co.kr/IR-COMP/079900
079900::2024,079900,전진건설로봇,2024-12-04,True,,"9 매수 북미 중심의 편안한 성장세 DS투자증권 조대형,김진형 I 2025-05-23 N/R 국내 NDR FAQ IR큐더스 황호연 I 2025-04-29 N/R 관세율 보다 북미 성장률 주목 신한투자증권 허성규,최승환 I 2025-04-07 매수 미국 인프라, 우크라이나 재건 수혜 기대 유진투자증권 박종선 I 2025-01-23 N/R 인프라, 재건 수요에 노젓는 기업 미래에셋증권 조연주 I 2024-12-11 N/R 재건 수요 증가의 수혜 키움증권 김학준 I 2024-12-04 N/R NDR후기: 북미와 우크라이나로 전진 신한투자증권 허성규 I 2",https://m.irgo.co.kr/IR-COMP/079900
079900::2024,079900,전진건설로봇,2024-12-11,True,,"글로벌 성장을 향해 쏘다 흥국증권 최종경,유준석 I 2025-05-29 매수 북미 중심의 편안한 성장세 DS투자증권 조대형,김진형 I 2025-05-23 N/R 국내 NDR FAQ IR큐더스 황호연 I 2025-04-29 N/R 관세율 보다 북미 성장률 주목 신한투자증권 허성규,최승환 I 2025-04-07 매수 미국 인프라, 우크라이나 재건 수혜 기대 유진투자증권 박종선 I 2025-01-23 N/R 인프라, 재건 수요에 노젓는 기업 미래에셋증권 조연주 I 2024-12-11 N/R 재건 수요 증가의 수혜 키움증권 김학준 I 2024-12-04",https://m.irgo.co.kr/IR-COMP/079900
079960::2024,079960,동양이엔피,2024-06-20,False,,"리포트 N/R 대규모 순현금, 수익성 개선, 저평가 LS증권 정홍식 I 2026-01-14 N/R 자산가치 대비 저평가 LS증권 정홍식 I 2025-09-16 N/R Valuation 저평가 + 높은 자산가치 LS증권 정홍식 I 2025-05-26 N/R 시가총액보다 순현금이 더 많다 LS증권 정홍식 I 2025-03-13 N/R 회사소개 및 주요 사업현황 해당기업 IR팀 I 2024-06-20 N/R 3Q19 실적 Good! 이베스트투자증권 정홍식 I 2019-1",https://m.irgo.co.kr/IR-COMP/079960
080010::2024,080010,이상네트웍스,2024-05-17,False,,실적 해당기업 IR팀 I 2025-11-17 N/R 2025년 2분기 경영실적 해당기업 IR팀 I 2025-08-18 N/R 2025년 1분기 경영실적 해당기업 IR팀 I 2025-05-16 N/R 2024년 4분기 경영실적 해당기업 IR팀 I 2025-03-24 N/R 2024년 3분기 경영실적 해당기업 IR팀 I 2024-11-14 N/R 2024년 2분기 경영실적 해당기업 IR팀 I 2024-08-20 N/R 2024년 1분기 경영실적 해당기업 IR팀 I 2024-05-17 N/R 오프라인 전시회의 가치는녹슬지 않는다 DB금융투자 유경하 I 2,https://m.irgo.co.kr/IR-COMP/080010
080010::2024,080010,이상네트웍스,2024-08-20,False,,리포트 N/R 2025년 3분기 경영실적 해당기업 IR팀 I 2025-11-17 N/R 2025년 2분기 경영실적 해당기업 IR팀 I 2025-08-18 N/R 2025년 1분기 경영실적 해당기업 IR팀 I 2025-05-16 N/R 2024년 4분기 경영실적 해당기업 IR팀 I 2025-03-24 N/R 2024년 3분기 경영실적 해당기업 IR팀 I 2024-11-14 N/R 2024년 2분기 경영실적 해당기업 IR팀 I 2024-08-20 N/R 2024년 1분기 경영실적 해당기업 IR팀 I 2024-05-1,https://m.irgo.co.kr/IR-COMP/080010
080010::2024,080010,이상네트웍스,2024-11-14,False,,리포트 N/R 2025년 3분기 경영실적 해당기업 IR팀 I 2025-11-17 N/R 2025년 2분기 경영실적 해당기업 IR팀 I 2025-08-18 N/R 2025년 1분기 경영실적 해당기업 IR팀 I 2025-05-16 N/R 2024년 4분기 경영실적 해당기업 IR팀 I 2025-03-24 N/R 2024년 3분기 경영실적 해당기업 IR팀 I 2024-11-14 N/R 2024년 2분기 경영실적 해당기업 IR팀 I 2024-08-2,https://m.irgo.co.kr/IR-COMP/080010
083310::2024,083310,엘오티베큠,2024-02-05,True,,"리포트 N/R TSV 공정 확대의 동반자 유진투자증권 임소정 I 2024-03-19 N/R 4Q23 Review: 2023년 주력은 태양광, 2024년은 매출 다각화 KB증권 김현겸 I 2024-02-05 N/R 3Q23 Review: 실적은 최고, 아쉬운 잔고 감소 KB증권",https://m.irgo.co.kr/IR-COMP/083310
083310::2024,083310,엘오티베큠,2024-03-19,True,,"리포트 N/R TSV 공정 확대의 동반자 유진투자증권 임소정 I 2024-03-19 N/R 4Q23 Review: 2023년 주력은 태양광, 2024년은",https://m.irgo.co.kr/IR-COMP/083310
083930::2024,083930,아바코,2024-02-06,False,,"입증, 최대 실적 전망 하나증권 김성호 I 2024-07-18 N/R OLED&2 차전지&MLCC 장비의 다양화 리딩투자증권 유성만 I 2024-07-02 N/R 회사소개 및 주요 사업현황 해당기업 IR팀 I 2024-06-27 N/R IR 後記: 8.6G OLED 제조장비 수주 기대 유진투자증권 박종선 I 2024-06-19 N/R 2차전지 실적 본격 반영되기 시작 하나증권 김성호 I 2024-03-13 N/R 회사소개 및 주요 사업현황 해당기업 IR팀 I 2024-02-06 N/R 실적 추이 및 전망 하나증권 김성호 I 2023-11-13 N/",https://m.irgo.co.kr/IR-COMP/083930
083930::2024,083930,아바코,2024-03-13,False,,"영현황 해당기업 IR팀 I 2024-08-13 N/R 2차전지 장비 경쟁력 입증, 최대 실적 전망 하나증권 김성호 I 2024-07-18 N/R OLED&2 차전지&MLCC 장비의 다양화 리딩투자증권 유성만 I 2024-07-02 N/R 회사소개 및 주요 사업현황 해당기업 IR팀 I 2024-06-27 N/R IR 後記: 8.6G OLED 제조장비 수주 기대 유진투자증권 박종선 I 2024-06-19 N/R 2차전지 실적 본격 반영되기 시작 하나증권 김성호 I 2024-03-13 N/R 회사소개 및 주요 사업현황 해당기업 IR팀 I 2024-02-0",https://m.irgo.co.kr/IR-COMP/083930
083930::2024,083930,아바코,2024-06-19,False,,"성장 지속 중 하나증권 김성호 I 2024-10-28 N/R 회사소개 및 주요 경영현황 해당기업 IR팀 I 2024-08-13 N/R 2차전지 장비 경쟁력 입증, 최대 실적 전망 하나증권 김성호 I 2024-07-18 N/R OLED&2 차전지&MLCC 장비의 다양화 리딩투자증권 유성만 I 2024-07-02 N/R 회사소개 및 주요 사업현황 해당기업 IR팀 I 2024-06-27 N/R IR 後記: 8.6G OLED 제조장비 수주 기대 유진투자증권 박종선 I 2024-06-19 N/R 2차전지 실적 본격 반영되기 시작 하나증권 김성호 I 2024-",https://m.irgo.co.kr/IR-COMP/083930
083930::2024,083930,아바코,2024-06-27,False,,"이차전지 관련 매출 역대 최고치 달성 유진투자증권 박종선 I 2024-10-28 N/R 분기별 실적 성장 지속 중 하나증권 김성호 I 2024-10-28 N/R 회사소개 및 주요 경영현황 해당기업 IR팀 I 2024-08-13 N/R 2차전지 장비 경쟁력 입증, 최대 실적 전망 하나증권 김성호 I 2024-07-18 N/R OLED&2 차전지&MLCC 장비의 다양화 리딩투자증권 유성만 I 2024-07-02 N/R 회사소개 및 주요 사업현황 해당기업 IR팀 I 2024-06-27 N/R IR 後記: 8.6G OLED 제조장비 수주 기대 유진투자증권",https://m.irgo.co.kr/IR-COMP/083930
083930::2024,083930,아바코,2024-07-02,False,,"황 해당기업 IR팀 I 2024-11-26 N/R 3Q24 Review: 이차전지 관련 매출 역대 최고치 달성 유진투자증권 박종선 I 2024-10-28 N/R 분기별 실적 성장 지속 중 하나증권 김성호 I 2024-10-28 N/R 회사소개 및 주요 경영현황 해당기업 IR팀 I 2024-08-13 N/R 2차전지 장비 경쟁력 입증, 최대 실적 전망 하나증권 김성호 I 2024-07-18 N/R OLED&2 차전지&MLCC 장비의 다양화 리딩투자증권 유성만 I 2024-07-02 N/R 회사소개 및 주요 사업현황 해당기업 IR팀 I 2024-06-2",https://m.irgo.co.kr/IR-COMP/083930
083930::2024,083930,아바코,2024-07-18,False,,"소개 및 주요 사업현황 해당기업 IR팀 I 2025-01-13 N/R 회사소개 및 주요 경영현황 해당기업 IR팀 I 2024-11-26 N/R 3Q24 Review: 이차전지 관련 매출 역대 최고치 달성 유진투자증권 박종선 I 2024-10-28 N/R 분기별 실적 성장 지속 중 하나증권 김성호 I 2024-10-28 N/R 회사소개 및 주요 경영현황 해당기업 IR팀 I 2024-08-13 N/R 2차전지 장비 경쟁력 입증, 최대 실적 전망 하나증권 김성호 I 2024-07-18 N/R OLED&2 차전지&MLCC 장비의 다양화 리딩투자증권 유성만",https://m.irgo.co.kr/IR-COMP/083930
083930::2024,083930,아바코,2024-08-13,False,,"보이지 않는 곳에서도 꽃은 피기 시작한다 SK증권 권민규 I 2025-01-21 N/R 회사소개 및 주요 사업현황 해당기업 IR팀 I 2025-01-13 N/R 회사소개 및 주요 경영현황 해당기업 IR팀 I 2024-11-26 N/R 3Q24 Review: 이차전지 관련 매출 역대 최고치 달성 유진투자증권 박종선 I 2024-10-28 N/R 분기별 실적 성장 지속 중 하나증권 김성호 I 2024-10-28 N/R 회사소개 및 주요 경영현황 해당기업 IR팀 I 2024-08-13 N/R 2차전지 장비 경쟁력 입증, 최대 실적 전망 하나증권 김성호 I",https://m.irgo.co.kr/IR-COMP/083930
083930::2024,083930,아바코,2024-10-28,False,,장비 매출 본격화 기대 유진투자증권 박종선 I 2025-02-19 N/R 회사소개 및 주요 사업현황 해당기업 IR팀 I 2025-02-04 N/R 보이지 않는 곳에서도 꽃은 피기 시작한다 SK증권 권민규 I 2025-01-21 N/R 회사소개 및 주요 사업현황 해당기업 IR팀 I 2025-01-13 N/R 회사소개 및 주요 경영현황 해당기업 IR팀 I 2024-11-26 N/R 3Q24 Review: 이차전지 관련 매출 역대 최고치 달성 유진투자증권 박종선 I 2024-10-28 N/R 분기별 실적 성장 지속 중 하나증권 김성호 I 2024-10-2,https://m.irgo.co.kr/IR-COMP/083930
083930::2024,083930,아바코,2024-10-28,False,,회사소개 및 주요 사업현황 해당기업 IR팀 I 2025-02-04 N/R 보이지 않는 곳에서도 꽃은 피기 시작한다 SK증권 권민규 I 2025-01-21 N/R 회사소개 및 주요 사업현황 해당기업 IR팀 I 2025-01-13 N/R 회사소개 및 주요 경영현황 해당기업 IR팀 I 2024-11-26 N/R 3Q24 Review: 이차전지 관련 매출 역대 최고치 달성 유진투자증권 박종선 I 2024-10-28 N/R 분기별 실적 성장 지속 중 하나증권 김성호 I 2024-10-28 N/R 회사소개 및 주요 경영현황 해당기업 IR팀 I 2024-08-1,https://m.irgo.co.kr/IR-COMP/083930
083930::2024,083930,아바코,2024-11-26,False,,스플레이의 기막힌 선수교체 유진투자증권 허준서 I 2025-02-26 N/R 4Q24 Review: 디스플레이 장비 매출 본격화 기대 유진투자증권 박종선 I 2025-02-19 N/R 회사소개 및 주요 사업현황 해당기업 IR팀 I 2025-02-04 N/R 보이지 않는 곳에서도 꽃은 피기 시작한다 SK증권 권민규 I 2025-01-21 N/R 회사소개 및 주요 사업현황 해당기업 IR팀 I 2025-01-13 N/R 회사소개 및 주요 경영현황 해당기업 IR팀 I 2024-11-26 N/R 3Q24 Review: 이차전지 관련 매출 역대 최고치 달성 유,https://m.irgo.co.kr/IR-COMP/083930
092870::2024,092870,엑시콘,2024-04-15,False,,"권토중래(捲土重來) 유안타증권 권명준,서석준 I 2026-01-08 N/R CLT는 실적개선을, 신규장비는 성장성을 이끌 듯 iM증권 이상헌,장호 I 2025-10-10 N/R CXL의 아이콘, 엑시콘 한양증권 이준석 I 2025-03-26 N/R 부진의 지평선을 넘어 유안타증권 권명준 I 2025-01-21 N/R 회사소개 및 주요 사업현황 해당기업 IR팀 I 2024-05-23 N/R 1Q24 Preview: 상반기보다는 하반기 상상인증권 이소중,권오휘 I 2024-04-15 매수 2H24부터 성장 궤도 진입 기대 상상인증권 이소중 I 2023-",https://m.irgo.co.kr/IR-COMP/092870
092870::2024,092870,엑시콘,2024-05-23,False,,"SD 테스터 등으로 올해 사상 최대 실적 가시화 iM증권 이상헌,장호 I 2026-04-27 N/R 권토중래(捲土重來) 유안타증권 권명준,서석준 I 2026-01-08 N/R CLT는 실적개선을, 신규장비는 성장성을 이끌 듯 iM증권 이상헌,장호 I 2025-10-10 N/R CXL의 아이콘, 엑시콘 한양증권 이준석 I 2025-03-26 N/R 부진의 지평선을 넘어 유안타증권 권명준 I 2025-01-21 N/R 회사소개 및 주요 사업현황 해당기업 IR팀 I 2024-05-23 N/R 1Q24 Preview: 상반기보다는 하반기 상상인증권 이소중,",https://m.irgo.co.kr/IR-COMP/092870
094280::2024,094280,효성ITX,2024-01-31,False,,"리포트 N/R 2024년 1분기 경영실적 해당기업 IR팀 I 2024-04-26 N/R 2023년 4분기 경영실적 해당기업 IR팀 I 2024-01-31 N/R 꾸준한 실적, 저평가 매력 SK증권 나승두 I 2023-03-2",https://m.irgo.co.kr/IR-COMP/094280
094280::2024,094280,효성ITX,2024-04-26,False,,리포트 N/R 2024년 1분기 경영실적 해당기업 IR팀 I 2024-04-26 N/R 2023년 4분기 경영실적 해당기업 IR팀 I 2024-01-3,https://m.irgo.co.kr/IR-COMP/094280
102710::2024,102710,이엔에프테크놀로지,2024-05-21,False,,"NH투자증권 양정현,주민우 I 2025-07-21 N/R 2025년 1분기 실적발표 해당기업 IR팀 I 2025-05-19 N/R 2024년 4분기 실적발표 해당기업 IR팀 I 2025-03-20 N/R 매력적인 밸류에이션 신영증권 박상욱 I 2025-02-13 N/R 2024년 3분기 실적발표 해당기업 IR팀 I 2024-11-15 N/R 2024년 2분기 실적발표 해당기업 IR팀 I 2024-08-16 N/R 2024년 1분기 실적발표 해당기업 IR팀 I 2024-05-21 매수 하반기를 기다리자 하이투자증권 정원석 I 2021-05-18 매수",https://m.irgo.co.kr/IR-COMP/102710
102710::2024,102710,이엔에프테크놀로지,2024-08-16,False,,"팀 I 2025-08-18 매수 10배가 안되는 밸류에이션, 리레이팅 필요 NH투자증권 양정현,주민우 I 2025-07-21 N/R 2025년 1분기 실적발표 해당기업 IR팀 I 2025-05-19 N/R 2024년 4분기 실적발표 해당기업 IR팀 I 2025-03-20 N/R 매력적인 밸류에이션 신영증권 박상욱 I 2025-02-13 N/R 2024년 3분기 실적발표 해당기업 IR팀 I 2024-11-15 N/R 2024년 2분기 실적발표 해당기업 IR팀 I 2024-08-16 N/R 2024년 1분기 실적발표 해당기업 IR팀 I 2024-05-2",https://m.irgo.co.kr/IR-COMP/102710
102710::2024,102710,이엔에프테크놀로지,2024-11-15,False,,"우 I 2025-08-18 N/R 2025년 2분기 실적발표 해당기업 IR팀 I 2025-08-18 매수 10배가 안되는 밸류에이션, 리레이팅 필요 NH투자증권 양정현,주민우 I 2025-07-21 N/R 2025년 1분기 실적발표 해당기업 IR팀 I 2025-05-19 N/R 2024년 4분기 실적발표 해당기업 IR팀 I 2025-03-20 N/R 매력적인 밸류에이션 신영증권 박상욱 I 2025-02-13 N/R 2024년 3분기 실적발표 해당기업 IR팀 I 2024-11-15 N/R 2024년 2분기 실적발표 해당기업 IR팀 I 2024-08-1",https://m.irgo.co.kr/IR-COMP/102710
104620::2024,104620,노랑풍선,2024-01-29,True,,"리포트 N/R 체급이 낮으면, 더 날렵하다 SK증권 나승두 I 2025-02-12 N/R Mt. Modetour, 8부 능선에 도달 현대차증권 김현용,윤서영 I 2024-03-26 N/R 2024년 회복세에 이어 시장점유율 확대 기대 상상인증권 이준호,권오휘 I 2024-01-29 N/R 여행 플랫폼 경쟁력 강화 KB증권 이선화 I 2021-12-03",https://m.irgo.co.kr/IR-COMP/104620
104620::2024,104620,노랑풍선,2024-03-26,True,,"리포트 N/R 체급이 낮으면, 더 날렵하다 SK증권 나승두 I 2025-02-12 N/R Mt. Modetour, 8부 능선에 도달 현대차증권 김현용,윤서영 I 2024-03-26 N/R 2024년 회복세에 이어 시장점유율 확대 기대 상상인증권 이준호",https://m.irgo.co.kr/IR-COMP/104620
120240::2024,120240,대정화금,2024-03-14,True,,리포트 N/R 전통의 시약 전문가 IBK투자증권 이건재 I 2024-03-14 N/R 시약 국산화에 앞장서는 기업 IBK투자증권 이건재 I 2023-,https://m.irgo.co.kr/IR-COMP/120240
121060::2024,121060,유니포인트,2024-10-29,False,,리포트 N/R 회사소개 및 주요 경영현황 해당기업 IR팀 I 2025-11-06 N/R 회사소개 및 주요 경영현황 해당기업 IR팀 I 2024-10-29 N/R IBM 총판 기업 토러스투자증권 이왕진 I 2018-11-30,https://m.irgo.co.kr/IR-COMP/121060
123330::2024,123330,제닉,2024-10-21,True,효율,"주 확대 시동 하나증권 박은정,김다혜 I 2025-06-09 매수 가동률 증가 → 생산 효율 상승 하나증권 박은정,김다혜 I 2025-05-21 매수 1Q25 Preview: 호실적 지속 예상 하나증권 박은정,김다혜 I 2025-04-28 매수 4Q24 Review: 순항 중 하나증권 박은정,김다혜 I 2025-02-03 매수 3Q24 Review: 턴어라운드 하나증권 박은정,김다혜 I 2024-11-15 매수 9년 만의 화려한 비상 하나증권 박은정,김다혜 I 2024-10-21 N/R 화장품 업체들의 재무건전성 점검 KB증권 박신애 I 2019-0",https://m.irgo.co.kr/IR-COMP/123330
123330::2024,123330,제닉,2024-11-15,True,효율,"다각화 진행 중 미래에셋증권 배송이 I 2025-11-19 매수 전방위적 수주 확대 시동 하나증권 박은정,김다혜 I 2025-06-09 매수 가동률 증가 → 생산 효율 상승 하나증권 박은정,김다혜 I 2025-05-21 매수 1Q25 Preview: 호실적 지속 예상 하나증권 박은정,김다혜 I 2025-04-28 매수 4Q24 Review: 순항 중 하나증권 박은정,김다혜 I 2025-02-03 매수 3Q24 Review: 턴어라운드 하나증권 박은정,김다혜 I 2024-11-15 매수 9년 만의 화려한 비상 하나증권 박은정,김다혜 I 2024-10-",https://m.irgo.co.kr/IR-COMP/123330
124500::2024,124500,아이티센글로벌,2024-01-25,True,,"25-07-01 N/R 회사소개 및 주요 사업현황 해당기업 IR팀 I 2025-06-12 N/R 한국 유일 금 연동 스테이블코인 ‘GPC’ 발행, 실적은 사상 최고치 KB증권 임상국 I 2025-05-16 N/R 퓨리오사AI, 금, 디지털자산, 클라우드 사업의 집합체 KB증권 임상국 I 2025-04-30 N/R 디지털 전환에 진심인 기업 키움증권 오현진 I 2024-02-28 N/R AI 및 디지털자산 거래소, STO 등 성장 모멘텀 부각 KB증권 임상국 I 2024-01-25 N/R 한국 최초, 최대 실물 금속 기반 STO 사업 가치 부각 기대",https://m.irgo.co.kr/IR-COMP/124500
124500::2024,124500,아이티센글로벌,2024-02-28,True,,"기대 KB증권 임상국 I 2025-08-18 N/R 회사소개 및 주요 사업현황 해당기업 IR팀 I 2025-07-01 N/R 회사소개 및 주요 사업현황 해당기업 IR팀 I 2025-06-12 N/R 한국 유일 금 연동 스테이블코인 ‘GPC’ 발행, 실적은 사상 최고치 KB증권 임상국 I 2025-05-16 N/R 퓨리오사AI, 금, 디지털자산, 클라우드 사업의 집합체 KB증권 임상국 I 2025-04-30 N/R 디지털 전환에 진심인 기업 키움증권 오현진 I 2024-02-28 N/R AI 및 디지털자산 거래소, STO 등 성장 모멘텀 부각 KB증",https://m.irgo.co.kr/IR-COMP/124500
137080::2024,137080,나래나노텍,2024-12-12,True,,"리포트 N/R 전방 투자 재개 시그널 미래에셋증권 김철중,강민희 I 2024-12-12 N/R IT-OLED 채택 확대에 따른 투자 수혜 기대 유진투자증권 박",https://m.irgo.co.kr/IR-COMP/137080
140430::2024,140430,카티스,2024-12-20,False,,리포트 N/R 회사소개 및 주요 경영현황 해당기업 IR팀 I 2025-12-19 N/R 회사소개 및 주요 사업현황 해당기업 IR팀 I 2024-12-20 더보기,https://m.irgo.co.kr/IR-COMP/140430
142210::2024,142210,유니트론텍,2024-01-08,True,,"홍식 I 2026-08-18 N/R 이제 저평가 아닌 재평가(feat. Micron, AUO) 키움증권 오현진 I 2026-07-02 N/R 이제 저평가 아닌 재평가(feat. Micron, AUO) 키움증권 오현진 I 2026-06-02 N/R 차량용 메모리 반도체 공급 LS증권 정홍식 I 2026-05-18 N/R 차량용 메모리 반도체 공급 LS증권 정홍식 I 2026-01-14 N/R 가장 저평가된 로봇 업체, 리레이팅이 필요한 시점! 하나증권 조정현 I 2024-01-08 매수 차량 전장화 숨은 수혜주 대신증권 박장욱 I 2023-09-21",https://m.irgo.co.kr/IR-COMP/142210
162120::2024,162120,루켄테크놀러지스,2024-06-28,False,,"리포트 N/R 회사소개 및 주요 사업현황 해당기업 IR팀 I 2026-07-03 N/R 회사소개 및 주요 사업현황 해당기업 IR팀 I 2026-06-16 N/R 회사소개 및 주요 사업현황 해당기업 IR팀 I 2025-11-06 N/R 회사소개 및 주요 사업현황 해당기업 IR팀 I 2025-06-24 N/R 회사소개 및 주요 사업현황 해당기업 IR팀 I 2024-10-29 N/R 회사소개 및 주요 사업현황 해당기업 IR팀 I 2024-06-28 N/R 반도체 시장에 출사표 신한투자증권 오강호,심원용 I 2022-1",https://m.irgo.co.kr/IR-COMP/162120
162120::2024,162120,루켄테크놀러지스,2024-10-29,False,,리포트 N/R 회사소개 및 주요 사업현황 해당기업 IR팀 I 2026-07-03 N/R 회사소개 및 주요 사업현황 해당기업 IR팀 I 2026-06-16 N/R 회사소개 및 주요 사업현황 해당기업 IR팀 I 2025-11-06 N/R 회사소개 및 주요 사업현황 해당기업 IR팀 I 2025-06-24 N/R 회사소개 및 주요 사업현황 해당기업 IR팀 I 2024-10-29 N/R 회사소개 및 주요 사업현황 해당기업 IR팀 I 2024-06-2,https://m.irgo.co.kr/IR-COMP/162120
170030::2024,170030,현대공업,2024-09-23,True,,"리포트 현대공업 I 2017-05-19 더보기 IR일정 [IPO기업] 코스닥 상장을 위한 대규모 기업 IR 현대공업 I 2013-11-19 더보기 리포트 매수 배당 유지만 해도 기대 배당수익률 6% 신영증권 문용권 I 2026-09-01 N/R 미국 공장 본격 가동 + 고객사 다변화 = 관세장벽 극복 SK증권 허선재 I 2025-03-07 N/R 내장재의 고급화와 친환경전략 IR큐더스 박경수 I 2024-09-23 N/R 저도 미국에 공장 지어요 하나증권 송선재,안도현 I 2023-0",https://m.irgo.co.kr/IR-COMP/170030
184230::2024,184230,SGA솔루션즈,2024-04-25,False,,리포트 N/R 회사소개 및 주요 사업현황 해당기업 IR팀 I 2025-11-24 N/R 회사소개 및 주요 사업현황 해당기업 IR팀 I 2025-06-26 N/R 회사소개 및 주요 사업현황 해당기업 IR팀 I 2024-12-10 N/R 회사소개 및 주요 사업현황 해당기업 IR팀 I 2024-04-25 N/R 미래를 대비하는 통합보안 솔루션 키움증권 한동희 I 2017-0,https://m.irgo.co.kr/IR-COMP/184230
184230::2024,184230,SGA솔루션즈,2024-12-10,False,,리포트 N/R 회사소개 및 주요 사업현황 해당기업 IR팀 I 2025-11-24 N/R 회사소개 및 주요 사업현황 해당기업 IR팀 I 2025-06-26 N/R 회사소개 및 주요 사업현황 해당기업 IR팀 I 2024-12-10 N/R 회사소개 및 주요 사업현황 해당기업 IR팀 I 2024-04-2,https://m.irgo.co.kr/IR-COMP/184230
192410::2024,192410,오늘이엔엠,2024-07-17,False,,리포트 N/R 회사소개 및 주요 경영현황 해당기업 IR팀 I 2026-08-28 N/R 회사소개 및 주요 경영현황 해당기업 IR팀 I 2026-05-26 N/R 회사소개 및 주요 경영현황 해당기업 IR팀 I 2026-05-12 N/R 회사소개 및 주요 사업현황 해당기업 IR팀 I 2026-04-09 N/R 회사소개 및 주요 사업현황 해당기업 IR팀 I 2024-07-17 N/R 제한적인 반등은 가능할 전망 한국투자증권 박경재 I 2016-0,https://m.irgo.co.kr/IR-COMP/192410
194700::2024,194700,노바렉스,2024-05-20,True,,"자증권 장지혜,김대성 I 2025-07-04 매수 K-건기식 ODM도 서프라이즈! DS투자증권 장지혜,김대성 I 2025-05-15 매수 중국향 건기식 수출이 견인할 실적 성장 DS투자증권 장지혜,김대성 I 2025-05-07 매수 글로벌 건기식 ODM으로 도약 DS투자증권 장지혜,김대성 I 2025-03-31 매수 수출로 Super 노바-렉스 DS투자증권 장지혜 I 2024-06-21 매수 낮은 기대보다 더 부진한 내수 성적 KB증권 이수경,성현동,전소희 I 2024-05-20 매수 2024년 전망: 해외성장세 기대 KB증권 이수경,성현동,김선봉",https://m.irgo.co.kr/IR-COMP/194700
194700::2024,194700,노바렉스,2024-06-21,True,,"투자증권 장지혜,강태호 I 2025-08-18 매수 중국 건기식 소비 트렌드와 함께 성장 DS투자증권 장지혜,김대성 I 2025-07-04 매수 K-건기식 ODM도 서프라이즈! DS투자증권 장지혜,김대성 I 2025-05-15 매수 중국향 건기식 수출이 견인할 실적 성장 DS투자증권 장지혜,김대성 I 2025-05-07 매수 글로벌 건기식 ODM으로 도약 DS투자증권 장지혜,김대성 I 2025-03-31 매수 수출로 Super 노바-렉스 DS투자증권 장지혜 I 2024-06-21 매수 낮은 기대보다 더 부진한 내수 성적 KB증권 이수경,성현동,전소희",https://m.irgo.co.kr/IR-COMP/194700
199150::2024,199150,데이터스트림즈,2024-10-29,False,,"리포트 N/R 회사소개 및 주요 사업현황 해당기업 IR팀 I 2025-11-06 N/R 회사소개 및 주요 사업현황 해당기업 IR팀 I 2024-10-29 N/R 글로벌 데이터 기업을 향한 도움닫기 신한투자증권 정민구,백지우",https://m.irgo.co.kr/IR-COMP/199150
200350::2024,200350,아티스트스튜디오,2024-03-26,True,,"리포트 N/R 포트폴리오 다변화를 통한 기회 모색 IBK투자증권 남성현 I 2024-06-24 N/R 실적에 볕들 날을 기다리며 현대차증권 김현용,윤서영 I 2024-03-26 N/R 드라마 외 다양한 콘텐츠 제작 확대 IBK투자증권 김태현,백종민",https://m.irgo.co.kr/IR-COMP/200350
200350::2024,200350,아티스트스튜디오,2024-06-24,True,,"리포트 N/R 포트폴리오 다변화를 통한 기회 모색 IBK투자증권 남성현 I 2024-06-24 N/R 실적에 볕들 날을 기다리며 현대차증권 김현용,윤서영 I 2024",https://m.irgo.co.kr/IR-COMP/200350
214180::2024,214180,헥토이노베이션,2024-03-14,False,,"IR팀 I 2024-05-09 매수 1Q24 Review: 분기 최대 매출, Valuation 매력 보유 유진투자증권 박종선 I 2024-05-09 N/R 니 내 누군지 아니? 유안타증권 권명준 I 2024-05-09 N/R 2024년 1분기 실적발표 해당기업 IR팀 I 2024-05-08 N/R 2023년 4분기 실적발표 해당기업 IR팀 I 2024-03-18 매수 4Q23 Review: 안정적 성장 지속, Valuation 매력 보유 유진투자증권 박종선 I 2024-03-14 매수 3Q23 Review: 14분기 연속 최고 매출 달성, Valua",https://m.irgo.co.kr/IR-COMP/214180
214180::2024,214180,헥토이노베이션,2024-03-18,False,,"3 N/R 회사소개 및 주요 경영현황 해당기업 IR팀 I 2024-05-23 N/R 회사소개 및 주요 사업현황 해당기업 IR팀 I 2024-05-09 매수 1Q24 Review: 분기 최대 매출, Valuation 매력 보유 유진투자증권 박종선 I 2024-05-09 N/R 니 내 누군지 아니? 유안타증권 권명준 I 2024-05-09 N/R 2024년 1분기 실적발표 해당기업 IR팀 I 2024-05-08 N/R 2023년 4분기 실적발표 해당기업 IR팀 I 2024-03-18 매수 4Q23 Review: 안정적 성장 지속, Valuation 매력",https://m.irgo.co.kr/IR-COMP/214180
214180::2024,214180,헥토이노베이션,2024-05-08,False,,"9 N/R 회사소개 및 주요 경영현황 해당기업 IR팀 I 2024-06-03 N/R 회사소개 및 주요 경영현황 해당기업 IR팀 I 2024-05-23 N/R 회사소개 및 주요 사업현황 해당기업 IR팀 I 2024-05-09 매수 1Q24 Review: 분기 최대 매출, Valuation 매력 보유 유진투자증권 박종선 I 2024-05-09 N/R 니 내 누군지 아니? 유안타증권 권명준 I 2024-05-09 N/R 2024년 1분기 실적발표 해당기업 IR팀 I 2024-05-08 N/R 2023년 4분기 실적발표 해당기업 IR팀 I 2024-03-1",https://m.irgo.co.kr/IR-COMP/214180
214180::2024,214180,헥토이노베이션,2024-05-09,False,,"I 2024-08-13 매수 2Q24 Review: 분기 최대 매출 달성, Valuation 매력 보유 유진투자증권 박종선 I 2024-08-09 N/R 회사소개 및 주요 경영현황 해당기업 IR팀 I 2024-06-03 N/R 회사소개 및 주요 경영현황 해당기업 IR팀 I 2024-05-23 N/R 회사소개 및 주요 사업현황 해당기업 IR팀 I 2024-05-09 매수 1Q24 Review: 분기 최대 매출, Valuation 매력 보유 유진투자증권 박종선 I 2024-05-09 N/R 니 내 누군지 아니? 유안타증권 권명준 I 2024-05-09",https://m.irgo.co.kr/IR-COMP/214180
214180::2024,214180,헥토이노베이션,2024-05-09,False,,"성, Valuation 매력 보유 유진투자증권 박종선 I 2024-08-09 N/R 회사소개 및 주요 경영현황 해당기업 IR팀 I 2024-06-03 N/R 회사소개 및 주요 경영현황 해당기업 IR팀 I 2024-05-23 N/R 회사소개 및 주요 사업현황 해당기업 IR팀 I 2024-05-09 매수 1Q24 Review: 분기 최대 매출, Valuation 매력 보유 유진투자증권 박종선 I 2024-05-09 N/R 니 내 누군지 아니? 유안타증권 권명준 I 2024-05-09 N/R 2024년 1분기 실적발표 해당기업 IR팀 I 2024-05-0",https://m.irgo.co.kr/IR-COMP/214180
214180::2024,214180,헥토이노베이션,2024-05-09,False,,"해당기업 IR팀 I 2024-08-16 N/R 상반기 성적 Good, 하반기 Very Good 기대 유안타증권 권명준 I 2024-08-13 매수 2Q24 Review: 분기 최대 매출 달성, Valuation 매력 보유 유진투자증권 박종선 I 2024-08-09 N/R 회사소개 및 주요 경영현황 해당기업 IR팀 I 2024-06-03 N/R 회사소개 및 주요 경영현황 해당기업 IR팀 I 2024-05-23 N/R 회사소개 및 주요 사업현황 해당기업 IR팀 I 2024-05-09 매수 1Q24 Review: 분기 최대 매출, Valuation 매력",https://m.irgo.co.kr/IR-COMP/214180
214180::2024,214180,헥토이노베이션,2024-05-23,False,,"해당기업 IR팀 I 2024-09-10 N/R 회사소개 및 주요 경영현황 해당기업 IR팀 I 2024-08-16 N/R 상반기 성적 Good, 하반기 Very Good 기대 유안타증권 권명준 I 2024-08-13 매수 2Q24 Review: 분기 최대 매출 달성, Valuation 매력 보유 유진투자증권 박종선 I 2024-08-09 N/R 회사소개 및 주요 경영현황 해당기업 IR팀 I 2024-06-03 N/R 회사소개 및 주요 경영현황 해당기업 IR팀 I 2024-05-23 N/R 회사소개 및 주요 사업현황 해당기업 IR팀 I 2024-05-0",https://m.irgo.co.kr/IR-COMP/214180
214180::2024,214180,헥토이노베이션,2024-06-03,False,,"안타증권 권명준 I 2024-09-13 N/R 회사소개 및 주요 경영현황 해당기업 IR팀 I 2024-09-10 N/R 회사소개 및 주요 경영현황 해당기업 IR팀 I 2024-08-16 N/R 상반기 성적 Good, 하반기 Very Good 기대 유안타증권 권명준 I 2024-08-13 매수 2Q24 Review: 분기 최대 매출 달성, Valuation 매력 보유 유진투자증권 박종선 I 2024-08-09 N/R 회사소개 및 주요 경영현황 해당기업 IR팀 I 2024-06-03 N/R 회사소개 및 주요 경영현황 해당기업 IR팀 I 2024-05-2",https://m.irgo.co.kr/IR-COMP/214180
214180::2024,214180,헥토이노베이션,2024-08-09,False,,"권명준 I 2024-10-22 N/R [NDR 후기] 우상향 실적 지속 유안타증권 권명준 I 2024-09-13 N/R 회사소개 및 주요 경영현황 해당기업 IR팀 I 2024-09-10 N/R 회사소개 및 주요 경영현황 해당기업 IR팀 I 2024-08-16 N/R 상반기 성적 Good, 하반기 Very Good 기대 유안타증권 권명준 I 2024-08-13 매수 2Q24 Review: 분기 최대 매출 달성, Valuation 매력 보유 유진투자증권 박종선 I 2024-08-09 N/R 회사소개 및 주요 경영현황 해당기업 IR팀 I 2024-06-0",https://m.irgo.co.kr/IR-COMP/214180
214180::2024,214180,헥토이노베이션,2024-08-13,False,,"대감 = 저평가 해소 키움증권 오현진 I 2024-11-06 N/R 매출성장세가 이어지는 보안기업을 찾으시나요? 유안타증권 권명준 I 2024-10-22 N/R [NDR 후기] 우상향 실적 지속 유안타증권 권명준 I 2024-09-13 N/R 회사소개 및 주요 경영현황 해당기업 IR팀 I 2024-09-10 N/R 회사소개 및 주요 경영현황 해당기업 IR팀 I 2024-08-16 N/R 상반기 성적 Good, 하반기 Very Good 기대 유안타증권 권명준 I 2024-08-13 매수 2Q24 Review: 분기 최대 매출 달성, Valuation",https://m.irgo.co.kr/IR-COMP/214180
214180::2024,214180,헥토이노베이션,2024-08-16,False,,"2024년 3분기 실적발표 해당기업 IR팀 I 2024-11-07 N/R 견조한 본업 + 헬스케어 기대감 = 저평가 해소 키움증권 오현진 I 2024-11-06 N/R 매출성장세가 이어지는 보안기업을 찾으시나요? 유안타증권 권명준 I 2024-10-22 N/R [NDR 후기] 우상향 실적 지속 유안타증권 권명준 I 2024-09-13 N/R 회사소개 및 주요 경영현황 해당기업 IR팀 I 2024-09-10 N/R 회사소개 및 주요 경영현황 해당기업 IR팀 I 2024-08-16 N/R 상반기 성적 Good, 하반기 Very Good 기대 유안타증권",https://m.irgo.co.kr/IR-COMP/214180
214180::2024,214180,헥토이노베이션,2024-09-10,False,,최대 매출 갱신 지속 중 유진투자증권 박종선 I 2024-11-08 N/R 2024년 3분기 실적발표 해당기업 IR팀 I 2024-11-07 N/R 견조한 본업 + 헬스케어 기대감 = 저평가 해소 키움증권 오현진 I 2024-11-06 N/R 매출성장세가 이어지는 보안기업을 찾으시나요? 유안타증권 권명준 I 2024-10-22 N/R [NDR 후기] 우상향 실적 지속 유안타증권 권명준 I 2024-09-13 N/R 회사소개 및 주요 경영현황 해당기업 IR팀 I 2024-09-10 N/R 회사소개 및 주요 경영현황 해당기업 IR팀 I 2024-08-1,https://m.irgo.co.kr/IR-COMP/214180
214180::2024,214180,헥토이노베이션,2024-09-13,False,,! 유안타증권 권명준 I 2024-11-12 매수 3Q24 Review: 최대 매출 갱신 지속 중 유진투자증권 박종선 I 2024-11-08 N/R 2024년 3분기 실적발표 해당기업 IR팀 I 2024-11-07 N/R 견조한 본업 + 헬스케어 기대감 = 저평가 해소 키움증권 오현진 I 2024-11-06 N/R 매출성장세가 이어지는 보안기업을 찾으시나요? 유안타증권 권명준 I 2024-10-22 N/R [NDR 후기] 우상향 실적 지속 유안타증권 권명준 I 2024-09-13 N/R 회사소개 및 주요 경영현황 해당기업 IR팀 I 2024-09-1,https://m.irgo.co.kr/IR-COMP/214180
214180::2024,214180,헥토이노베이션,2024-10-22,True,,최대 실적 유안타증권 권명준 I 2025-02-27 N/R 남은 카드가 아직도 많다! 유안타증권 권명준 I 2024-11-12 매수 3Q24 Review: 최대 매출 갱신 지속 중 유진투자증권 박종선 I 2024-11-08 N/R 2024년 3분기 실적발표 해당기업 IR팀 I 2024-11-07 N/R 견조한 본업 + 헬스케어 기대감 = 저평가 해소 키움증권 오현진 I 2024-11-06 N/R 매출성장세가 이어지는 보안기업을 찾으시나요? 유안타증권 권명준 I 2024-10-22 N/R [NDR 후기] 우상향 실적 지속 유안타증권 권명준 I 2024,https://m.irgo.co.kr/IR-COMP/214180
214180::2024,214180,헥토이노베이션,2024-11-06,False,,iew: 3분기 연속 최대 매출 갱신 유진투자증권 박종선 I 2025-03-05 N/R 사상 최대 실적 유안타증권 권명준 I 2025-02-27 N/R 남은 카드가 아직도 많다! 유안타증권 권명준 I 2024-11-12 매수 3Q24 Review: 최대 매출 갱신 지속 중 유진투자증권 박종선 I 2024-11-08 N/R 2024년 3분기 실적발표 해당기업 IR팀 I 2024-11-07 N/R 견조한 본업 + 헬스케어 기대감 = 저평가 해소 키움증권 오현진 I 2024-11-06 N/R 매출성장세가 이어지는 보안기업을 찾으시나요? 유안타증권 권명준,https://m.irgo.co.kr/IR-COMP/214180
214180::2024,214180,헥토이노베이션,2024-11-07,False,,N/R 회사소개 및 주요 경영현황 해당기업 IR팀 I 2025-03-13 매수 4Q24 Review: 3분기 연속 최대 매출 갱신 유진투자증권 박종선 I 2025-03-05 N/R 사상 최대 실적 유안타증권 권명준 I 2025-02-27 N/R 남은 카드가 아직도 많다! 유안타증권 권명준 I 2024-11-12 매수 3Q24 Review: 최대 매출 갱신 지속 중 유진투자증권 박종선 I 2024-11-08 N/R 2024년 3분기 실적발표 해당기업 IR팀 I 2024-11-07 N/R 견조한 본업 + 헬스케어 기대감 = 저평가 해소 키움증권 오현진,https://m.irgo.co.kr/IR-COMP/214180
214180::2024,214180,헥토이노베이션,2024-11-08,False,,[NDR후기] 암중모색(暗中摸索) 유안타증권 권명준 I 2025-04-16 N/R 회사소개 및 주요 경영현황 해당기업 IR팀 I 2025-03-13 매수 4Q24 Review: 3분기 연속 최대 매출 갱신 유진투자증권 박종선 I 2025-03-05 N/R 사상 최대 실적 유안타증권 권명준 I 2025-02-27 N/R 남은 카드가 아직도 많다! 유안타증권 권명준 I 2024-11-12 매수 3Q24 Review: 최대 매출 갱신 지속 중 유진투자증권 박종선 I 2024-11-08 N/R 2024년 3분기 실적발표 해당기업 IR팀 I 2024-11-0,https://m.irgo.co.kr/IR-COMP/214180
214180::2024,214180,헥토이노베이션,2024-11-12,True,,5 Review: 4분기 연속 최대 매출 갱신 유진투자증권 박종선 I 2025-05-09 N/R [NDR후기] 암중모색(暗中摸索) 유안타증권 권명준 I 2025-04-16 N/R 회사소개 및 주요 경영현황 해당기업 IR팀 I 2025-03-13 매수 4Q24 Review: 3분기 연속 최대 매출 갱신 유진투자증권 박종선 I 2025-03-05 N/R 사상 최대 실적 유안타증권 권명준 I 2025-02-27 N/R 남은 카드가 아직도 많다! 유안타증권 권명준 I 2024-11-12 매수 3Q24 Review: 최대 매출 갱신 지속 중 유진투자증권 박종,https://m.irgo.co.kr/IR-COMP/214180
214260::2024,214260,라파스,2024-09-10,False,,"리포트 N/R 내수 ODM 매출 성장이 기대된다 상상인증권 하태기 I 2026-08-24 N/R 회사소개 및 주요 사업현황 해당기업 IR팀 I 2025-12-18 N/R 점진적 매출 증가, 자회사 고성장 상상인증권 하태기 I 2025-12-15 N/R 마이크로니들 패치제형 잠재력 주목 상상인증권 하태기 I 2024-10-30 N/R 회사소개 및 주요 사업현황 해당기업 IR팀 I 2024-09-11 N/R 회사소개 및 주요 사업현황 해당기업 IR팀 I 2024-09-10 N/R 마이크로니들 파이프라인 개발 순항중 하나증권 조정현 I 2023",https://m.irgo.co.kr/IR-COMP/214260
214260::2024,214260,라파스,2024-09-11,False,,"리포트 N/R 내수 ODM 매출 성장이 기대된다 상상인증권 하태기 I 2026-08-24 N/R 회사소개 및 주요 사업현황 해당기업 IR팀 I 2025-12-18 N/R 점진적 매출 증가, 자회사 고성장 상상인증권 하태기 I 2025-12-15 N/R 마이크로니들 패치제형 잠재력 주목 상상인증권 하태기 I 2024-10-30 N/R 회사소개 및 주요 사업현황 해당기업 IR팀 I 2024-09-11 N/R 회사소개 및 주요 사업현황 해당기업 IR팀 I 2024-09-1",https://m.irgo.co.kr/IR-COMP/214260
214260::2024,214260,라파스,2024-10-30,False,,"리포트 N/R 내수 ODM 매출 성장이 기대된다 상상인증권 하태기 I 2026-08-24 N/R 회사소개 및 주요 사업현황 해당기업 IR팀 I 2025-12-18 N/R 점진적 매출 증가, 자회사 고성장 상상인증권 하태기 I 2025-12-15 N/R 마이크로니들 패치제형 잠재력 주목 상상인증권 하태기 I 2024-10-30 N/R 회사소개 및 주요 사업현황 해당기업 IR팀 I 2024-09-1",https://m.irgo.co.kr/IR-COMP/214260
222810::2024,222810,세토피아,2024-04-04,False,,리포트 N/R 회사소개 및 주요 사업현황 해당기업 IR팀 I 2024-04-04 N/R 반드시 지켜봐야 할 항암제 기업 토러스투자증권 오병용 I 201,https://m.irgo.co.kr/IR-COMP/222810
224760::2024,224760,엔에스컴퍼니,2024-06-12,False,,리포트 N/R 회사소개 및 주요 사업현황 해당기업 IR팀 I 2026-06-24 N/R 회사소개 및 주요 사업현황 해당기업 IR팀 I 2025-11-19 N/R 회사소개 및 주요 사업현황 해당기업 IR팀 I 2025-06-27 N/R 회사소개 및 주요 사업현황 해당기업 IR팀 I 2024-11-15 N/R 회사소개 및 주요 사업현황 해당기업 IR팀 I 2024-06-12 N/R 에너지 전환(전력화)로 인한 수혜 기대 한화투자증권 리서치센터,https://m.irgo.co.kr/IR-COMP/224760
224760::2024,224760,엔에스컴퍼니,2024-11-15,False,,리포트 N/R 회사소개 및 주요 사업현황 해당기업 IR팀 I 2026-06-24 N/R 회사소개 및 주요 사업현황 해당기업 IR팀 I 2025-11-19 N/R 회사소개 및 주요 사업현황 해당기업 IR팀 I 2025-06-27 N/R 회사소개 및 주요 사업현황 해당기업 IR팀 I 2024-11-15 N/R 회사소개 및 주요 사업현황 해당기업 IR팀 I 2024-06-1,https://m.irgo.co.kr/IR-COMP/224760
234080::2024,234080,JW생명과학,2024-04-01,True,,"리포트 매수 TPN 및 영양수액제 중심의 안정적 성장 지속 상상인증권 하태기 I 2026-05-06 매수 수액제 강자, 안정적 실적 성장 지속 상상인증권 하태기 I 2025-11-18 N/R 회사소개 및 주요 경영현황 해당기업 IR팀 I 2025-04-09 매수 필수의약품, 안정적 성장 지속 상상인증권 하태기 I 2025-03-26 매수 빙빙 돌아가는 수액 공장처럼 키움증권 신민수 I 2024-09-30 매수 수액 SWAG 키움증권 신민수 I 2024-04-01 매수 연말에 매력이 있는 주식이다 상상인증권 하태기 I 2023-11-",https://m.irgo.co.kr/IR-COMP/234080
234080::2024,234080,JW생명과학,2024-09-30,True,,"리포트 매수 TPN 및 영양수액제 중심의 안정적 성장 지속 상상인증권 하태기 I 2026-05-06 매수 수액제 강자, 안정적 실적 성장 지속 상상인증권 하태기 I 2025-11-18 N/R 회사소개 및 주요 경영현황 해당기업 IR팀 I 2025-04-09 매수 필수의약품, 안정적 성장 지속 상상인증권 하태기 I 2025-03-26 매수 빙빙 돌아가는 수액 공장처럼 키움증권 신민수 I 2024-09-30 매수 수액 SWAG 키움증권 신민수 I 2024-04-01 매수 연말에",https://m.irgo.co.kr/IR-COMP/234080
241770::2024,241770,메카로,2024-02-16,False,,실적 해당기업 IR팀 I 2025-05-15 N/R 회사소개 및 주요 경영현황 해당기업 IR팀 I 2025-04-17 N/R 2024년 4분기 경영실적 해당기업 IR팀 I 2025-02-12 N/R 2024년 2분기 경영실적 해당기업 IR팀 I 2024-08-16 N/R 2024년 1분기 경영실적 해당기업 IR팀 I 2024-05-17 N/R 회사소개 및 주요 경영현황 해당기업 IR팀 I 2024-03-14 N/R 2023년 4분기 경영실적 해당기업 IR팀 I 2024-02-16 N/R 재조명받을 프리커서 경쟁력 미래에셋증권 김영건 I 2022-06,https://m.irgo.co.kr/IR-COMP/241770
241770::2024,241770,메카로,2024-03-14,False,,유진투자증권 임소정 I 2025-06-09 N/R 2025년 1분기 경영실적 해당기업 IR팀 I 2025-05-15 N/R 회사소개 및 주요 경영현황 해당기업 IR팀 I 2025-04-17 N/R 2024년 4분기 경영실적 해당기업 IR팀 I 2025-02-12 N/R 2024년 2분기 경영실적 해당기업 IR팀 I 2024-08-16 N/R 2024년 1분기 경영실적 해당기업 IR팀 I 2024-05-17 N/R 회사소개 및 주요 경영현황 해당기업 IR팀 I 2024-03-14 N/R 2023년 4분기 경영실적 해당기업 IR팀 I 2024-02-1,https://m.irgo.co.kr/IR-COMP/241770
241770::2024,241770,메카로,2024-05-17,False,,황 해당기업 IR팀 I 2025-07-02 N/R 신소재 사업으로 도약하기 유진투자증권 임소정 I 2025-06-09 N/R 2025년 1분기 경영실적 해당기업 IR팀 I 2025-05-15 N/R 회사소개 및 주요 경영현황 해당기업 IR팀 I 2025-04-17 N/R 2024년 4분기 경영실적 해당기업 IR팀 I 2025-02-12 N/R 2024년 2분기 경영실적 해당기업 IR팀 I 2024-08-16 N/R 2024년 1분기 경영실적 해당기업 IR팀 I 2024-05-17 N/R 회사소개 및 주요 경영현황 해당기업 IR팀 I 2024-03-1,https://m.irgo.co.kr/IR-COMP/241770
241770::2024,241770,메카로,2024-08-16,False,,적 해당기업 IR팀 I 2025-08-18 N/R 회사소개 및 주요 경영현황 해당기업 IR팀 I 2025-07-02 N/R 신소재 사업으로 도약하기 유진투자증권 임소정 I 2025-06-09 N/R 2025년 1분기 경영실적 해당기업 IR팀 I 2025-05-15 N/R 회사소개 및 주요 경영현황 해당기업 IR팀 I 2025-04-17 N/R 2024년 4분기 경영실적 해당기업 IR팀 I 2025-02-12 N/R 2024년 2분기 경영실적 해당기업 IR팀 I 2024-08-16 N/R 2024년 1분기 경영실적 해당기업 IR팀 I 2024-05-1,https://m.irgo.co.kr/IR-COMP/241770
244920::2024,244920,에이플러스에셋어드바이저,2024-06-17,True,,리포트 N/R 설계사의 높은 생산성. 본업 외는 지켜봐야 iM증권 설용진 I 2026-09-10 N/R NDR후기: 너무나도 좋은 업황과 방향성 SK증권 설용진 I 2024-12-09 N/R 신계약 판매 및 밸류에이션 모두 매력적 SK증권 설용진 I 2024-06-17 N/R 생명보험 신계약 회복이 관건 유안타증권 정태준 I 2023-12,https://m.irgo.co.kr/IR-COMP/244920
244920::2024,244920,에이플러스에셋어드바이저,2024-12-09,True,,리포트 N/R 설계사의 높은 생산성. 본업 외는 지켜봐야 iM증권 설용진 I 2026-09-10 N/R NDR후기: 너무나도 좋은 업황과 방향성 SK증권 설용진 I 2024-12-09 N/R 신계약 판매 및 밸류에이션 모두 매력적 SK증권 설용진 I 20,https://m.irgo.co.kr/IR-COMP/244920
250930::2024,250930,예선테크,2024-07-25,False,,리포트 N/R 회사소개 및 주요 사업현황 해당기업 IR팀 I 2026-09-08 N/R 회사소개 및 주요 사업현황 해당기업 IR팀 I 2026-08-26 N/R 회사소개 및 주요 사업현황 해당기업 IR팀 I 2024-07-25 N/R 점착소재 전문가 KB증권 이창민 I 2022-06-15 N/R,https://m.irgo.co.kr/IR-COMP/250930
253590::2024,253590,네오셈,2024-07-04,True,,"26-09-02 N/R Gen5가 당기고 CLT가 받친다 신한투자증권 김유민,최승환 I 2026-08-11 N/R HBM 다음은 HBF 미래에셋증권 장다현 I 2026-02-02 N/R 회사소개 및 주요 경영현황 해당기업 IR팀 I 2025-11-17 N/R 중장기 성장 동력 확보 중 신영증권 박상욱 I 2025-04-08 N/R 이유 있는 성장. 기대되는 25년 키움증권 오현진 I 2025-01-13 N/R CXL 관련주 이상의 존재감 신한투자증권 남궁현 I 2024-07-04 N/R 차세대 메모리 검사 장비의 주역(feat. CXL) 키움증권 오",https://m.irgo.co.kr/IR-COMP/253590
253590::2024,253590,네오셈,2024-07-04,True,,"8-11 N/R HBM 다음은 HBF 미래에셋증권 장다현 I 2026-02-02 N/R 회사소개 및 주요 경영현황 해당기업 IR팀 I 2025-11-17 N/R 중장기 성장 동력 확보 중 신영증권 박상욱 I 2025-04-08 N/R 이유 있는 성장. 기대되는 25년 키움증권 오현진 I 2025-01-13 N/R CXL 관련주 이상의 존재감 신한투자증권 남궁현 I 2024-07-04 N/R 차세대 메모리 검사 장비의 주역(feat. CXL) 키움증권 오현진 I 2024-07-04 N/R 2024년에도 성장세 지속 상상인증권 이소중,이준호 I 2023",https://m.irgo.co.kr/IR-COMP/253590
254490::2024,254490,미래반도체,2024-06-21,True,,"리포트 N/R 메모리 가격 인상 동반 수혜 신한투자증권 김형태,송혜수 I 2025-12-23 N/R 하반기 수요 변동성 확인 필요 신한투자증권 김형태,송혜수 I 2025-06-23 N/R 회사소개 및 주요 사업현황 해당기업 IR팀 I 2024-12-17 N/R 수요 개선을 기다리는 구간 신한투자증권 김형태,여현석 I 2024-12-13 N/R 보호장벽 위 안정적 실적 회복 신한투자증권 이경아 I 2024-06-21 N/R NDR 후기: 히든 챔피언 향기 신한투자증권 박윤,오강호 I 2",https://m.irgo.co.kr/IR-COMP/254490
254490::2024,254490,미래반도체,2024-12-13,False,,"리포트 N/R 메모리 가격 인상 동반 수혜 신한투자증권 김형태,송혜수 I 2025-12-23 N/R 하반기 수요 변동성 확인 필요 신한투자증권 김형태,송혜수 I 2025-06-23 N/R 회사소개 및 주요 사업현황 해당기업 IR팀 I 2024-12-17 N/R 수요 개선을 기다리는 구간 신한투자증권 김형태,여현석 I 2024-12-13 N/R 보호장벽 위 안정적 실적 회복 신한투자증권 이경아 I 2024-",https://m.irgo.co.kr/IR-COMP/254490
254490::2024,254490,미래반도체,2024-12-17,False,,"리포트 N/R 메모리 가격 인상 동반 수혜 신한투자증권 김형태,송혜수 I 2025-12-23 N/R 하반기 수요 변동성 확인 필요 신한투자증권 김형태,송혜수 I 2025-06-23 N/R 회사소개 및 주요 사업현황 해당기업 IR팀 I 2024-12-17 N/R 수요 개선을 기다리는 구간 신한투자증권 김형태,여현석 I 202",https://m.irgo.co.kr/IR-COMP/254490
258790::2024,258790,소프트캠프,2024-06-10,False,,"리포트 N/R 회사소개 및 주요 경영현황 해당기업 IR팀 I 2024-06-10 N/R 정보 자산 보안 전문기업 KB증권 이경은,성현동 I 2022-0",https://m.irgo.co.kr/IR-COMP/258790
262260::2024,262260,에이프로,2024-01-15,True,,"리포트 N/R 다가오는 수확의 시기 상상인증권 권오휘,이소중 I 2024-01-15 매수 세미콘도 같이 GaN다 신한투자증권 심원용,정용진 I 2023-0",https://m.irgo.co.kr/IR-COMP/262260
271830::2024,271830,팸텍,2024-02-15,True,,"반도체 성과를 기다려보자 하나증권 박찬솔,윤채리 I 2025-12-26 N/R IPO 주관사 업데이트: 반도체 장비 매출 비중 확대 기대 하나증권 권태우,서지혁 I 2025-06-25 N/R IPO 주관사 업데이트: 반도체 장비 매출 비중 확대 기대 하나증권 최재호,서지혁 I 2024-12-26 N/R IPO 주관사 업데이트: CCM 검사 장비 제조 업체 하나증권 김두현 I 2024-06-26 N/R 폴디드줌 확대에 더해질 XR과 반도체 메리츠증권 양승수 I 2024-02-15 N/R IPO주관사 업데이트: 카메라모듈에서 반도체로 확장 중 하나증권",https://m.irgo.co.kr/IR-COMP/271830
271830::2024,271830,팸텍,2024-06-26,True,,"도 성장 하나증권 박찬솔,윤채리 I 2026-06-08 N/R IPO 주관사 업데이트: 반도체 성과를 기다려보자 하나증권 박찬솔,윤채리 I 2025-12-26 N/R IPO 주관사 업데이트: 반도체 장비 매출 비중 확대 기대 하나증권 권태우,서지혁 I 2025-06-25 N/R IPO 주관사 업데이트: 반도체 장비 매출 비중 확대 기대 하나증권 최재호,서지혁 I 2024-12-26 N/R IPO 주관사 업데이트: CCM 검사 장비 제조 업체 하나증권 김두현 I 2024-06-26 N/R 폴디드줌 확대에 더해질 XR과 반도체 메리츠증권 양승수 I 20",https://m.irgo.co.kr/IR-COMP/271830
271830::2024,271830,팸텍,2024-12-26,True,,"리포트 N/R IPO 주관사 업데이트: 반도체 주도 성장 하나증권 박찬솔,윤채리 I 2026-06-08 N/R IPO 주관사 업데이트: 반도체 성과를 기다려보자 하나증권 박찬솔,윤채리 I 2025-12-26 N/R IPO 주관사 업데이트: 반도체 장비 매출 비중 확대 기대 하나증권 권태우,서지혁 I 2025-06-25 N/R IPO 주관사 업데이트: 반도체 장비 매출 비중 확대 기대 하나증권 최재호,서지혁 I 2024-12-26 N/R IPO 주관사 업데이트: CCM 검사 장비 제조 업체 하나증권",https://m.irgo.co.kr/IR-COMP/271830
288620::2024,288620,에스퓨얼셀,2024-03-27,True,,권 최규헌 I 2025-04-07 매수 4Q24 Preview: 사업 다변화가 시급하다 신한투자증권 최규헌 I 2025-01-16 매수 실질적인 사업 개선 시그널 확인 필요② 신한투자증권 최규헌 I 2024-11-13 매수 본업 의존도 하락은 기업 가치 상승으로 신한투자증권 최규헌 I 2024-08-01 매수 매출 다각화는 기업 가치 상승으로…! 신한투자증권 최규헌 I 2024-04-05 매수 2023년 Review: 빠른 다각화 필요! 신한투자증권 최규헌 I 2024-03-27 N/R 중요한건 꺾이지 않는 시장의 개화 상상인증권 이준호 I 2023,https://m.irgo.co.kr/IR-COMP/288620
288620::2024,288620,에스퓨얼셀,2024-04-05,True,,최규헌 I 2025-08-08 매수 1Q25 Pre: 펀더멘털 개선이 필요한 상황 신한투자증권 최규헌 I 2025-04-07 매수 4Q24 Preview: 사업 다변화가 시급하다 신한투자증권 최규헌 I 2025-01-16 매수 실질적인 사업 개선 시그널 확인 필요② 신한투자증권 최규헌 I 2024-11-13 매수 본업 의존도 하락은 기업 가치 상승으로 신한투자증권 최규헌 I 2024-08-01 매수 매출 다각화는 기업 가치 상승으로…! 신한투자증권 최규헌 I 2024-04-05 매수 2023년 Review: 빠른 다각화 필요! 신한투자증권 최규헌,https://m.irgo.co.kr/IR-COMP/288620
288620::2024,288620,에스퓨얼셀,2024-08-01,True,,헌 I 2025-12-02 매수 2Q25 Pre: 숫자만 받쳐주면 좋을텐데 신한투자증권 최규헌 I 2025-08-08 매수 1Q25 Pre: 펀더멘털 개선이 필요한 상황 신한투자증권 최규헌 I 2025-04-07 매수 4Q24 Preview: 사업 다변화가 시급하다 신한투자증권 최규헌 I 2025-01-16 매수 실질적인 사업 개선 시그널 확인 필요② 신한투자증권 최규헌 I 2024-11-13 매수 본업 의존도 하락은 기업 가치 상승으로 신한투자증권 최규헌 I 2024-08-01 매수 매출 다각화는 기업 가치 상승으로…! 신한투자증권 최규헌 I 20,https://m.irgo.co.kr/IR-COMP/288620
288620::2024,288620,에스퓨얼셀,2024-11-13,True,,리포트 N/R 성장성에 대한 의문을 지워야 한다 신한투자증권 최규헌 I 2025-12-02 매수 2Q25 Pre: 숫자만 받쳐주면 좋을텐데 신한투자증권 최규헌 I 2025-08-08 매수 1Q25 Pre: 펀더멘털 개선이 필요한 상황 신한투자증권 최규헌 I 2025-04-07 매수 4Q24 Preview: 사업 다변화가 시급하다 신한투자증권 최규헌 I 2025-01-16 매수 실질적인 사업 개선 시그널 확인 필요② 신한투자증권 최규헌 I 2024-11-13 매수 본업 의존도 하락은 기업 가치 상승으로 신한투자증권 최규헌 I 2,https://m.irgo.co.kr/IR-COMP/288620
289220::2024,289220,자이언트스텝,2024-01-04,True,,"자이언트스텝 I 2021-09-07 자이언트스텝, 회사 소개 및 주요 사업현황 설명 자이언트스텝 I 2021-09-07 자이언트스텝, 회사 소개 및 주요 사업현황 설명 자이언트스텝 I 2021-07-15 자이언트스텝, 2021년 하반기 가이던스 제시(국내) 자이언트스텝 I 2021-05-26 [IPO] 자이언트스텝 코스닥 상장을 위한 대규모 기업 IR 자이언트스텝 I 2021-03-08 더보기 리포트 N/R 해외 사업 확장이 기대되는 24년 키움증권 김학준 I 2024-01-04 N/R B2C 모델로의 전환과 내년 턴어라운드 한국투자증권 안도영 I",https://m.irgo.co.kr/IR-COMP/289220
298690::2024,298690,에어부산,2024-03-28,False,비용,업 IR팀 I 2025-03-18 N/R 2024년 4분기 실적 해당기업 IR팀 I 2025-03-18 N/R 2024.3Q Earnings Release 해당기업 IR팀 I 2024-11-22 N/R 2024년 3분기 실적 해당기업 IR팀 I 2024-11-22 N/R 2024년 2분기 경영실적 해당기업 IR팀 I 2024-08-23 N/R 2024년 1분기 경영실적 해당기업 IR팀 I 2024-05-14 N/R 2023년 4분기 경영실적 해당기업 IR팀 I 2024-03-28 N/R 비용 증가로 빛 바랜 성수기 효과 키움증권 이한결 I 2023-,https://m.irgo.co.kr/IR-COMP/298690
298690::2024,298690,에어부산,2024-05-14,False,,25-04-23 N/R 2024.4Q Earnings Release 해당기업 IR팀 I 2025-03-18 N/R 2024년 4분기 실적 해당기업 IR팀 I 2025-03-18 N/R 2024.3Q Earnings Release 해당기업 IR팀 I 2024-11-22 N/R 2024년 3분기 실적 해당기업 IR팀 I 2024-11-22 N/R 2024년 2분기 경영실적 해당기업 IR팀 I 2024-08-23 N/R 2024년 1분기 경영실적 해당기업 IR팀 I 2024-05-14 N/R 2023년 4분기 경영실적 해당기업 IR팀 I 2024-03-2,https://m.irgo.co.kr/IR-COMP/298690
298690::2024,298690,에어부산,2024-08-23,False,,2025-04-23 N/R 2025년 1분기 실적 해당기업 IR팀 I 2025-04-23 N/R 2024.4Q Earnings Release 해당기업 IR팀 I 2025-03-18 N/R 2024년 4분기 실적 해당기업 IR팀 I 2025-03-18 N/R 2024.3Q Earnings Release 해당기업 IR팀 I 2024-11-22 N/R 2024년 3분기 실적 해당기업 IR팀 I 2024-11-22 N/R 2024년 2분기 경영실적 해당기업 IR팀 I 2024-08-23 N/R 2024년 1분기 경영실적 해당기업 IR팀 I 2024-05-1,https://m.irgo.co.kr/IR-COMP/298690
298690::2024,298690,에어부산,2024-11-22,False,,N/R 2025.1Q Earnings Release 해당기업 IR팀 I 2025-04-23 N/R 2025년 1분기 실적 해당기업 IR팀 I 2025-04-23 N/R 2024.4Q Earnings Release 해당기업 IR팀 I 2025-03-18 N/R 2024년 4분기 실적 해당기업 IR팀 I 2025-03-18 N/R 2024.3Q Earnings Release 해당기업 IR팀 I 2024-11-22 N/R 2024년 3분기 실적 해당기업 IR팀 I 2024-11-22 N/R 2024년 2분기 경영실적 해당기업 IR팀 I 2024-08-2,https://m.irgo.co.kr/IR-COMP/298690
298690::2024,298690,에어부산,2024-11-22,False,,N/R 2025년 2분기 실적 해당기업 IR팀 I 2025-07-23 N/R 2025.1Q Earnings Release 해당기업 IR팀 I 2025-04-23 N/R 2025년 1분기 실적 해당기업 IR팀 I 2025-04-23 N/R 2024.4Q Earnings Release 해당기업 IR팀 I 2025-03-18 N/R 2024년 4분기 실적 해당기업 IR팀 I 2025-03-18 N/R 2024.3Q Earnings Release 해당기업 IR팀 I 2024-11-22 N/R 2024년 3분기 실적 해당기업 IR팀 I 2024-11-22,https://m.irgo.co.kr/IR-COMP/298690
303530::2024,303530,이노뎁,2024-05-23,False,,리포트 N/R 회사소개 및 주요 사업현황 해당기업 IR팀 I 2026-03-20 N/R 내년 차세대 지능형 영상관제솔루션 출시할 예정 하이투자증권 이상헌 I 2024-06-24 N/R 회사소개 및 주요 사업현황 해당기업 IR팀 I 2024-05-23 N/R 내년 신규 비즈니스 모델 가시화 될 듯 하이투자증권 이상헌 I,https://m.irgo.co.kr/IR-COMP/303530
303530::2024,303530,이노뎁,2024-06-24,False,,리포트 N/R 회사소개 및 주요 사업현황 해당기업 IR팀 I 2026-03-20 N/R 내년 차세대 지능형 영상관제솔루션 출시할 예정 하이투자증권 이상헌 I 2024-06-24 N/R 회사소개 및 주요 사업현황 해당기업 IR팀 I 2024-05-2,https://m.irgo.co.kr/IR-COMP/303530
307870::2024,307870,비투엔,2024-05-14,True,비용;효율,"리포트 N/R 비용 효율화로 체질 개선 기대 상상인증권 권오휘 I 2024-11-18 N/R 흑자전환의 한 해가 될 것 상상인증권 이준호,권오휘 I 2024-05-14 N/R 신규사업 늘(NEUL) 런칭 완료 상상인증권 이준호 I 2023",https://m.irgo.co.kr/IR-COMP/307870
307870::2024,307870,비투엔,2024-11-18,True,비용;효율,"리포트 N/R 비용 효율화로 체질 개선 기대 상상인증권 권오휘 I 2024-11-18 N/R 흑자전환의 한 해가 될 것 상상인증권 이준호,권오휘 I 2024",https://m.irgo.co.kr/IR-COMP/307870
318160::2024,318160,셀바이오휴먼텍,2024-11-29,False,마진,"리포트 N/R 마스크팩 소재에서 제조까지 확장 중 하나증권 박종대,양정석 I 2026-09-10 N/R 회사소개 및 주요 경영현황 해당기업 IR팀 I 2026-09-08 N/R 프리미엄 마스크팩 소재 기업 KB증권 성현동 I 2026-02-10 N/R 회사소개 및 주요 사업현황 해당기업 IR팀 I 2025-08-29 N/R 회사소개 및 주요 사업현황 해당기업 IR팀 I 2024-11-29 N/R 고마진 마스크팩 소재업체 대신증권 박장욱 I 2023-12-19",https://m.irgo.co.kr/IR-COMP/318160
320000::2024,320000,한울반도체,2024-07-11,False,,"리포트 N/R 회사소개 및 주요 경영현황 해당기업 IR팀 I 2026-08-05 N/R 회사소개 및 주요 경영현황 해당기업 IR팀 I 2026-06-15 N/R 신한 속보: 원텍 급락 코멘트 신한투자증권 정희령,엄민용 I 2024-07-11 N/R IPO주관사 업데이트: 동박 증설과 동반 성장 하나증권 김규상",https://m.irgo.co.kr/IR-COMP/320000
352090::2024,352090,스톰테크,2024-05-07,False,,"리포트 N/R IPO Update: 배당수익률 6.5% 예상 iM증권 장호,이상헌 I 2025-12-22 N/R IPO Update: 정수기 피팅 1등의 탑라인 성장 iM증권 장호,이상헌 I 2025-06-26 N/R 포트폴리오 확장 전개 중 iM증권 손우성 I 2024-12-30 N/R 회사소개 및 주요 사업현황 해당기업 IR팀 I 2024-08-29 N/R 회사소개 및 주요 사업현황 해당기업 IR팀 I 2024-05-07 더보기",https://m.irgo.co.kr/IR-COMP/352090
352090::2024,352090,스톰테크,2024-08-29,False,,"리포트 N/R IPO Update: 배당수익률 6.5% 예상 iM증권 장호,이상헌 I 2025-12-22 N/R IPO Update: 정수기 피팅 1등의 탑라인 성장 iM증권 장호,이상헌 I 2025-06-26 N/R 포트폴리오 확장 전개 중 iM증권 손우성 I 2024-12-30 N/R 회사소개 및 주요 사업현황 해당기업 IR팀 I 2024-08-29 N/R 회사소개 및 주요 사업현황 해당기업 IR팀 I 2024-05-0",https://m.irgo.co.kr/IR-COMP/352090
352090::2024,352090,스톰테크,2024-12-30,False,,"리포트 N/R IPO Update: 배당수익률 6.5% 예상 iM증권 장호,이상헌 I 2025-12-22 N/R IPO Update: 정수기 피팅 1등의 탑라인 성장 iM증권 장호,이상헌 I 2025-06-26 N/R 포트폴리오 확장 전개 중 iM증권 손우성 I 2024-12-30 N/R 회사소개 및 주요 사업현황 해당기업 IR팀 I 2024-08-2",https://m.irgo.co.kr/IR-COMP/352090
352700::2024,352700,씨앤투스,2024-04-19,False,,리포트 N/R 회사소개 및 주요 사업현황 해당기업 IR팀 I 2024-04-19 N/R 베트남 및 울산 공장 증설 효과 하반기 기대 유진투자증권 박종선,https://m.irgo.co.kr/IR-COMP/352700
353190::2024,353190,휴럼,2024-06-14,True,,리포트 N/R Healthy(건기식) & Beautiful(필러) Life를 위하여 DS투자증권 장지혜 I 2024-06-21 N/R 필러사 인수가 신의 한 수였네 NH투자증권 백준기 I 2024-06-14 더보기,https://m.irgo.co.kr/IR-COMP/353190
353190::2024,353190,휴럼,2024-06-21,True,,리포트 N/R Healthy(건기식) & Beautiful(필러) Life를 위하여 DS투자증권 장지혜 I 2024-06-21 N/R 필러사 인수가 신의 한 수였네 NH투자증권 백준기 I 2024-,https://m.irgo.co.kr/IR-COMP/353190
354320::2024,354320,알멕,2024-05-07,True,,"가속화 하나증권 한유건,손호성 I 2026-03-04 N/R 알루미늄으로 꿈꾸는 무한 확장성 키움증권 오현진 I 2026-02-12 N/R 우주사업 기대감이 현실로 바뀌는 중 NH투자증권 강경근,목진원 I 2026-02-10 N/R 우주항공 섹터 샛별 NH투자증권 강경근,목진원 I 2026-01-07 N/R 기다림이 필요한 시기 한국투자증권 윤철환,박정인 I 2024-06-04 N/R 너는 덤핑, 나는 아님: 주가, 실적 모두 천장이 열린다 SK증권 윤혁진 I 2024-05-07 N/R EV용 알루미늄 압출 전문 기업 NH투자증권 강경근,황지현 I",https://m.irgo.co.kr/IR-COMP/354320
354320::2024,354320,알멕,2024-06-04,True,,"미늄으로 꿈꾸는 무한 확장성 키움증권 오현진 I 2026-03-05 N/R 신사업 모멘텀으로 체질 개선 가속화 하나증권 한유건,손호성 I 2026-03-04 N/R 알루미늄으로 꿈꾸는 무한 확장성 키움증권 오현진 I 2026-02-12 N/R 우주사업 기대감이 현실로 바뀌는 중 NH투자증권 강경근,목진원 I 2026-02-10 N/R 우주항공 섹터 샛별 NH투자증권 강경근,목진원 I 2026-01-07 N/R 기다림이 필요한 시기 한국투자증권 윤철환,박정인 I 2024-06-04 N/R 너는 덤핑, 나는 아님: 주가, 실적 모두 천장이 열린다 SK증",https://m.irgo.co.kr/IR-COMP/354320
354390::2024,354390,바스칸바이오제약,2024-06-20,False,,리포트 N/R 회사소개 및 주요 경영현황 해당기업 IR팀 I 2026-07-03 N/R 회사소개 및 주요 경영현황 해당기업 IR팀 I 2026-06-10 N/R 회사소개 및 주요 경영현황 해당기업 IR팀 I 2025-10-15 N/R 회사소개 및 주요 경영현황 해당기업 IR팀 I 2025-06-25 N/R 회사소개 및 주요 경영현황 해당기업 IR팀 I 2024-11-13 N/R 회사소개 및 주요 경영현황 해당기업 IR팀 I 2024-06-20 N/R 의약품부터 건강기능식품까지 신한투자증권 황성환 I 2022-12,https://m.irgo.co.kr/IR-COMP/354390
354390::2024,354390,바스칸바이오제약,2024-11-13,False,,리포트 N/R 회사소개 및 주요 경영현황 해당기업 IR팀 I 2026-07-03 N/R 회사소개 및 주요 경영현황 해당기업 IR팀 I 2026-06-10 N/R 회사소개 및 주요 경영현황 해당기업 IR팀 I 2025-10-15 N/R 회사소개 및 주요 경영현황 해당기업 IR팀 I 2025-06-25 N/R 회사소개 및 주요 경영현황 해당기업 IR팀 I 2024-11-13 N/R 회사소개 및 주요 경영현황 해당기업 IR팀 I 2024-06-2,https://m.irgo.co.kr/IR-COMP/354390
355390::2024,355390,크라우드웍스,2024-01-15,True,,"-05 N/R 그래도 대세는 LLM 한국투자증권 이도희,강시온 I 2024-06-04 N/R AI 시장 개화에 따른 수혜 기대 상상인증권 이준호,권오휘 I 2024-03-04 N/R 멀티모달 AI 시대, 실적으로 증명되는 고품질 데이터 수요 하나증권 조정현 I 2024-02-19 N/R IBM 실적이 증명하는 sLLM과 생성형 AI 수요 증대 하나증권 조정현 I 2024-01-26 N/R 오픈AI의 GPT스토어 출시에 따른 구조적 성장 전망 하나증권 조정현 I 2024-01-15 N/R AI 익숙함에 속아 AI 라벨링을 잊지 말자 한국투자증권 이도희",https://m.irgo.co.kr/IR-COMP/355390
355390::2024,355390,크라우드웍스,2024-01-26,True,,"인,강시온 I 2025-06-30 N/R 회사소개 및 주요 사업현황 해당기업 IR팀 I 2025-03-05 N/R 그래도 대세는 LLM 한국투자증권 이도희,강시온 I 2024-06-04 N/R AI 시장 개화에 따른 수혜 기대 상상인증권 이준호,권오휘 I 2024-03-04 N/R 멀티모달 AI 시대, 실적으로 증명되는 고품질 데이터 수요 하나증권 조정현 I 2024-02-19 N/R IBM 실적이 증명하는 sLLM과 생성형 AI 수요 증대 하나증권 조정현 I 2024-01-26 N/R 오픈AI의 GPT스토어 출시에 따른 구조적 성장 전망 하나증권",https://m.irgo.co.kr/IR-COMP/355390
355390::2024,355390,크라우드웍스,2024-02-19,True,,"25-08-04 N/R IPO 기업 업데이트: Agentic AI 기업으로 거듭나는 중 한국투자증권 박정인,강시온 I 2025-06-30 N/R 회사소개 및 주요 사업현황 해당기업 IR팀 I 2025-03-05 N/R 그래도 대세는 LLM 한국투자증권 이도희,강시온 I 2024-06-04 N/R AI 시장 개화에 따른 수혜 기대 상상인증권 이준호,권오휘 I 2024-03-04 N/R 멀티모달 AI 시대, 실적으로 증명되는 고품질 데이터 수요 하나증권 조정현 I 2024-02-19 N/R IBM 실적이 증명하는 sLLM과 생성형 AI 수요 증대 하나증",https://m.irgo.co.kr/IR-COMP/355390
355390::2024,355390,크라우드웍스,2024-03-04,True,,"25-12-12 N/R Agentic AI 플랫폼으로 신성장 동력 마련 중 하나증권 최재호,손호성 I 2025-08-04 N/R IPO 기업 업데이트: Agentic AI 기업으로 거듭나는 중 한국투자증권 박정인,강시온 I 2025-06-30 N/R 회사소개 및 주요 사업현황 해당기업 IR팀 I 2025-03-05 N/R 그래도 대세는 LLM 한국투자증권 이도희,강시온 I 2024-06-04 N/R AI 시장 개화에 따른 수혜 기대 상상인증권 이준호,권오휘 I 2024-03-04 N/R 멀티모달 AI 시대, 실적으로 증명되는 고품질 데이터 수요 하나",https://m.irgo.co.kr/IR-COMP/355390
355390::2024,355390,크라우드웍스,2024-06-04,False,,"/R IPO 기업 업데이트: 데이터에서 피지컬 AI까지 한국투자증권 박정인,강시온 I 2025-12-12 N/R Agentic AI 플랫폼으로 신성장 동력 마련 중 하나증권 최재호,손호성 I 2025-08-04 N/R IPO 기업 업데이트: Agentic AI 기업으로 거듭나는 중 한국투자증권 박정인,강시온 I 2025-06-30 N/R 회사소개 및 주요 사업현황 해당기업 IR팀 I 2025-03-05 N/R 그래도 대세는 LLM 한국투자증권 이도희,강시온 I 2024-06-04 N/R AI 시장 개화에 따른 수혜 기대 상상인증권 이준호,권오휘 I",https://m.irgo.co.kr/IR-COMP/355390
357230::2024,357230,에이치피오,2024-02-23,True,,"으로 더 좋아질 기업 한국투자증권 강은지 I 2026-05-19 N/R 한국과 중국의 소비가 좋아질 때 한국투자증권 강은지 I 2026-05-14 N/R #수출 #프리미엄 #신제품 유안타증권 권명준 I 2024-10-31 N/R 5월은 ＇아른＇의 달 NH투자증권 심의섭,황지현 I 2024-04-25 N/R 견조한 본업과 자회사 성장, 저평가 매력 부각 키움증권 오현진 I 2024-04-02 N/R 탁(TAK)! 탁(TAK)! 탁(TAK)! 유안타증권 권명준 I 2024-02-23 N/R 2024년 변화 #비오팜 #아프리콧스튜디오 유안타증권 권명준 I",https://m.irgo.co.kr/IR-COMP/357230
357230::2024,357230,에이치피오,2024-04-02,True,,"성장 지속 유안타증권 권명준,서석준 I 2026-05-21 N/R 1Q26 Review: 앞으로 더 좋아질 기업 한국투자증권 강은지 I 2026-05-19 N/R 한국과 중국의 소비가 좋아질 때 한국투자증권 강은지 I 2026-05-14 N/R #수출 #프리미엄 #신제품 유안타증권 권명준 I 2024-10-31 N/R 5월은 ＇아른＇의 달 NH투자증권 심의섭,황지현 I 2024-04-25 N/R 견조한 본업과 자회사 성장, 저평가 매력 부각 키움증권 오현진 I 2024-04-02 N/R 탁(TAK)! 탁(TAK)! 탁(TAK)! 유안타증권 권명준 I",https://m.irgo.co.kr/IR-COMP/357230
357230::2024,357230,에이치피오,2024-04-25,True,,"/R 회사소개 및 주요 경영현황 해당기업 IR팀 I 2026-05-28 N/R M&A를 통한 성장 지속 유안타증권 권명준,서석준 I 2026-05-21 N/R 1Q26 Review: 앞으로 더 좋아질 기업 한국투자증권 강은지 I 2026-05-19 N/R 한국과 중국의 소비가 좋아질 때 한국투자증권 강은지 I 2026-05-14 N/R #수출 #프리미엄 #신제품 유안타증권 권명준 I 2024-10-31 N/R 5월은 ＇아른＇의 달 NH투자증권 심의섭,황지현 I 2024-04-25 N/R 견조한 본업과 자회사 성장, 저평가 매력 부각 키움증권 오현진",https://m.irgo.co.kr/IR-COMP/357230
357230::2024,357230,에이치피오,2024-10-31,True,,"R 실적과 주가의 미스매치 신한투자증권 이채윤,이병화 I 2026-06-30 N/R 회사소개 및 주요 경영현황 해당기업 IR팀 I 2026-05-28 N/R M&A를 통한 성장 지속 유안타증권 권명준,서석준 I 2026-05-21 N/R 1Q26 Review: 앞으로 더 좋아질 기업 한국투자증권 강은지 I 2026-05-19 N/R 한국과 중국의 소비가 좋아질 때 한국투자증권 강은지 I 2026-05-14 N/R #수출 #프리미엄 #신제품 유안타증권 권명준 I 2024-10-31 N/R 5월은 ＇아른＇의 달 NH투자증권 심의섭,황지현 I 2024-0",https://m.irgo.co.kr/IR-COMP/357230
357580::2024,357580,아모센스,2024-06-05,True,,"SOFC 세라믹 기판 공급 개시 SK증권 허선재 I 2026-03-11 N/R Bloom Energy 시대, 아직 남아 있는 선택지 한양증권 이준석 I 2026-02-03 매수 블룸에너지 수혜 시작 DS투자증권 조대형 I 2026-01-27 매수 블룸에너지 수혜 본격화, 동반될 리레이팅 DS투자증권 조대형 I 2026-01-21 N/R 숨겨진 SOFC 수혜주(ft.블룸에너지) SK증권 허선재 I 2026-01-19 N/R 성장이 보인다 신한투자증권 오강호 I 2024-06-05 N/R 2024년도 빛나라 신한투자증권 오강호,박윤 I 2023-11-",https://m.irgo.co.kr/IR-COMP/357580
362990::2024,362990,드림인사이트,2024-01-25,True,,"리포트 N/R 외형 확대를 위한 사전 준비 완료 iM증권 신희철 I 2025-12-16 N/R 탑라인 확대를 위한 사전 정지 작업 중 iM증권 손우성 I 2024-12-30 N/R 업황부진 속 안정적인 성장 하이투자증권 이윤경 I 2024-04-12 N/R 디지털 광고계의 팔방미인 한국투자증권 이도희,강시온 I 2024-02-06 N/R 원스톱 통합 마케팅 플랫폼 흥국증권 최종경 I 2024-01-25 더보기",https://m.irgo.co.kr/IR-COMP/362990
362990::2024,362990,드림인사이트,2024-02-06,True,,"리포트 N/R 외형 확대를 위한 사전 준비 완료 iM증권 신희철 I 2025-12-16 N/R 탑라인 확대를 위한 사전 정지 작업 중 iM증권 손우성 I 2024-12-30 N/R 업황부진 속 안정적인 성장 하이투자증권 이윤경 I 2024-04-12 N/R 디지털 광고계의 팔방미인 한국투자증권 이도희,강시온 I 2024-02-06 N/R 원스톱 통합 마케팅 플랫폼 흥국증권 최종경 I 2024-01-2",https://m.irgo.co.kr/IR-COMP/362990
362990::2024,362990,드림인사이트,2024-04-12,True,,"리포트 N/R 외형 확대를 위한 사전 준비 완료 iM증권 신희철 I 2025-12-16 N/R 탑라인 확대를 위한 사전 정지 작업 중 iM증권 손우성 I 2024-12-30 N/R 업황부진 속 안정적인 성장 하이투자증권 이윤경 I 2024-04-12 N/R 디지털 광고계의 팔방미인 한국투자증권 이도희,강시온 I 2024",https://m.irgo.co.kr/IR-COMP/362990
362990::2024,362990,드림인사이트,2024-12-30,True,,리포트 N/R 외형 확대를 위한 사전 준비 완료 iM증권 신희철 I 2025-12-16 N/R 탑라인 확대를 위한 사전 정지 작업 중 iM증권 손우성 I 2024-12-30 N/R 업황부진 속 안정적인 성장 하이투자증권 이윤경 I 2024-04,https://m.irgo.co.kr/IR-COMP/362990
368600::2024,368600,아이씨에이치,2024-02-07,True,,"리포트 N/R 사업 다각화 노력 삼성증권 류형근,장민승 I 2024-12-17 N/R 사업 다변화를 위한 일시적 웅크림 DS투자증권 조대형 I 2024-08-28 N/R 대륙으로 뻗어가기 삼성증권 류형근 I 2024-06-27 N/R 실적 턴어라운드 강도 대비 여전한 저평가 DS투자증권 조대형 I 2024-06-05 N/R 공급 개시한 제품이 많아요! NH투자증권 손세훈 I 2024-02-13 N/R 돌아온 효자 제품, 뒤따를 실적 DS투자증권 조대형 I 2024-02-07 N/R 다가온 변곡점 삼성증권 류형근 I 2023-12-13 N/R 단",https://m.irgo.co.kr/IR-COMP/368600
368600::2024,368600,아이씨에이치,2024-02-13,True,,"리포트 N/R 사업 다각화 노력 삼성증권 류형근,장민승 I 2024-12-17 N/R 사업 다변화를 위한 일시적 웅크림 DS투자증권 조대형 I 2024-08-28 N/R 대륙으로 뻗어가기 삼성증권 류형근 I 2024-06-27 N/R 실적 턴어라운드 강도 대비 여전한 저평가 DS투자증권 조대형 I 2024-06-05 N/R 공급 개시한 제품이 많아요! NH투자증권 손세훈 I 2024-02-13 N/R 돌아온 효자 제품, 뒤따를 실적 DS투자증권 조대형 I 2024",https://m.irgo.co.kr/IR-COMP/368600
368600::2024,368600,아이씨에이치,2024-06-05,True,,"리포트 N/R 사업 다각화 노력 삼성증권 류형근,장민승 I 2024-12-17 N/R 사업 다변화를 위한 일시적 웅크림 DS투자증권 조대형 I 2024-08-28 N/R 대륙으로 뻗어가기 삼성증권 류형근 I 2024-06-27 N/R 실적 턴어라운드 강도 대비 여전한 저평가 DS투자증권 조대형 I 2024-06-05 N/R 공급 개시한 제품이 많아요! NH투자증권 손세훈 I 2024-0",https://m.irgo.co.kr/IR-COMP/368600
368600::2024,368600,아이씨에이치,2024-06-27,True,,"리포트 N/R 사업 다각화 노력 삼성증권 류형근,장민승 I 2024-12-17 N/R 사업 다변화를 위한 일시적 웅크림 DS투자증권 조대형 I 2024-08-28 N/R 대륙으로 뻗어가기 삼성증권 류형근 I 2024-06-27 N/R 실적 턴어라운드 강도 대비 여전한 저평가 DS투자증권 조대형 I",https://m.irgo.co.kr/IR-COMP/368600
368600::2024,368600,아이씨에이치,2024-08-28,True,,"리포트 N/R 사업 다각화 노력 삼성증권 류형근,장민승 I 2024-12-17 N/R 사업 다변화를 위한 일시적 웅크림 DS투자증권 조대형 I 2024-08-28 N/R 대륙으로 뻗어가기 삼성증권 류형근 I 2024-06-27 N/R",https://m.irgo.co.kr/IR-COMP/368600
368600::2024,368600,아이씨에이치,2024-12-17,True,,"리포트 N/R 사업 다각화 노력 삼성증권 류형근,장민승 I 2024-12-17 N/R 사업 다변화를 위한 일시적 웅크림 DS투자증권 조대형 I 202",https://m.irgo.co.kr/IR-COMP/368600
382480::2024,382480,지아이텍,2024-06-27,True,,리포트 N/R 슬롯 다이는 네버 다이 미래에셋증권 박준서 I 2024-06-27 N/R SLOT DIE: Non-Die 미래에셋증권 박준서 I 2023,https://m.irgo.co.kr/IR-COMP/382480
382800::2024,382800,지앤비에스에코,2024-03-15,True,,"/R 첨단 산업 밸류체인 내 핵심 업체로 부상 중 NH투자증권 심의섭,목진원 I 2026-03-31 N/R 높은 기술력과 전방 투자 확대로 고성장 전망 NH투자증권 심의섭,목진원 I 2025-04-17 N/R 반도체 & 태양광 부문 스크러버 장비 공급 LS증권 정우성 I 2025-02-25 N/R 반도체의 반등, 올해도 지속 가능할 성장 삼성증권 류형근 I 2024-06-21 N/R 가팔라지는 성장 곡선과 낮아진 Valuation NH투자증권 심의섭,황지현 I 2024-03-15 N/R 태양광이 이끄는 실적, 반도체 업황까지 회복된다면 SK증권 이동",https://m.irgo.co.kr/IR-COMP/382800
382800::2024,382800,지앤비에스에코,2024-06-21,True,,"I 2026-04-24 N/R 반도체가 받치고, 태양광으로 점프 키움증권 오현진 I 2026-04-14 N/R 첨단 산업 밸류체인 내 핵심 업체로 부상 중 NH투자증권 심의섭,목진원 I 2026-03-31 N/R 높은 기술력과 전방 투자 확대로 고성장 전망 NH투자증권 심의섭,목진원 I 2025-04-17 N/R 반도체 & 태양광 부문 스크러버 장비 공급 LS증권 정우성 I 2025-02-25 N/R 반도체의 반등, 올해도 지속 가능할 성장 삼성증권 류형근 I 2024-06-21 N/R 가팔라지는 성장 곡선과 낮아진 Valuation NH투자증권 심",https://m.irgo.co.kr/IR-COMP/382800
383310::2024,383310,에코프로에이치엔,2024-02-07,False,,"해당기업 IR팀 I 2025-04-30 N/R 2024년 4분기 실적발표 해당기업 IR팀 I 2025-02-11 N/R 2024년 3분기 실적발표 해당기업 IR팀 I 2024-11-01 N/R 소재 전문 기업으로의 전환 예고 하나증권 조정현 I 2024-09-20 N/R 2024년 2분기 경영실적 해당기업 IR팀 I 2024-07-31 N/R 2024년 1분기 경영실적 해당기업 IR팀 I 2024-05-03 N/R 2023년 4분기 경영실적 해당기업 IR팀 I 2024-02-07 N/R Green growth NH투자증권 주민우,하늘 I 2023-1",https://m.irgo.co.kr/IR-COMP/383310
383310::2024,383310,에코프로에이치엔,2024-05-03,False,,해당기업 IR팀 I 2025-08-06 N/R 2025년 1분기 실적발표 해당기업 IR팀 I 2025-04-30 N/R 2024년 4분기 실적발표 해당기업 IR팀 I 2025-02-11 N/R 2024년 3분기 실적발표 해당기업 IR팀 I 2024-11-01 N/R 소재 전문 기업으로의 전환 예고 하나증권 조정현 I 2024-09-20 N/R 2024년 2분기 경영실적 해당기업 IR팀 I 2024-07-31 N/R 2024년 1분기 경영실적 해당기업 IR팀 I 2024-05-03 N/R 2023년 4분기 경영실적 해당기업 IR팀 I 2024-02-0,https://m.irgo.co.kr/IR-COMP/383310
383310::2024,383310,에코프로에이치엔,2024-07-31,False,,해당기업 IR팀 I 2025-11-05 N/R 2025년 2분기 실적발표 해당기업 IR팀 I 2025-08-06 N/R 2025년 1분기 실적발표 해당기업 IR팀 I 2025-04-30 N/R 2024년 4분기 실적발표 해당기업 IR팀 I 2025-02-11 N/R 2024년 3분기 실적발표 해당기업 IR팀 I 2024-11-01 N/R 소재 전문 기업으로의 전환 예고 하나증권 조정현 I 2024-09-20 N/R 2024년 2분기 경영실적 해당기업 IR팀 I 2024-07-31 N/R 2024년 1분기 경영실적 해당기업 IR팀 I 2024-05-0,https://m.irgo.co.kr/IR-COMP/383310
383310::2024,383310,에코프로에이치엔,2024-09-20,False,,해당기업 IR팀 I 2026-02-05 N/R 2025년 3분기 실적발표 해당기업 IR팀 I 2025-11-05 N/R 2025년 2분기 실적발표 해당기업 IR팀 I 2025-08-06 N/R 2025년 1분기 실적발표 해당기업 IR팀 I 2025-04-30 N/R 2024년 4분기 실적발표 해당기업 IR팀 I 2025-02-11 N/R 2024년 3분기 실적발표 해당기업 IR팀 I 2024-11-01 N/R 소재 전문 기업으로의 전환 예고 하나증권 조정현 I 2024-09-20 N/R 2024년 2분기 경영실적 해당기업 IR팀 I 2024-07-3,https://m.irgo.co.kr/IR-COMP/383310
383310::2024,383310,에코프로에이치엔,2024-11-01,False,,se 해당기업 IR팀 I 2026-02-05 N/R 2025년 4분기 실적발표 해당기업 IR팀 I 2026-02-05 N/R 2025년 3분기 실적발표 해당기업 IR팀 I 2025-11-05 N/R 2025년 2분기 실적발표 해당기업 IR팀 I 2025-08-06 N/R 2025년 1분기 실적발표 해당기업 IR팀 I 2025-04-30 N/R 2024년 4분기 실적발표 해당기업 IR팀 I 2025-02-11 N/R 2024년 3분기 실적발표 해당기업 IR팀 I 2024-11-01 N/R 소재 전문 기업으로의 전환 예고 하나증권 조정현 I 2024-0,https://m.irgo.co.kr/IR-COMP/383310
388050::2024,388050,지투파워,2024-04-23,False,,팀 I 2025-05-20 N/R 중소 배전반 업체의 미국 진출 도전기 상상인증권 김광식 I 2024-12-06 N/R 회사소개 및 주요 사업현황 해당기업 IR팀 I 2024-10-07 N/R 천천히 한 걸음씩 나아가는 중 상상인증권 김광식 I 2024-08-06 N/R 회사소개 및 주요 경영현황 해당기업 IR팀 I 2024-06-20 N/R 회사소개 및 주요 경영현황 해당기업 IR팀 I 2024-05-23 N/R 회사소개 및 주요 경영현황 해당기업 IR팀 I 2024-04-23 더보기,https://m.irgo.co.kr/IR-COMP/388050
388050::2024,388050,지투파워,2024-05-23,False,,영 I 2025-06-11 N/R 회사소개 및 주요 경영현황 해당기업 IR팀 I 2025-05-20 N/R 중소 배전반 업체의 미국 진출 도전기 상상인증권 김광식 I 2024-12-06 N/R 회사소개 및 주요 사업현황 해당기업 IR팀 I 2024-10-07 N/R 천천히 한 걸음씩 나아가는 중 상상인증권 김광식 I 2024-08-06 N/R 회사소개 및 주요 경영현황 해당기업 IR팀 I 2024-06-20 N/R 회사소개 및 주요 경영현황 해당기업 IR팀 I 2024-05-23 N/R 회사소개 및 주요 경영현황 해당기업 IR팀 I 2024-04-2,https://m.irgo.co.kr/IR-COMP/388050
388050::2024,388050,지투파워,2024-06-20,False,,I 2025-06-12 N/R 성장 동력 3박자 모두 갖췄다 대신증권 김아영 I 2025-06-11 N/R 회사소개 및 주요 경영현황 해당기업 IR팀 I 2025-05-20 N/R 중소 배전반 업체의 미국 진출 도전기 상상인증권 김광식 I 2024-12-06 N/R 회사소개 및 주요 사업현황 해당기업 IR팀 I 2024-10-07 N/R 천천히 한 걸음씩 나아가는 중 상상인증권 김광식 I 2024-08-06 N/R 회사소개 및 주요 경영현황 해당기업 IR팀 I 2024-06-20 N/R 회사소개 및 주요 경영현황 해당기업 IR팀 I 2024-05-2,https://m.irgo.co.kr/IR-COMP/388050
388050::2024,388050,지투파워,2024-08-06,False,,I 2025-06-25 N/R 차려져 있는 밥상은 많다 교보증권 김광식 I 2025-06-12 N/R 성장 동력 3박자 모두 갖췄다 대신증권 김아영 I 2025-06-11 N/R 회사소개 및 주요 경영현황 해당기업 IR팀 I 2025-05-20 N/R 중소 배전반 업체의 미국 진출 도전기 상상인증권 김광식 I 2024-12-06 N/R 회사소개 및 주요 사업현황 해당기업 IR팀 I 2024-10-07 N/R 천천히 한 걸음씩 나아가는 중 상상인증권 김광식 I 2024-08-06 N/R 회사소개 및 주요 경영현황 해당기업 IR팀 I 2024-06-2,https://m.irgo.co.kr/IR-COMP/388050
388050::2024,388050,지투파워,2024-10-07,False,,IR팀 I 2025-08-18 N/R 회사소개 및 주요 사업현황 해당기업 IR팀 I 2025-06-25 N/R 차려져 있는 밥상은 많다 교보증권 김광식 I 2025-06-12 N/R 성장 동력 3박자 모두 갖췄다 대신증권 김아영 I 2025-06-11 N/R 회사소개 및 주요 경영현황 해당기업 IR팀 I 2025-05-20 N/R 중소 배전반 업체의 미국 진출 도전기 상상인증권 김광식 I 2024-12-06 N/R 회사소개 및 주요 사업현황 해당기업 IR팀 I 2024-10-07 N/R 천천히 한 걸음씩 나아가는 중 상상인증권 김광식 I 2024-0,https://m.irgo.co.kr/IR-COMP/388050
388050::2024,388050,지투파워,2024-12-06,False,,김광식 I 2025-08-21 N/R 회사소개 및 주요 사업현황 해당기업 IR팀 I 2025-08-18 N/R 회사소개 및 주요 사업현황 해당기업 IR팀 I 2025-06-25 N/R 차려져 있는 밥상은 많다 교보증권 김광식 I 2025-06-12 N/R 성장 동력 3박자 모두 갖췄다 대신증권 김아영 I 2025-06-11 N/R 회사소개 및 주요 경영현황 해당기업 IR팀 I 2025-05-20 N/R 중소 배전반 업체의 미국 진출 도전기 상상인증권 김광식 I 2024-12-06 N/R 회사소개 및 주요 사업현황 해당기업 IR팀 I 2024-10-0,https://m.irgo.co.kr/IR-COMP/388050
469750::2024,469750,아이비젼웍스,2024-12-27,True,,"리포트 N/R IPO 주관사 업데이트: 신규 수주와 실적 반등이 필요 하나증권 한유건,윤채리 I 2026-06-26 N/R IPO 주관사 업데이트: 유리기판 검사 시스템 개발 중 하나증권 한유건,손호성 I 2025-12-26 N/R IPO 주관사 업데이트: 검사 솔루션 전문 기업 하나증권 최재호,손호성 I 2025-06-30 N/R IPO주관사 업데이트: 검사 시스템 선도기업 하나증권 김성호,손호성 I 2024-12-27 더보기",https://m.irgo.co.kr/IR-COMP/469750
