firm_key,stock_code,firm_name,source_index,http_status,final_url,has_2024,text_len,snippets_2024,anchors_2024
042000::2024,042000,카페24,ALPHASQUARE,200,https://alphasquare.co.kr/home/stock-issue?code=042000&type=report,False,60,[],[]
042000::2024,042000,카페24,IRGO,200,https://m.irgo.co.kr/IR-COMP/042000,True,8683,"["" 성장률이 아쉬워 신한투자증권 김아람 I 2025-05-09 N/R 2025.1Q Earnings Result 해당기업 IR팀 I 2025-05-08 N/R 2025년 1분기 실적발표 해당기업 IR팀 I 2025-05-08 매수 미래에 대한 청사진을 그려볼 시기 미래에셋증권 임희석 I 2025-03-06 N/R 보란 듯이 실적으로 보여줬다! 신한투자증권 김아람 I 2025-02-26 N/R 2024.4Q Earnings Result 해당기업 IR팀 I 2025-02-25 N/R 2024년 4분기 실적발표 해당기업 IR팀 I 2025-02-25 N/R 유튜브쇼핑 거래액은 얼마나 빨리 올라올까 신한투자증권 김아람 I 2025-02-05 N/R 라이브커머스의 신흥강호 리딩투자증권 유성만 I 2024-12-24 매수 어려운 업황 속에서도 고속 성장 중 미래에셋증권 임희석 I 2024-11-22 N/R 숫자에 의미부여하기 신한투자증권 김아람 I 2024-11-08 매수 예상치 못한 어닝 서프라이즈 미래에셋증권 임희석 I 2024-11-08 N/R 자사몰의 저력 확인 하나증권 이준호 I 2024-11-08 N/R 2024.3Q Earnings Result 해당기업 IR팀 I 2024-11-07 N/R 2024년 3분기 실적발표 해당기업 IR팀 I 2024-11-07 N/R 기대감과 성과 증명 그 사이 신한투자증권 김아람 I 2024-10-17 N/R e커머스의 한 줄기 희망 현대차증권 김현용 I 2024-09-27 N/R 유튜브에서 쇼핑하기 한국투자증권 김예림,정호윤"", ""ings Result 해당기업 IR팀 I 2025-05-08 N/R 2025년 1분기 실적발표 해당기업 IR팀 I 2025-05-08 매수 미래에 대한 청사진을 그려볼 시기 미래에셋증권 임희석 I 2025-03-06 N/R 보란 듯이 실적으로 보여줬다! 신한투자증권 김아람 I 2025-02-26 N/R 2024.4Q Earnings Result 해당기업 IR팀 I 2025-02-25 N/R 2024년 4분기 실적발표 해당기업 IR팀 I 2025-02-25 N/R 유튜브쇼핑 거래액은 얼마나 빨리 올라올까 신한투자증권 김아람 I 2025-02-05 N/R 라이브커머스의 신흥강호 리딩투자증권 유성만 I 2024-12-24 매수 어려운 업황 속에서도 고속 성장 중 미래에셋증권 임희석 I 2024-11-22 N/R 숫자에 의미부여하기 신한투자증권 김아람 I 2024-11-08 매수 예상치 못한 어닝 서프라이즈 미래에셋증권 임희석 I 2024-11-08 N/R 자사몰의 저력 확인 하나증권 이준호 I 2024-11-08 N/R 2024.3Q Earnings Result 해당기업 IR팀 I 2024-11-07 N/R 2024년 3분기 실적발표 해당기업 IR팀 I 2024-11-07 N/R 기대감과 성과 증명 그 사이 신한투자증권 김아람 I 2024-10-17 N/R e커머스의 한 줄기 희망 현대차증권 김현용 I 2024-09-27 N/R 유튜브에서 쇼핑하기 한국투자증권 김예림,정호윤 I 2024-09-25 N/R 구글이 유튜브쇼핑에 계속 욕심 내준다면 신한투자증권 김아람"", ""06 N/R 보란 듯이 실적으로 보여줬다! 신한투자증권 김아람 I 2025-02-26 N/R 2024.4Q Earnings Result 해당기업 IR팀 I 2025-02-25 N/R 2024년 4분기 실적발표 해당기업 IR팀 I 2025-02-25 N/R 유튜브쇼핑 거래액은 얼마나 빨리 올라올까 신한투자증권 김아람 I 2025-02-05 N/R 라이브커머스의 신흥강호 리딩투자증권 유성만 I 2024-12-24 매수 어려운 업황 속에서도 고속 성장 중 미래에셋증권 임희석 I 2024-11-22 N/R 숫자에 의미부여하기 신한투자증권 김아람 I 2024-11-08 매수 예상치 못한 어닝 서프라이즈 미래에셋증권 임희석 I 2024-11-08 N/R 자사몰의 저력 확인 하나증권 이준호 I 2024-11-08 N/R 2024.3Q Earnings Result 해당기업 IR팀 I 2024-11-07 N/R 2024년 3분기 실적발표 해당기업 IR팀 I 2024-11-07 N/R 기대감과 성과 증명 그 사이 신한투자증권 김아람 I 2024-10-17 N/R e커머스의 한 줄기 희망 현대차증권 김현용 I 2024-09-27 N/R 유튜브에서 쇼핑하기 한국투자증권 김예림,정호윤 I 2024-09-25 N/R 구글이 유튜브쇼핑에 계속 욕심 내준다면 신한투자증권 김아람 I 2024-08-08 매수 짙어지는 성장의 향기 미래에셋증권 임희석 I 2024-08-08 N/R 경쟁력이 높아진다 하나증권 이준호 I 2024-08-08 N/R 2024년 2분기 실적발표 해당기업 IR팀 I"", "" N/R 2024.4Q Earnings Result 해당기업 IR팀 I 2025-02-25 N/R 2024년 4분기 실적발표 해당기업 IR팀 I 2025-02-25 N/R 유튜브쇼핑 거래액은 얼마나 빨리 올라올까 신한투자증권 김아람 I 2025-02-05 N/R 라이브커머스의 신흥강호 리딩투자증권 유성만 I 2024-12-24 매수 어려운 업황 속에서도 고속 성장 중 미래에셋증권 임희석 I 2024-11-22 N/R 숫자에 의미부여하기 신한투자증권 김아람 I 2024-11-08 매수 예상치 못한 어닝 서프라이즈 미래에셋증권 임희석 I 2024-11-08 N/R 자사몰의 저력 확인 하나증권 이준호 I 2024-11-08 N/R 2024.3Q Earnings Result 해당기업 IR팀 I 2024-11-07 N/R 2024년 3분기 실적발표 해당기업 IR팀 I 2024-11-07 N/R 기대감과 성과 증명 그 사이 신한투자증권 김아람 I 2024-10-17 N/R e커머스의 한 줄기 희망 현대차증권 김현용 I 2024-09-27 N/R 유튜브에서 쇼핑하기 한국투자증권 김예림,정호윤 I 2024-09-25 N/R 구글이 유튜브쇼핑에 계속 욕심 내준다면 신한투자증권 김아람 I 2024-08-08 매수 짙어지는 성장의 향기 미래에셋증권 임희석 I 2024-08-08 N/R 경쟁력이 높아진다 하나증권 이준호 I 2024-08-08 N/R 2024년 2분기 실적발표 해당기업 IR팀 I 2024-08-07 매수 매수 타이밍 미래에셋증권 임희석 I 2024-07-23 N"", "" 2025-02-25 N/R 2024년 4분기 실적발표 해당기업 IR팀 I 2025-02-25 N/R 유튜브쇼핑 거래액은 얼마나 빨리 올라올까 신한투자증권 김아람 I 2025-02-05 N/R 라이브커머스의 신흥강호 리딩투자증권 유성만 I 2024-12-24 매수 어려운 업황 속에서도 고속 성장 중 미래에셋증권 임희석 I 2024-11-22 N/R 숫자에 의미부여하기 신한투자증권 김아람 I 2024-11-08 매수 예상치 못한 어닝 서프라이즈 미래에셋증권 임희석 I 2024-11-08 N/R 자사몰의 저력 확인 하나증권 이준호 I 2024-11-08 N/R 2024.3Q Earnings Result 해당기업 IR팀 I 2024-11-07 N/R 2024년 3분기 실적발표 해당기업 IR팀 I 2024-11-07 N/R 기대감과 성과 증명 그 사이 신한투자증권 김아람 I 2024-10-17 N/R e커머스의 한 줄기 희망 현대차증권 김현용 I 2024-09-27 N/R 유튜브에서 쇼핑하기 한국투자증권 김예림,정호윤 I 2024-09-25 N/R 구글이 유튜브쇼핑에 계속 욕심 내준다면 신한투자증권 김아람 I 2024-08-08 매수 짙어지는 성장의 향기 미래에셋증권 임희석 I 2024-08-08 N/R 경쟁력이 높아진다 하나증권 이준호 I 2024-08-08 N/R 2024년 2분기 실적발표 해당기업 IR팀 I 2024-08-07 매수 매수 타이밍 미래에셋증권 임희석 I 2024-07-23 N/R 유튜브 스토어 개편 완료 하나증권 이준호 I 2024-07-11 "", ""025-02-25 N/R 유튜브쇼핑 거래액은 얼마나 빨리 올라올까 신한투자증권 김아람 I 2025-02-05 N/R 라이브커머스의 신흥강호 리딩투자증권 유성만 I 2024-12-24 매수 어려운 업황 속에서도 고속 성장 중 미래에셋증권 임희석 I 2024-11-22 N/R 숫자에 의미부여하기 신한투자증권 김아람 I 2024-11-08 매수 예상치 못한 어닝 서프라이즈 미래에셋증권 임희석 I 2024-11-08 N/R 자사몰의 저력 확인 하나증권 이준호 I 2024-11-08 N/R 2024.3Q Earnings Result 해당기업 IR팀 I 2024-11-07 N/R 2024년 3분기 실적발표 해당기업 IR팀 I 2024-11-07 N/R 기대감과 성과 증명 그 사이 신한투자증권 김아람 I 2024-10-17 N/R e커머스의 한 줄기 희망 현대차증권 김현용 I 2024-09-27 N/R 유튜브에서 쇼핑하기 한국투자증권 김예림,정호윤 I 2024-09-25 N/R 구글이 유튜브쇼핑에 계속 욕심 내준다면 신한투자증권 김아람 I 2024-08-08 매수 짙어지는 성장의 향기 미래에셋증권 임희석 I 2024-08-08 N/R 경쟁력이 높아진다 하나증권 이준호 I 2024-08-08 N/R 2024년 2분기 실적발표 해당기업 IR팀 I 2024-08-07 매수 매수 타이밍 미래에셋증권 임희석 I 2024-07-23 N/R 유튜브 스토어 개편 완료 하나증권 이준호 I 2024-07-11 N/R 유튜브 쇼핑 시장 속 전용 스토어 선택이 관건 DB금융투자 신은정 I "", ""신한투자증권 김아람 I 2025-02-05 N/R 라이브커머스의 신흥강호 리딩투자증권 유성만 I 2024-12-24 매수 어려운 업황 속에서도 고속 성장 중 미래에셋증권 임희석 I 2024-11-22 N/R 숫자에 의미부여하기 신한투자증권 김아람 I 2024-11-08 매수 예상치 못한 어닝 서프라이즈 미래에셋증권 임희석 I 2024-11-08 N/R 자사몰의 저력 확인 하나증권 이준호 I 2024-11-08 N/R 2024.3Q Earnings Result 해당기업 IR팀 I 2024-11-07 N/R 2024년 3분기 실적발표 해당기업 IR팀 I 2024-11-07 N/R 기대감과 성과 증명 그 사이 신한투자증권 김아람 I 2024-10-17 N/R e커머스의 한 줄기 희망 현대차증권 김현용 I 2024-09-27 N/R 유튜브에서 쇼핑하기 한국투자증권 김예림,정호윤 I 2024-09-25 N/R 구글이 유튜브쇼핑에 계속 욕심 내준다면 신한투자증권 김아람 I 2024-08-08 매수 짙어지는 성장의 향기 미래에셋증권 임희석 I 2024-08-08 N/R 경쟁력이 높아진다 하나증권 이준호 I 2024-08-08 N/R 2024년 2분기 실적발표 해당기업 IR팀 I 2024-08-07 매수 매수 타이밍 미래에셋증권 임희석 I 2024-07-23 N/R 유튜브 스토어 개편 완료 하나증권 이준호 I 2024-07-11 N/R 유튜브 쇼핑 시장 속 전용 스토어 선택이 관건 DB금융투자 신은정 I 2024-07-08 N/R 진짜 유튜브쇼핑이 온다 신한투자증권 김아"", ""25-02-05 N/R 라이브커머스의 신흥강호 리딩투자증권 유성만 I 2024-12-24 매수 어려운 업황 속에서도 고속 성장 중 미래에셋증권 임희석 I 2024-11-22 N/R 숫자에 의미부여하기 신한투자증권 김아람 I 2024-11-08 매수 예상치 못한 어닝 서프라이즈 미래에셋증권 임희석 I 2024-11-08 N/R 자사몰의 저력 확인 하나증권 이준호 I 2024-11-08 N/R 2024.3Q Earnings Result 해당기업 IR팀 I 2024-11-07 N/R 2024년 3분기 실적발표 해당기업 IR팀 I 2024-11-07 N/R 기대감과 성과 증명 그 사이 신한투자증권 김아람 I 2024-10-17 N/R e커머스의 한 줄기 희망 현대차증권 김현용 I 2024-09-27 N/R 유튜브에서 쇼핑하기 한국투자증권 김예림,정호윤 I 2024-09-25 N/R 구글이 유튜브쇼핑에 계속 욕심 내준다면 신한투자증권 김아람 I 2024-08-08 매수 짙어지는 성장의 향기 미래에셋증권 임희석 I 2024-08-08 N/R 경쟁력이 높아진다 하나증권 이준호 I 2024-08-08 N/R 2024년 2분기 실적발표 해당기업 IR팀 I 2024-08-07 매수 매수 타이밍 미래에셋증권 임희석 I 2024-07-23 N/R 유튜브 스토어 개편 완료 하나증권 이준호 I 2024-07-11 N/R 유튜브 쇼핑 시장 속 전용 스토어 선택이 관건 DB금융투자 신은정 I 2024-07-08 N/R 진짜 유튜브쇼핑이 온다 신한투자증권 김아람 I 2024-06-20 "", ""만 I 2024-12-24 매수 어려운 업황 속에서도 고속 성장 중 미래에셋증권 임희석 I 2024-11-22 N/R 숫자에 의미부여하기 신한투자증권 김아람 I 2024-11-08 매수 예상치 못한 어닝 서프라이즈 미래에셋증권 임희석 I 2024-11-08 N/R 자사몰의 저력 확인 하나증권 이준호 I 2024-11-08 N/R 2024.3Q Earnings Result 해당기업 IR팀 I 2024-11-07 N/R 2024년 3분기 실적발표 해당기업 IR팀 I 2024-11-07 N/R 기대감과 성과 증명 그 사이 신한투자증권 김아람 I 2024-10-17 N/R e커머스의 한 줄기 희망 현대차증권 김현용 I 2024-09-27 N/R 유튜브에서 쇼핑하기 한국투자증권 김예림,정호윤 I 2024-09-25 N/R 구글이 유튜브쇼핑에 계속 욕심 내준다면 신한투자증권 김아람 I 2024-08-08 매수 짙어지는 성장의 향기 미래에셋증권 임희석 I 2024-08-08 N/R 경쟁력이 높아진다 하나증권 이준호 I 2024-08-08 N/R 2024년 2분기 실적발표 해당기업 IR팀 I 2024-08-07 매수 매수 타이밍 미래에셋증권 임희석 I 2024-07-23 N/R 유튜브 스토어 개편 완료 하나증권 이준호 I 2024-07-11 N/R 유튜브 쇼핑 시장 속 전용 스토어 선택이 관건 DB금융투자 신은정 I 2024-07-08 N/R 진짜 유튜브쇼핑이 온다 신한투자증권 김아람 I 2024-06-20 N/R 조용히 열일중인 유튜브쇼핑 신한투자증권 김아람 I 202"", ""매수 어려운 업황 속에서도 고속 성장 중 미래에셋증권 임희석 I 2024-11-22 N/R 숫자에 의미부여하기 신한투자증권 김아람 I 2024-11-08 매수 예상치 못한 어닝 서프라이즈 미래에셋증권 임희석 I 2024-11-08 N/R 자사몰의 저력 확인 하나증권 이준호 I 2024-11-08 N/R 2024.3Q Earnings Result 해당기업 IR팀 I 2024-11-07 N/R 2024년 3분기 실적발표 해당기업 IR팀 I 2024-11-07 N/R 기대감과 성과 증명 그 사이 신한투자증권 김아람 I 2024-10-17 N/R e커머스의 한 줄기 희망 현대차증권 김현용 I 2024-09-27 N/R 유튜브에서 쇼핑하기 한국투자증권 김예림,정호윤 I 2024-09-25 N/R 구글이 유튜브쇼핑에 계속 욕심 내준다면 신한투자증권 김아람 I 2024-08-08 매수 짙어지는 성장의 향기 미래에셋증권 임희석 I 2024-08-08 N/R 경쟁력이 높아진다 하나증권 이준호 I 2024-08-08 N/R 2024년 2분기 실적발표 해당기업 IR팀 I 2024-08-07 매수 매수 타이밍 미래에셋증권 임희석 I 2024-07-23 N/R 유튜브 스토어 개편 완료 하나증권 이준호 I 2024-07-11 N/R 유튜브 쇼핑 시장 속 전용 스토어 선택이 관건 DB금융투자 신은정 I 2024-07-08 N/R 진짜 유튜브쇼핑이 온다 신한투자증권 김아람 I 2024-06-20 N/R 조용히 열일중인 유튜브쇼핑 신한투자증권 김아람 I 2024-06-07 매수 불어오는"", ""셋증권 임희석 I 2024-11-22 N/R 숫자에 의미부여하기 신한투자증권 김아람 I 2024-11-08 매수 예상치 못한 어닝 서프라이즈 미래에셋증권 임희석 I 2024-11-08 N/R 자사몰의 저력 확인 하나증권 이준호 I 2024-11-08 N/R 2024.3Q Earnings Result 해당기업 IR팀 I 2024-11-07 N/R 2024년 3분기 실적발표 해당기업 IR팀 I 2024-11-07 N/R 기대감과 성과 증명 그 사이 신한투자증권 김아람 I 2024-10-17 N/R e커머스의 한 줄기 희망 현대차증권 김현용 I 2024-09-27 N/R 유튜브에서 쇼핑하기 한국투자증권 김예림,정호윤 I 2024-09-25 N/R 구글이 유튜브쇼핑에 계속 욕심 내준다면 신한투자증권 김아람 I 2024-08-08 매수 짙어지는 성장의 향기 미래에셋증권 임희석 I 2024-08-08 N/R 경쟁력이 높아진다 하나증권 이준호 I 2024-08-08 N/R 2024년 2분기 실적발표 해당기업 IR팀 I 2024-08-07 매수 매수 타이밍 미래에셋증권 임희석 I 2024-07-23 N/R 유튜브 스토어 개편 완료 하나증권 이준호 I 2024-07-11 N/R 유튜브 쇼핑 시장 속 전용 스토어 선택이 관건 DB금융투자 신은정 I 2024-07-08 N/R 진짜 유튜브쇼핑이 온다 신한투자증권 김아람 I 2024-06-20 N/R 조용히 열일중인 유튜브쇼핑 신한투자증권 김아람 I 2024-06-07 매수 불어오는 성장의 향기. 하반기 업종 Top Pick 미"", ""아람 I 2024-11-08 매수 예상치 못한 어닝 서프라이즈 미래에셋증권 임희석 I 2024-11-08 N/R 자사몰의 저력 확인 하나증권 이준호 I 2024-11-08 N/R 2024.3Q Earnings Result 해당기업 IR팀 I 2024-11-07 N/R 2024년 3분기 실적발표 해당기업 IR팀 I 2024-11-07 N/R 기대감과 성과 증명 그 사이 신한투자증권 김아람 I 2024-10-17 N/R e커머스의 한 줄기 희망 현대차증권 김현용 I 2024-09-27 N/R 유튜브에서 쇼핑하기 한국투자증권 김예림,정호윤 I 2024-09-25 N/R 구글이 유튜브쇼핑에 계속 욕심 내준다면 신한투자증권 김아람 I 2024-08-08 매수 짙어지는 성장의 향기 미래에셋증권 임희석 I 2024-08-08 N/R 경쟁력이 높아진다 하나증권 이준호 I 2024-08-08 N/R 2024년 2분기 실적발표 해당기업 IR팀 I 2024-08-07 매수 매수 타이밍 미래에셋증권 임희석 I 2024-07-23 N/R 유튜브 스토어 개편 완료 하나증권 이준호 I 2024-07-11 N/R 유튜브 쇼핑 시장 속 전용 스토어 선택이 관건 DB금융투자 신은정 I 2024-07-08 N/R 진짜 유튜브쇼핑이 온다 신한투자증권 김아람 I 2024-06-20 N/R 조용히 열일중인 유튜브쇼핑 신한투자증권 김아람 I 2024-06-07 매수 불어오는 성장의 향기. 하반기 업종 Top Pick 미래에셋증권 임희석 I 2024-05-31 매수 인터넷 중소형주 Top Pick.""]",[]
042000::2024,042000,카페24,STOCKREPORT,200,https://stockreport.kr/stocks/042000,False,4523,[],[]
063080::2024,063080,컴투스홀딩스,ALPHASQUARE,200,https://alphasquare.co.kr/home/stock-issue?code=063080&type=report,False,60,[],[]
063080::2024,063080,컴투스홀딩스,IRGO,200,https://m.irgo.co.kr/IR-COMP/063080,True,13309,"[""홀딩스 I 2026-02-26 컴투스홀딩스, ′Game Sector Corporate Day′ 참가 컴투스홀딩스 I 2025-12-08 컴투스홀딩스, 유진투자증권 NDR (Non-Deal Roadshow) 컴투스홀딩스 I 2025-08-20 컴투스홀딩스, ′NH 스테이블코인 Corporate Day′ 참가 컴투스홀딩스 I 2025-06-26 컴투스홀딩스, 주요 경영현황 설명 컴투스홀딩스 I 2024-12-13 컴투스홀딩스, 유진투자증권 NDR (Non-Deal Roadshow) 컴투스홀딩스 I 2024-11-20 컴투스홀딩스, 2024년 3분기 실적 발표 컴투스홀딩스 I 2024-11-07 컴투스홀딩스, 리딩투자증권 NDR 컴투스홀딩스 I 2024-09-03 컴투스홀딩스, 2024년 2분기 실적 발표 컴투스홀딩스 I 2024-08-09 컴투스홀딩스, 상상인증권 NDR (Non-Deal Roadshow) 컴투스홀딩스 I 2024-05-21 컴투스홀딩스, 2024년 1분기 실적 발표 컴투스홀딩스 I 2024-05-10 컴투스홀딩스, 2023년 4분기 및 연간 실적 발표 컴투스홀딩스 I 2024-02-15 컴투스홀딩스, 2023년 3분기 실적 발표 컴투스홀딩스 I 2023-11-08 컴투스홀딩스, 2023년 2분기 실적 발표 컴투스홀딩스 I 2023-08-03 컴투스홀딩스, 2023년 1분기 실적 발표 컴투스홀딩스 I 2023-05-11 컴투스홀딩스, 2022년 4분기 및 연간 실적발표 컴투스홀딩스 I 2023-02-10 컴투스홀딩스, 2022년 3분기 실적 발"", ""홀딩스 I 2025-12-08 컴투스홀딩스, 유진투자증권 NDR (Non-Deal Roadshow) 컴투스홀딩스 I 2025-08-20 컴투스홀딩스, ′NH 스테이블코인 Corporate Day′ 참가 컴투스홀딩스 I 2025-06-26 컴투스홀딩스, 주요 경영현황 설명 컴투스홀딩스 I 2024-12-13 컴투스홀딩스, 유진투자증권 NDR (Non-Deal Roadshow) 컴투스홀딩스 I 2024-11-20 컴투스홀딩스, 2024년 3분기 실적 발표 컴투스홀딩스 I 2024-11-07 컴투스홀딩스, 리딩투자증권 NDR 컴투스홀딩스 I 2024-09-03 컴투스홀딩스, 2024년 2분기 실적 발표 컴투스홀딩스 I 2024-08-09 컴투스홀딩스, 상상인증권 NDR (Non-Deal Roadshow) 컴투스홀딩스 I 2024-05-21 컴투스홀딩스, 2024년 1분기 실적 발표 컴투스홀딩스 I 2024-05-10 컴투스홀딩스, 2023년 4분기 및 연간 실적 발표 컴투스홀딩스 I 2024-02-15 컴투스홀딩스, 2023년 3분기 실적 발표 컴투스홀딩스 I 2023-11-08 컴투스홀딩스, 2023년 2분기 실적 발표 컴투스홀딩스 I 2023-08-03 컴투스홀딩스, 2023년 1분기 실적 발표 컴투스홀딩스 I 2023-05-11 컴투스홀딩스, 2022년 4분기 및 연간 실적발표 컴투스홀딩스 I 2023-02-10 컴투스홀딩스, 2022년 3분기 실적 발표 컴투스홀딩스 I 2022-11-11 컴투스홀딩스, 2022년 2분기 실적 발표 컴투스홀딩스 I 2022"", ""스홀딩스, 유진투자증권 NDR (Non-Deal Roadshow) 컴투스홀딩스 I 2025-08-20 컴투스홀딩스, ′NH 스테이블코인 Corporate Day′ 참가 컴투스홀딩스 I 2025-06-26 컴투스홀딩스, 주요 경영현황 설명 컴투스홀딩스 I 2024-12-13 컴투스홀딩스, 유진투자증권 NDR (Non-Deal Roadshow) 컴투스홀딩스 I 2024-11-20 컴투스홀딩스, 2024년 3분기 실적 발표 컴투스홀딩스 I 2024-11-07 컴투스홀딩스, 리딩투자증권 NDR 컴투스홀딩스 I 2024-09-03 컴투스홀딩스, 2024년 2분기 실적 발표 컴투스홀딩스 I 2024-08-09 컴투스홀딩스, 상상인증권 NDR (Non-Deal Roadshow) 컴투스홀딩스 I 2024-05-21 컴투스홀딩스, 2024년 1분기 실적 발표 컴투스홀딩스 I 2024-05-10 컴투스홀딩스, 2023년 4분기 및 연간 실적 발표 컴투스홀딩스 I 2024-02-15 컴투스홀딩스, 2023년 3분기 실적 발표 컴투스홀딩스 I 2023-11-08 컴투스홀딩스, 2023년 2분기 실적 발표 컴투스홀딩스 I 2023-08-03 컴투스홀딩스, 2023년 1분기 실적 발표 컴투스홀딩스 I 2023-05-11 컴투스홀딩스, 2022년 4분기 및 연간 실적발표 컴투스홀딩스 I 2023-02-10 컴투스홀딩스, 2022년 3분기 실적 발표 컴투스홀딩스 I 2022-11-11 컴투스홀딩스, 2022년 2분기 실적 발표 컴투스홀딩스 I 2022-08-11 컴투스홀딩스, 2022"", ""l Roadshow) 컴투스홀딩스 I 2025-08-20 컴투스홀딩스, ′NH 스테이블코인 Corporate Day′ 참가 컴투스홀딩스 I 2025-06-26 컴투스홀딩스, 주요 경영현황 설명 컴투스홀딩스 I 2024-12-13 컴투스홀딩스, 유진투자증권 NDR (Non-Deal Roadshow) 컴투스홀딩스 I 2024-11-20 컴투스홀딩스, 2024년 3분기 실적 발표 컴투스홀딩스 I 2024-11-07 컴투스홀딩스, 리딩투자증권 NDR 컴투스홀딩스 I 2024-09-03 컴투스홀딩스, 2024년 2분기 실적 발표 컴투스홀딩스 I 2024-08-09 컴투스홀딩스, 상상인증권 NDR (Non-Deal Roadshow) 컴투스홀딩스 I 2024-05-21 컴투스홀딩스, 2024년 1분기 실적 발표 컴투스홀딩스 I 2024-05-10 컴투스홀딩스, 2023년 4분기 및 연간 실적 발표 컴투스홀딩스 I 2024-02-15 컴투스홀딩스, 2023년 3분기 실적 발표 컴투스홀딩스 I 2023-11-08 컴투스홀딩스, 2023년 2분기 실적 발표 컴투스홀딩스 I 2023-08-03 컴투스홀딩스, 2023년 1분기 실적 발표 컴투스홀딩스 I 2023-05-11 컴투스홀딩스, 2022년 4분기 및 연간 실적발표 컴투스홀딩스 I 2023-02-10 컴투스홀딩스, 2022년 3분기 실적 발표 컴투스홀딩스 I 2022-11-11 컴투스홀딩스, 2022년 2분기 실적 발표 컴투스홀딩스 I 2022-08-11 컴투스홀딩스, 2022년 1분기 실적 발표 컴투스홀딩스 I 2022"", "" ′NH 스테이블코인 Corporate Day′ 참가 컴투스홀딩스 I 2025-06-26 컴투스홀딩스, 주요 경영현황 설명 컴투스홀딩스 I 2024-12-13 컴투스홀딩스, 유진투자증권 NDR (Non-Deal Roadshow) 컴투스홀딩스 I 2024-11-20 컴투스홀딩스, 2024년 3분기 실적 발표 컴투스홀딩스 I 2024-11-07 컴투스홀딩스, 리딩투자증권 NDR 컴투스홀딩스 I 2024-09-03 컴투스홀딩스, 2024년 2분기 실적 발표 컴투스홀딩스 I 2024-08-09 컴투스홀딩스, 상상인증권 NDR (Non-Deal Roadshow) 컴투스홀딩스 I 2024-05-21 컴투스홀딩스, 2024년 1분기 실적 발표 컴투스홀딩스 I 2024-05-10 컴투스홀딩스, 2023년 4분기 및 연간 실적 발표 컴투스홀딩스 I 2024-02-15 컴투스홀딩스, 2023년 3분기 실적 발표 컴투스홀딩스 I 2023-11-08 컴투스홀딩스, 2023년 2분기 실적 발표 컴투스홀딩스 I 2023-08-03 컴투스홀딩스, 2023년 1분기 실적 발표 컴투스홀딩스 I 2023-05-11 컴투스홀딩스, 2022년 4분기 및 연간 실적발표 컴투스홀딩스 I 2023-02-10 컴투스홀딩스, 2022년 3분기 실적 발표 컴투스홀딩스 I 2022-11-11 컴투스홀딩스, 2022년 2분기 실적 발표 컴투스홀딩스 I 2022-08-11 컴투스홀딩스, 2022년 1분기 실적 발표 컴투스홀딩스 I 2022-05-13 컴투스홀딩스, 2021년 4분기 실적 발표 컴투스홀딩스 I"", ""te Day′ 참가 컴투스홀딩스 I 2025-06-26 컴투스홀딩스, 주요 경영현황 설명 컴투스홀딩스 I 2024-12-13 컴투스홀딩스, 유진투자증권 NDR (Non-Deal Roadshow) 컴투스홀딩스 I 2024-11-20 컴투스홀딩스, 2024년 3분기 실적 발표 컴투스홀딩스 I 2024-11-07 컴투스홀딩스, 리딩투자증권 NDR 컴투스홀딩스 I 2024-09-03 컴투스홀딩스, 2024년 2분기 실적 발표 컴투스홀딩스 I 2024-08-09 컴투스홀딩스, 상상인증권 NDR (Non-Deal Roadshow) 컴투스홀딩스 I 2024-05-21 컴투스홀딩스, 2024년 1분기 실적 발표 컴투스홀딩스 I 2024-05-10 컴투스홀딩스, 2023년 4분기 및 연간 실적 발표 컴투스홀딩스 I 2024-02-15 컴투스홀딩스, 2023년 3분기 실적 발표 컴투스홀딩스 I 2023-11-08 컴투스홀딩스, 2023년 2분기 실적 발표 컴투스홀딩스 I 2023-08-03 컴투스홀딩스, 2023년 1분기 실적 발표 컴투스홀딩스 I 2023-05-11 컴투스홀딩스, 2022년 4분기 및 연간 실적발표 컴투스홀딩스 I 2023-02-10 컴투스홀딩스, 2022년 3분기 실적 발표 컴투스홀딩스 I 2022-11-11 컴투스홀딩스, 2022년 2분기 실적 발표 컴투스홀딩스 I 2022-08-11 컴투스홀딩스, 2022년 1분기 실적 발표 컴투스홀딩스 I 2022-05-13 컴투스홀딩스, 2021년 4분기 실적 발표 컴투스홀딩스 I 2022-02-11 게임빌. 20"", ""06-26 컴투스홀딩스, 주요 경영현황 설명 컴투스홀딩스 I 2024-12-13 컴투스홀딩스, 유진투자증권 NDR (Non-Deal Roadshow) 컴투스홀딩스 I 2024-11-20 컴투스홀딩스, 2024년 3분기 실적 발표 컴투스홀딩스 I 2024-11-07 컴투스홀딩스, 리딩투자증권 NDR 컴투스홀딩스 I 2024-09-03 컴투스홀딩스, 2024년 2분기 실적 발표 컴투스홀딩스 I 2024-08-09 컴투스홀딩스, 상상인증권 NDR (Non-Deal Roadshow) 컴투스홀딩스 I 2024-05-21 컴투스홀딩스, 2024년 1분기 실적 발표 컴투스홀딩스 I 2024-05-10 컴투스홀딩스, 2023년 4분기 및 연간 실적 발표 컴투스홀딩스 I 2024-02-15 컴투스홀딩스, 2023년 3분기 실적 발표 컴투스홀딩스 I 2023-11-08 컴투스홀딩스, 2023년 2분기 실적 발표 컴투스홀딩스 I 2023-08-03 컴투스홀딩스, 2023년 1분기 실적 발표 컴투스홀딩스 I 2023-05-11 컴투스홀딩스, 2022년 4분기 및 연간 실적발표 컴투스홀딩스 I 2023-02-10 컴투스홀딩스, 2022년 3분기 실적 발표 컴투스홀딩스 I 2022-11-11 컴투스홀딩스, 2022년 2분기 실적 발표 컴투스홀딩스 I 2022-08-11 컴투스홀딩스, 2022년 1분기 실적 발표 컴투스홀딩스 I 2022-05-13 컴투스홀딩스, 2021년 4분기 실적 발표 컴투스홀딩스 I 2022-02-11 게임빌. 2021년 3분기 실적 발표 컴투스홀딩스 I 20"", ""권 NDR (Non-Deal Roadshow) 컴투스홀딩스 I 2024-11-20 컴투스홀딩스, 2024년 3분기 실적 발표 컴투스홀딩스 I 2024-11-07 컴투스홀딩스, 리딩투자증권 NDR 컴투스홀딩스 I 2024-09-03 컴투스홀딩스, 2024년 2분기 실적 발표 컴투스홀딩스 I 2024-08-09 컴투스홀딩스, 상상인증권 NDR (Non-Deal Roadshow) 컴투스홀딩스 I 2024-05-21 컴투스홀딩스, 2024년 1분기 실적 발표 컴투스홀딩스 I 2024-05-10 컴투스홀딩스, 2023년 4분기 및 연간 실적 발표 컴투스홀딩스 I 2024-02-15 컴투스홀딩스, 2023년 3분기 실적 발표 컴투스홀딩스 I 2023-11-08 컴투스홀딩스, 2023년 2분기 실적 발표 컴투스홀딩스 I 2023-08-03 컴투스홀딩스, 2023년 1분기 실적 발표 컴투스홀딩스 I 2023-05-11 컴투스홀딩스, 2022년 4분기 및 연간 실적발표 컴투스홀딩스 I 2023-02-10 컴투스홀딩스, 2022년 3분기 실적 발표 컴투스홀딩스 I 2022-11-11 컴투스홀딩스, 2022년 2분기 실적 발표 컴투스홀딩스 I 2022-08-11 컴투스홀딩스, 2022년 1분기 실적 발표 컴투스홀딩스 I 2022-05-13 컴투스홀딩스, 2021년 4분기 실적 발표 컴투스홀딩스 I 2022-02-11 게임빌. 2021년 3분기 실적 발표 컴투스홀딩스 I 2021-11-10 게임빌, 2021년 2분기 실적 발표 컴투스홀딩스 I 2021-08-12 게임빌, 202"", ""dshow) 컴투스홀딩스 I 2024-11-20 컴투스홀딩스, 2024년 3분기 실적 발표 컴투스홀딩스 I 2024-11-07 컴투스홀딩스, 리딩투자증권 NDR 컴투스홀딩스 I 2024-09-03 컴투스홀딩스, 2024년 2분기 실적 발표 컴투스홀딩스 I 2024-08-09 컴투스홀딩스, 상상인증권 NDR (Non-Deal Roadshow) 컴투스홀딩스 I 2024-05-21 컴투스홀딩스, 2024년 1분기 실적 발표 컴투스홀딩스 I 2024-05-10 컴투스홀딩스, 2023년 4분기 및 연간 실적 발표 컴투스홀딩스 I 2024-02-15 컴투스홀딩스, 2023년 3분기 실적 발표 컴투스홀딩스 I 2023-11-08 컴투스홀딩스, 2023년 2분기 실적 발표 컴투스홀딩스 I 2023-08-03 컴투스홀딩스, 2023년 1분기 실적 발표 컴투스홀딩스 I 2023-05-11 컴투스홀딩스, 2022년 4분기 및 연간 실적발표 컴투스홀딩스 I 2023-02-10 컴투스홀딩스, 2022년 3분기 실적 발표 컴투스홀딩스 I 2022-11-11 컴투스홀딩스, 2022년 2분기 실적 발표 컴투스홀딩스 I 2022-08-11 컴투스홀딩스, 2022년 1분기 실적 발표 컴투스홀딩스 I 2022-05-13 컴투스홀딩스, 2021년 4분기 실적 발표 컴투스홀딩스 I 2022-02-11 게임빌. 2021년 3분기 실적 발표 컴투스홀딩스 I 2021-11-10 게임빌, 2021년 2분기 실적 발표 컴투스홀딩스 I 2021-08-12 게임빌, 2021년 1분기 실적발표(온라인) 컴투"", ""0 컴투스홀딩스, 2024년 3분기 실적 발표 컴투스홀딩스 I 2024-11-07 컴투스홀딩스, 리딩투자증권 NDR 컴투스홀딩스 I 2024-09-03 컴투스홀딩스, 2024년 2분기 실적 발표 컴투스홀딩스 I 2024-08-09 컴투스홀딩스, 상상인증권 NDR (Non-Deal Roadshow) 컴투스홀딩스 I 2024-05-21 컴투스홀딩스, 2024년 1분기 실적 발표 컴투스홀딩스 I 2024-05-10 컴투스홀딩스, 2023년 4분기 및 연간 실적 발표 컴투스홀딩스 I 2024-02-15 컴투스홀딩스, 2023년 3분기 실적 발표 컴투스홀딩스 I 2023-11-08 컴투스홀딩스, 2023년 2분기 실적 발표 컴투스홀딩스 I 2023-08-03 컴투스홀딩스, 2023년 1분기 실적 발표 컴투스홀딩스 I 2023-05-11 컴투스홀딩스, 2022년 4분기 및 연간 실적발표 컴투스홀딩스 I 2023-02-10 컴투스홀딩스, 2022년 3분기 실적 발표 컴투스홀딩스 I 2022-11-11 컴투스홀딩스, 2022년 2분기 실적 발표 컴투스홀딩스 I 2022-08-11 컴투스홀딩스, 2022년 1분기 실적 발표 컴투스홀딩스 I 2022-05-13 컴투스홀딩스, 2021년 4분기 실적 발표 컴투스홀딩스 I 2022-02-11 게임빌. 2021년 3분기 실적 발표 컴투스홀딩스 I 2021-11-10 게임빌, 2021년 2분기 실적 발표 컴투스홀딩스 I 2021-08-12 게임빌, 2021년 1분기 실적발표(온라인) 컴투스홀딩스 I 2021-05-12 게임빌, 20"", ""홀딩스, 리딩투자증권 NDR 컴투스홀딩스 I 2024-09-03 컴투스홀딩스, 2024년 2분기 실적 발표 컴투스홀딩스 I 2024-08-09 컴투스홀딩스, 상상인증권 NDR (Non-Deal Roadshow) 컴투스홀딩스 I 2024-05-21 컴투스홀딩스, 2024년 1분기 실적 발표 컴투스홀딩스 I 2024-05-10 컴투스홀딩스, 2023년 4분기 및 연간 실적 발표 컴투스홀딩스 I 2024-02-15 컴투스홀딩스, 2023년 3분기 실적 발표 컴투스홀딩스 I 2023-11-08 컴투스홀딩스, 2023년 2분기 실적 발표 컴투스홀딩스 I 2023-08-03 컴투스홀딩스, 2023년 1분기 실적 발표 컴투스홀딩스 I 2023-05-11 컴투스홀딩스, 2022년 4분기 및 연간 실적발표 컴투스홀딩스 I 2023-02-10 컴투스홀딩스, 2022년 3분기 실적 발표 컴투스홀딩스 I 2022-11-11 컴투스홀딩스, 2022년 2분기 실적 발표 컴투스홀딩스 I 2022-08-11 컴투스홀딩스, 2022년 1분기 실적 발표 컴투스홀딩스 I 2022-05-13 컴투스홀딩스, 2021년 4분기 실적 발표 컴투스홀딩스 I 2022-02-11 게임빌. 2021년 3분기 실적 발표 컴투스홀딩스 I 2021-11-10 게임빌, 2021년 2분기 실적 발표 컴투스홀딩스 I 2021-08-12 게임빌, 2021년 1분기 실적발표(온라인) 컴투스홀딩스 I 2021-05-12 게임빌, 2020년 4분기 및 연간 실적 발표(온라인) 컴투스홀딩스 I 2021-02-09 게임빌, "", ""홀딩스 I 2026-02-13 컴투스홀딩스, ′Game Sector Corporate Day′ 참가 컴투스홀딩스 I 2025-11-27 컴투스홀딩스, 유진투자증권 NDR (Non-Deal Roadshow) 컴투스홀딩스 I 2025-07-30 컴투스홀딩스, ′NH 스테이블코인 Corporate Day′ 참가 컴투스홀딩스 I 2025-06-24 컴투스홀딩스, 주요 경영현황 설명 컴투스홀딩스 I 2024-12-12 컴투스홀딩스, 유진투자증권 NDR (Non-Deal Roadshow) 컴투스홀딩스 I 2024-11-14 컴투스홀딩스, 2024년 3분기 실적 발표 컴투스홀딩스 I 2024-10-30 컴투스홀딩스, 유진투자증권 온라인 Corporate Day 컴투스홀딩스 I 2024-09-05 컴투스홀딩스, 리딩투자증권 NDR 컴투스홀딩스 I 2024-08-26 컴투스홀딩스, 2024년 2분기 실적 발표 컴투스홀딩스 I 2024-07-25 컴투스홀딩스, 상상인증권 NDR (Non-Deal Roadshow) 컴투스홀딩스 I 2024-05-14 컴투스홀딩스, 2024년 1분기 실적 발표 컴투스홀딩스 I 2024-05-02 컴투스홀딩스, 2023년 4분기 및 연간 실적 발표 컴투스홀딩스 I 2024-02-02 컴투스홀딩스, 2023년 3분기 실적 발표 컴투스홀딩스 I 2023-11-01 컴투스홀딩스, 2023년 2분기 실적 발표 컴투스홀딩스 I 2023-07-24 컴투스홀딩스, 2023년 1분기 실적 발표 컴투스홀딩스 I 2023-04-28 컴투스홀딩스, 2022년 4분기""]",[]
063080::2024,063080,컴투스홀딩스,STOCKREPORT,200,https://stockreport.kr/stocks/063080,False,2192,[],[]
104830::2024,104830,원익머트리얼즈,ALPHASQUARE,200,https://alphasquare.co.kr/home/stock-issue?code=104830&type=report,False,60,[],[]
104830::2024,104830,원익머트리얼즈,IRGO,200,https://m.irgo.co.kr/IR-COMP/104830,True,10264,"[""1 매수 2분기 저점 확인 후 회복세 진입 신한투자증권 김형태,송혜수 I 2025-08-27 매수 상저하고 실적 전망 DB증권 서승연 I 2025-06-20 매수 저평가된 주가, 높아질 회복 기대감 신한투자증권 김형태,여현석 I 2025-03-21 매수 파고가 높아도 우상향으로 간다 IBK투자증권 이건재 I 2025-03-19 매수 아쉬운 매출 속 수익성 개선에 주목 DB금융투자 서승연 I 2024-12-18 매수 2025년을 위한 성장통 신한투자증권 이경아,송혜수 I 2024-09-05 매수 믹스 개선 x 원가 절감 DB금융투자 서승연 I 2024-08-29 매수 2Q24 Review 신한투자증권 이경아 I 2024-08-21 N/R 영업이익 서프라이즈 시현 하나증권 김민경 I 2024-08-09 N/R 25년 반등을 위한 준비 하나증권 김민경,김록호 I 2024-07-12 매수 시장 관심 높아질 하반기 IBK투자증권 이건재 I 2024-07-03 매수 레퍼체크 완료된 특수가스 대표주 신한투자증권 이경아 I 2024-06-11 매수 반도체 생산량 증가 = 실적 개선 IBK투자증권 이건재 I 2024-05-24 매수 길었던 터널에서 벗어나는 중 DB금융투자 서승연 I 2024-02-28 N/R 더블 모멘텀: 가동률 반등 + 수익성 회복 키움증권 박유악 I 2023-12-07 매수 내년을 바라보며 DB금융투자 서승연 I 2023-08-16 N/R 3분기 실적 반등 전망 키움증권 박유악 I 2023-08-09 매수 2Q23 Preview: 특수가스 수요 바닥 "", ""-08-27 매수 상저하고 실적 전망 DB증권 서승연 I 2025-06-20 매수 저평가된 주가, 높아질 회복 기대감 신한투자증권 김형태,여현석 I 2025-03-21 매수 파고가 높아도 우상향으로 간다 IBK투자증권 이건재 I 2025-03-19 매수 아쉬운 매출 속 수익성 개선에 주목 DB금융투자 서승연 I 2024-12-18 매수 2025년을 위한 성장통 신한투자증권 이경아,송혜수 I 2024-09-05 매수 믹스 개선 x 원가 절감 DB금융투자 서승연 I 2024-08-29 매수 2Q24 Review 신한투자증권 이경아 I 2024-08-21 N/R 영업이익 서프라이즈 시현 하나증권 김민경 I 2024-08-09 N/R 25년 반등을 위한 준비 하나증권 김민경,김록호 I 2024-07-12 매수 시장 관심 높아질 하반기 IBK투자증권 이건재 I 2024-07-03 매수 레퍼체크 완료된 특수가스 대표주 신한투자증권 이경아 I 2024-06-11 매수 반도체 생산량 증가 = 실적 개선 IBK투자증권 이건재 I 2024-05-24 매수 길었던 터널에서 벗어나는 중 DB금융투자 서승연 I 2024-02-28 N/R 더블 모멘텀: 가동률 반등 + 수익성 회복 키움증권 박유악 I 2023-12-07 매수 내년을 바라보며 DB금융투자 서승연 I 2023-08-16 N/R 3분기 실적 반등 전망 키움증권 박유악 I 2023-08-09 매수 2Q23 Preview: 특수가스 수요 바닥 확인 한국투자증권 박성홍 I 2023-07-25 매수 단기 실적 부진 보단 장기 "", ""0 매수 저평가된 주가, 높아질 회복 기대감 신한투자증권 김형태,여현석 I 2025-03-21 매수 파고가 높아도 우상향으로 간다 IBK투자증권 이건재 I 2025-03-19 매수 아쉬운 매출 속 수익성 개선에 주목 DB금융투자 서승연 I 2024-12-18 매수 2025년을 위한 성장통 신한투자증권 이경아,송혜수 I 2024-09-05 매수 믹스 개선 x 원가 절감 DB금융투자 서승연 I 2024-08-29 매수 2Q24 Review 신한투자증권 이경아 I 2024-08-21 N/R 영업이익 서프라이즈 시현 하나증권 김민경 I 2024-08-09 N/R 25년 반등을 위한 준비 하나증권 김민경,김록호 I 2024-07-12 매수 시장 관심 높아질 하반기 IBK투자증권 이건재 I 2024-07-03 매수 레퍼체크 완료된 특수가스 대표주 신한투자증권 이경아 I 2024-06-11 매수 반도체 생산량 증가 = 실적 개선 IBK투자증권 이건재 I 2024-05-24 매수 길었던 터널에서 벗어나는 중 DB금융투자 서승연 I 2024-02-28 N/R 더블 모멘텀: 가동률 반등 + 수익성 회복 키움증권 박유악 I 2023-12-07 매수 내년을 바라보며 DB금융투자 서승연 I 2023-08-16 N/R 3분기 실적 반등 전망 키움증권 박유악 I 2023-08-09 매수 2Q23 Preview: 특수가스 수요 바닥 확인 한국투자증권 박성홍 I 2023-07-25 매수 단기 실적 부진 보단 장기 안정성 DB금융투자 서승연 I 2023-06-28 매수 예견된 부진 한국투"", "" I 2025-03-21 매수 파고가 높아도 우상향으로 간다 IBK투자증권 이건재 I 2025-03-19 매수 아쉬운 매출 속 수익성 개선에 주목 DB금융투자 서승연 I 2024-12-18 매수 2025년을 위한 성장통 신한투자증권 이경아,송혜수 I 2024-09-05 매수 믹스 개선 x 원가 절감 DB금융투자 서승연 I 2024-08-29 매수 2Q24 Review 신한투자증권 이경아 I 2024-08-21 N/R 영업이익 서프라이즈 시현 하나증권 김민경 I 2024-08-09 N/R 25년 반등을 위한 준비 하나증권 김민경,김록호 I 2024-07-12 매수 시장 관심 높아질 하반기 IBK투자증권 이건재 I 2024-07-03 매수 레퍼체크 완료된 특수가스 대표주 신한투자증권 이경아 I 2024-06-11 매수 반도체 생산량 증가 = 실적 개선 IBK투자증권 이건재 I 2024-05-24 매수 길었던 터널에서 벗어나는 중 DB금융투자 서승연 I 2024-02-28 N/R 더블 모멘텀: 가동률 반등 + 수익성 회복 키움증권 박유악 I 2023-12-07 매수 내년을 바라보며 DB금융투자 서승연 I 2023-08-16 N/R 3분기 실적 반등 전망 키움증권 박유악 I 2023-08-09 매수 2Q23 Preview: 특수가스 수요 바닥 확인 한국투자증권 박성홍 I 2023-07-25 매수 단기 실적 부진 보단 장기 안정성 DB금융투자 서승연 I 2023-06-28 매수 예견된 부진 한국투자증권 박성홍 I 2023-05-16 N/R 다운턴 그 이후, 적극적 "", ""권 이건재 I 2025-03-19 매수 아쉬운 매출 속 수익성 개선에 주목 DB금융투자 서승연 I 2024-12-18 매수 2025년을 위한 성장통 신한투자증권 이경아,송혜수 I 2024-09-05 매수 믹스 개선 x 원가 절감 DB금융투자 서승연 I 2024-08-29 매수 2Q24 Review 신한투자증권 이경아 I 2024-08-21 N/R 영업이익 서프라이즈 시현 하나증권 김민경 I 2024-08-09 N/R 25년 반등을 위한 준비 하나증권 김민경,김록호 I 2024-07-12 매수 시장 관심 높아질 하반기 IBK투자증권 이건재 I 2024-07-03 매수 레퍼체크 완료된 특수가스 대표주 신한투자증권 이경아 I 2024-06-11 매수 반도체 생산량 증가 = 실적 개선 IBK투자증권 이건재 I 2024-05-24 매수 길었던 터널에서 벗어나는 중 DB금융투자 서승연 I 2024-02-28 N/R 더블 모멘텀: 가동률 반등 + 수익성 회복 키움증권 박유악 I 2023-12-07 매수 내년을 바라보며 DB금융투자 서승연 I 2023-08-16 N/R 3분기 실적 반등 전망 키움증권 박유악 I 2023-08-09 매수 2Q23 Preview: 특수가스 수요 바닥 확인 한국투자증권 박성홍 I 2023-07-25 매수 단기 실적 부진 보단 장기 안정성 DB금융투자 서승연 I 2023-06-28 매수 예견된 부진 한국투자증권 박성홍 I 2023-05-16 N/R 다운턴 그 이후, 적극적 비중 확대 SK증권 이동주 I 2023-04-18 매수 예견된 부진, 낮"", ""금융투자 서승연 I 2024-12-18 매수 2025년을 위한 성장통 신한투자증권 이경아,송혜수 I 2024-09-05 매수 믹스 개선 x 원가 절감 DB금융투자 서승연 I 2024-08-29 매수 2Q24 Review 신한투자증권 이경아 I 2024-08-21 N/R 영업이익 서프라이즈 시현 하나증권 김민경 I 2024-08-09 N/R 25년 반등을 위한 준비 하나증권 김민경,김록호 I 2024-07-12 매수 시장 관심 높아질 하반기 IBK투자증권 이건재 I 2024-07-03 매수 레퍼체크 완료된 특수가스 대표주 신한투자증권 이경아 I 2024-06-11 매수 반도체 생산량 증가 = 실적 개선 IBK투자증권 이건재 I 2024-05-24 매수 길었던 터널에서 벗어나는 중 DB금융투자 서승연 I 2024-02-28 N/R 더블 모멘텀: 가동률 반등 + 수익성 회복 키움증권 박유악 I 2023-12-07 매수 내년을 바라보며 DB금융투자 서승연 I 2023-08-16 N/R 3분기 실적 반등 전망 키움증권 박유악 I 2023-08-09 매수 2Q23 Preview: 특수가스 수요 바닥 확인 한국투자증권 박성홍 I 2023-07-25 매수 단기 실적 부진 보단 장기 안정성 DB금융투자 서승연 I 2023-06-28 매수 예견된 부진 한국투자증권 박성홍 I 2023-05-16 N/R 다운턴 그 이후, 적극적 비중 확대 SK증권 이동주 I 2023-04-18 매수 예견된 부진, 낮아진 valuation 한국투자증권 박성홍 I 2023-03-30 매수 잠시 쉼"", ""자증권 이경아,송혜수 I 2024-09-05 매수 믹스 개선 x 원가 절감 DB금융투자 서승연 I 2024-08-29 매수 2Q24 Review 신한투자증권 이경아 I 2024-08-21 N/R 영업이익 서프라이즈 시현 하나증권 김민경 I 2024-08-09 N/R 25년 반등을 위한 준비 하나증권 김민경,김록호 I 2024-07-12 매수 시장 관심 높아질 하반기 IBK투자증권 이건재 I 2024-07-03 매수 레퍼체크 완료된 특수가스 대표주 신한투자증권 이경아 I 2024-06-11 매수 반도체 생산량 증가 = 실적 개선 IBK투자증권 이건재 I 2024-05-24 매수 길었던 터널에서 벗어나는 중 DB금융투자 서승연 I 2024-02-28 N/R 더블 모멘텀: 가동률 반등 + 수익성 회복 키움증권 박유악 I 2023-12-07 매수 내년을 바라보며 DB금융투자 서승연 I 2023-08-16 N/R 3분기 실적 반등 전망 키움증권 박유악 I 2023-08-09 매수 2Q23 Preview: 특수가스 수요 바닥 확인 한국투자증권 박성홍 I 2023-07-25 매수 단기 실적 부진 보단 장기 안정성 DB금융투자 서승연 I 2023-06-28 매수 예견된 부진 한국투자증권 박성홍 I 2023-05-16 N/R 다운턴 그 이후, 적극적 비중 확대 SK증권 이동주 I 2023-04-18 매수 예견된 부진, 낮아진 valuation 한국투자증권 박성홍 I 2023-03-30 매수 잠시 쉼표 IBK투자증권 이건재 I 2023-03-10 N/R 탐방노트 하나증권 변"", ""융투자 서승연 I 2024-08-29 매수 2Q24 Review 신한투자증권 이경아 I 2024-08-21 N/R 영업이익 서프라이즈 시현 하나증권 김민경 I 2024-08-09 N/R 25년 반등을 위한 준비 하나증권 김민경,김록호 I 2024-07-12 매수 시장 관심 높아질 하반기 IBK투자증권 이건재 I 2024-07-03 매수 레퍼체크 완료된 특수가스 대표주 신한투자증권 이경아 I 2024-06-11 매수 반도체 생산량 증가 = 실적 개선 IBK투자증권 이건재 I 2024-05-24 매수 길었던 터널에서 벗어나는 중 DB금융투자 서승연 I 2024-02-28 N/R 더블 모멘텀: 가동률 반등 + 수익성 회복 키움증권 박유악 I 2023-12-07 매수 내년을 바라보며 DB금융투자 서승연 I 2023-08-16 N/R 3분기 실적 반등 전망 키움증권 박유악 I 2023-08-09 매수 2Q23 Preview: 특수가스 수요 바닥 확인 한국투자증권 박성홍 I 2023-07-25 매수 단기 실적 부진 보단 장기 안정성 DB금융투자 서승연 I 2023-06-28 매수 예견된 부진 한국투자증권 박성홍 I 2023-05-16 N/R 다운턴 그 이후, 적극적 비중 확대 SK증권 이동주 I 2023-04-18 매수 예견된 부진, 낮아진 valuation 한국투자증권 박성홍 I 2023-03-30 매수 잠시 쉼표 IBK투자증권 이건재 I 2023-03-10 N/R 탐방노트 하나증권 변운지,김록호 I 2023-03-09 N/R 사상 최대 실적 전망 키움증권 박유악 "", ""I 2024-08-21 N/R 영업이익 서프라이즈 시현 하나증권 김민경 I 2024-08-09 N/R 25년 반등을 위한 준비 하나증권 김민경,김록호 I 2024-07-12 매수 시장 관심 높아질 하반기 IBK투자증권 이건재 I 2024-07-03 매수 레퍼체크 완료된 특수가스 대표주 신한투자증권 이경아 I 2024-06-11 매수 반도체 생산량 증가 = 실적 개선 IBK투자증권 이건재 I 2024-05-24 매수 길었던 터널에서 벗어나는 중 DB금융투자 서승연 I 2024-02-28 N/R 더블 모멘텀: 가동률 반등 + 수익성 회복 키움증권 박유악 I 2023-12-07 매수 내년을 바라보며 DB금융투자 서승연 I 2023-08-16 N/R 3분기 실적 반등 전망 키움증권 박유악 I 2023-08-09 매수 2Q23 Preview: 특수가스 수요 바닥 확인 한국투자증권 박성홍 I 2023-07-25 매수 단기 실적 부진 보단 장기 안정성 DB금융투자 서승연 I 2023-06-28 매수 예견된 부진 한국투자증권 박성홍 I 2023-05-16 N/R 다운턴 그 이후, 적극적 비중 확대 SK증권 이동주 I 2023-04-18 매수 예견된 부진, 낮아진 valuation 한국투자증권 박성홍 I 2023-03-30 매수 잠시 쉼표 IBK투자증권 이건재 I 2023-03-10 N/R 탐방노트 하나증권 변운지,김록호 I 2023-03-09 N/R 사상 최대 실적 전망 키움증권 박유악 I 2022-11-22 N/R 사상 최대 실적 전망 키움증권 박유악 I 2022-11"", ""024-08-09 N/R 25년 반등을 위한 준비 하나증권 김민경,김록호 I 2024-07-12 매수 시장 관심 높아질 하반기 IBK투자증권 이건재 I 2024-07-03 매수 레퍼체크 완료된 특수가스 대표주 신한투자증권 이경아 I 2024-06-11 매수 반도체 생산량 증가 = 실적 개선 IBK투자증권 이건재 I 2024-05-24 매수 길었던 터널에서 벗어나는 중 DB금융투자 서승연 I 2024-02-28 N/R 더블 모멘텀: 가동률 반등 + 수익성 회복 키움증권 박유악 I 2023-12-07 매수 내년을 바라보며 DB금융투자 서승연 I 2023-08-16 N/R 3분기 실적 반등 전망 키움증권 박유악 I 2023-08-09 매수 2Q23 Preview: 특수가스 수요 바닥 확인 한국투자증권 박성홍 I 2023-07-25 매수 단기 실적 부진 보단 장기 안정성 DB금융투자 서승연 I 2023-06-28 매수 예견된 부진 한국투자증권 박성홍 I 2023-05-16 N/R 다운턴 그 이후, 적극적 비중 확대 SK증권 이동주 I 2023-04-18 매수 예견된 부진, 낮아진 valuation 한국투자증권 박성홍 I 2023-03-30 매수 잠시 쉼표 IBK투자증권 이건재 I 2023-03-10 N/R 탐방노트 하나증권 변운지,김록호 I 2023-03-09 N/R 사상 최대 실적 전망 키움증권 박유악 I 2022-11-22 N/R 사상 최대 실적 전망 키움증권 박유악 I 2022-11-18 매수 2023년에도 성장? 신한투자증권 최도연,남궁현 I 2022-11"", ""준영업(잠정)실적(공정공시) 2025-08-07 주식등의대량보유상황보고서(약식) 2025-07-02 대규모기업집단현황공시[연1회공시및1/4분기용(개별회사)] 2025-05-30 분기보고서 (2025.03) 2025-05-14 연결재무제표기준영업(잠정)실적(공정공시) 2025-05-08 정기주주총회결과 2025-03-26 사외이사의선임ㆍ해임또는중도퇴임에관한신고 2025-03-26 사업보고서 (2024.12) 2025-03-18 감사보고서제출 2025-03-18 주식등의대량보유상황보고서(일반) 2025-03-14 의결권대리행사권유참고서류 2025-03-11 주주총회소집공고 2025-03-11 대규모기업집단현황공시[분기별공시(개별회사용)] 2025-02-27 주주총회소집결의 2025-02-25 현금ㆍ현물배당결정 2025-02-25 매출액또는손익구조30%(대규모법인은15%)이상변동 2025-02-25 연결재무제표기준영업(잠정)실적(공정공시) 2025-02-25 결산실적공시예고 2025-02-17 지급수단별ㆍ지급기간별지급금액및분쟁조정기구에관한사항 2025-02-14 주주명부폐쇄기간또는기준일설정 2024-12-12 대규모기업집단현황공시[분기별공시(개별회사용)] 2024-11-29 주식등의대량보유상황보고서(일반) 2024-11-26 최대주주변경을수반하는주식담보제공계약해제ㆍ취소등 2024-11-25 분기보고서 (2024.09) 2024-11-14 연결재무제표기준영업(잠정)실적(공정공시) 2024-11-07 [첨부정정]주요사항보고서(유형자산양수결정) 2024-09-30 특"", ""단현황공시[분기별공시(개별회사용)] 2025-02-27 주주총회소집결의 2025-02-25 현금ㆍ현물배당결정 2025-02-25 매출액또는손익구조30%(대규모법인은15%)이상변동 2025-02-25 연결재무제표기준영업(잠정)실적(공정공시) 2025-02-25 결산실적공시예고 2025-02-17 지급수단별ㆍ지급기간별지급금액및분쟁조정기구에관한사항 2025-02-14 주주명부폐쇄기간또는기준일설정 2024-12-12 대규모기업집단현황공시[분기별공시(개별회사용)] 2024-11-29 주식등의대량보유상황보고서(일반) 2024-11-26 최대주주변경을수반하는주식담보제공계약해제ㆍ취소등 2024-11-25 분기보고서 (2024.09) 2024-11-14 연결재무제표기준영업(잠정)실적(공정공시) 2024-11-07 [첨부정정]주요사항보고서(유형자산양수결정) 2024-09-30 특수관계인으로부터부동산매수 2024-09-30 주요사항보고서(유형자산양수결정) 2024-09-27 주식등의대량보유상황보고서(약식) 2024-09-09 대규모기업집단현황공시[분기별공시(개별회사용)] 2024-09-02 반기보고서 (2024.06) 2024-08-14 지급수단별ㆍ지급기간별지급금액및분쟁조정기구에관한사항 2024-08-12 연결재무제표기준영업(잠정)실적(공정공시) 2024-08-08 대규모기업집단현황공시[연1회공시및1/4분기용(개별회사)] 2024-05-31 분기보고서 (2024.03) 2024-05-14 연결재무제표기준영업(잠정)실적(공정공시) 2024-05-09 정기주주총회결과 2024-0""]",[]
104830::2024,104830,원익머트리얼즈,STOCKREPORT,200,https://stockreport.kr/stocks/104830,False,3576,[],[]
129890::2024,129890,앱코,ALPHASQUARE,200,https://alphasquare.co.kr/home/stock-issue?code=129890&type=report,False,60,[],[]
129890::2024,129890,앱코,IRGO,200,https://m.irgo.co.kr/IR-COMP/129890,True,4197,"[""약식) 2025-07-16 [기재정정]주식등의대량보유상황보고서(일반) 2025-05-13 분기보고서 (2025.03) 2025-05-08 주식등의대량보유상황보고서(약식) 2025-05-02 주식등의대량보유상황보고서(일반) 2025-04-08 신탁계약해지결과보고서 2025-03-24 정기주주총회결과 2025-03-21 [기재정정]주식등의대량보유상황보고서(일반) 2025-03-18 사업보고서 (2024.12) 2025-03-13 감사보고서제출 2025-03-13 [기재정정]신규시설투자등 2025-03-13 의결권대리행사권유참고서류 2025-03-05 주주총회소집공고 2025-03-05 [첨부정정]의결권대리행사권유참고서류 2025-03-05 [기재정정]주주총회소집공고 2025-03-05 주주총회집중일개최사유신고 2025-02-20 주주총회소집결의 2025-02-20 현금ㆍ현물배당결정 2025-02-20 주식등의대량보유상황보고서(일반) 2025-02-10 매출액또는손익구조30%(대규모법인은15%)이상변동 2025-02-05 소속부변경 2025-01-08 신탁계약에의한취득상황보고서 2024-12-24 주주명부폐쇄기간또는기준일설정 2024-12-13 현금ㆍ현물배당을위한주주명부폐쇄(기준일)결정 2024-11-29 분기보고서 (2024.09) 2024-11-11 주식등의대량보유상황보고서(일반) 2024-11-11 소속부변경 2024-11-11 신탁계약해지결과보고서 2024-10-02 주요사항보고서(자기주식취득신탁계약체결결정) 2024-09-23 반기보고서 (2024.06"", ""정정]의결권대리행사권유참고서류 2025-03-05 [기재정정]주주총회소집공고 2025-03-05 주주총회집중일개최사유신고 2025-02-20 주주총회소집결의 2025-02-20 현금ㆍ현물배당결정 2025-02-20 주식등의대량보유상황보고서(일반) 2025-02-10 매출액또는손익구조30%(대규모법인은15%)이상변동 2025-02-05 소속부변경 2025-01-08 신탁계약에의한취득상황보고서 2024-12-24 주주명부폐쇄기간또는기준일설정 2024-12-13 현금ㆍ현물배당을위한주주명부폐쇄(기준일)결정 2024-11-29 분기보고서 (2024.09) 2024-11-11 주식등의대량보유상황보고서(일반) 2024-11-11 소속부변경 2024-11-11 신탁계약해지결과보고서 2024-10-02 주요사항보고서(자기주식취득신탁계약체결결정) 2024-09-23 반기보고서 (2024.06) 2024-08-14 임원ㆍ주요주주특정증권등소유상황보고서 2024-08-14 신탁계약에의한취득상황보고서 2024-07-01 [기재정정]주요사항보고서(유형자산양수결정) 2024-06-18 신규시설투자등 2024-05-29 분기보고서 (2024.03) 2024-05-13 주요사항보고서(자기주식취득신탁계약체결결정) 2024-04-01 정기주주총회결과 2024-03-22 사업보고서 (2023.12) 2024-03-15 감사보고서제출 2024-03-14 [기재정정]의결권대리행사권유참고서류 2024-03-06 의결권대리행사권유참고서류 2024-03-05 주주총회소집공고 2024-03-05 주주총회"", "" [기재정정]주주총회소집공고 2025-03-05 주주총회집중일개최사유신고 2025-02-20 주주총회소집결의 2025-02-20 현금ㆍ현물배당결정 2025-02-20 주식등의대량보유상황보고서(일반) 2025-02-10 매출액또는손익구조30%(대규모법인은15%)이상변동 2025-02-05 소속부변경 2025-01-08 신탁계약에의한취득상황보고서 2024-12-24 주주명부폐쇄기간또는기준일설정 2024-12-13 현금ㆍ현물배당을위한주주명부폐쇄(기준일)결정 2024-11-29 분기보고서 (2024.09) 2024-11-11 주식등의대량보유상황보고서(일반) 2024-11-11 소속부변경 2024-11-11 신탁계약해지결과보고서 2024-10-02 주요사항보고서(자기주식취득신탁계약체결결정) 2024-09-23 반기보고서 (2024.06) 2024-08-14 임원ㆍ주요주주특정증권등소유상황보고서 2024-08-14 신탁계약에의한취득상황보고서 2024-07-01 [기재정정]주요사항보고서(유형자산양수결정) 2024-06-18 신규시설투자등 2024-05-29 분기보고서 (2024.03) 2024-05-13 주요사항보고서(자기주식취득신탁계약체결결정) 2024-04-01 정기주주총회결과 2024-03-22 사업보고서 (2023.12) 2024-03-15 감사보고서제출 2024-03-14 [기재정정]의결권대리행사권유참고서류 2024-03-06 의결권대리행사권유참고서류 2024-03-05 주주총회소집공고 2024-03-05 주주총회집중일개최사유신고 2024-02-21 주주총회소집"", ""최사유신고 2025-02-20 주주총회소집결의 2025-02-20 현금ㆍ현물배당결정 2025-02-20 주식등의대량보유상황보고서(일반) 2025-02-10 매출액또는손익구조30%(대규모법인은15%)이상변동 2025-02-05 소속부변경 2025-01-08 신탁계약에의한취득상황보고서 2024-12-24 주주명부폐쇄기간또는기준일설정 2024-12-13 현금ㆍ현물배당을위한주주명부폐쇄(기준일)결정 2024-11-29 분기보고서 (2024.09) 2024-11-11 주식등의대량보유상황보고서(일반) 2024-11-11 소속부변경 2024-11-11 신탁계약해지결과보고서 2024-10-02 주요사항보고서(자기주식취득신탁계약체결결정) 2024-09-23 반기보고서 (2024.06) 2024-08-14 임원ㆍ주요주주특정증권등소유상황보고서 2024-08-14 신탁계약에의한취득상황보고서 2024-07-01 [기재정정]주요사항보고서(유형자산양수결정) 2024-06-18 신규시설투자등 2024-05-29 분기보고서 (2024.03) 2024-05-13 주요사항보고서(자기주식취득신탁계약체결결정) 2024-04-01 정기주주총회결과 2024-03-22 사업보고서 (2023.12) 2024-03-15 감사보고서제출 2024-03-14 [기재정정]의결권대리행사권유참고서류 2024-03-06 의결권대리행사권유참고서류 2024-03-05 주주총회소집공고 2024-03-05 주주총회집중일개최사유신고 2024-02-21 주주총회소집결의 2024-02-21 매출액또는손익구조30%(대규모법인은15"", ""주총회소집결의 2025-02-20 현금ㆍ현물배당결정 2025-02-20 주식등의대량보유상황보고서(일반) 2025-02-10 매출액또는손익구조30%(대규모법인은15%)이상변동 2025-02-05 소속부변경 2025-01-08 신탁계약에의한취득상황보고서 2024-12-24 주주명부폐쇄기간또는기준일설정 2024-12-13 현금ㆍ현물배당을위한주주명부폐쇄(기준일)결정 2024-11-29 분기보고서 (2024.09) 2024-11-11 주식등의대량보유상황보고서(일반) 2024-11-11 소속부변경 2024-11-11 신탁계약해지결과보고서 2024-10-02 주요사항보고서(자기주식취득신탁계약체결결정) 2024-09-23 반기보고서 (2024.06) 2024-08-14 임원ㆍ주요주주특정증권등소유상황보고서 2024-08-14 신탁계약에의한취득상황보고서 2024-07-01 [기재정정]주요사항보고서(유형자산양수결정) 2024-06-18 신규시설투자등 2024-05-29 분기보고서 (2024.03) 2024-05-13 주요사항보고서(자기주식취득신탁계약체결결정) 2024-04-01 정기주주총회결과 2024-03-22 사업보고서 (2023.12) 2024-03-15 감사보고서제출 2024-03-14 [기재정정]의결권대리행사권유참고서류 2024-03-06 의결권대리행사권유참고서류 2024-03-05 주주총회소집공고 2024-03-05 주주총회집중일개최사유신고 2024-02-21 주주총회소집결의 2024-02-21 매출액또는손익구조30%(대규모법인은15%)이상변동 2024-02-02 "", ""025-02-20 현금ㆍ현물배당결정 2025-02-20 주식등의대량보유상황보고서(일반) 2025-02-10 매출액또는손익구조30%(대규모법인은15%)이상변동 2025-02-05 소속부변경 2025-01-08 신탁계약에의한취득상황보고서 2024-12-24 주주명부폐쇄기간또는기준일설정 2024-12-13 현금ㆍ현물배당을위한주주명부폐쇄(기준일)결정 2024-11-29 분기보고서 (2024.09) 2024-11-11 주식등의대량보유상황보고서(일반) 2024-11-11 소속부변경 2024-11-11 신탁계약해지결과보고서 2024-10-02 주요사항보고서(자기주식취득신탁계약체결결정) 2024-09-23 반기보고서 (2024.06) 2024-08-14 임원ㆍ주요주주특정증권등소유상황보고서 2024-08-14 신탁계약에의한취득상황보고서 2024-07-01 [기재정정]주요사항보고서(유형자산양수결정) 2024-06-18 신규시설투자등 2024-05-29 분기보고서 (2024.03) 2024-05-13 주요사항보고서(자기주식취득신탁계약체결결정) 2024-04-01 정기주주총회결과 2024-03-22 사업보고서 (2023.12) 2024-03-15 감사보고서제출 2024-03-14 [기재정정]의결권대리행사권유참고서류 2024-03-06 의결권대리행사권유참고서류 2024-03-05 주주총회소집공고 2024-03-05 주주총회집중일개최사유신고 2024-02-21 주주총회소집결의 2024-02-21 매출액또는손익구조30%(대규모법인은15%)이상변동 2024-02-02 주식등의대량보유상"", ""0 주식등의대량보유상황보고서(일반) 2025-02-10 매출액또는손익구조30%(대규모법인은15%)이상변동 2025-02-05 소속부변경 2025-01-08 신탁계약에의한취득상황보고서 2024-12-24 주주명부폐쇄기간또는기준일설정 2024-12-13 현금ㆍ현물배당을위한주주명부폐쇄(기준일)결정 2024-11-29 분기보고서 (2024.09) 2024-11-11 주식등의대량보유상황보고서(일반) 2024-11-11 소속부변경 2024-11-11 신탁계약해지결과보고서 2024-10-02 주요사항보고서(자기주식취득신탁계약체결결정) 2024-09-23 반기보고서 (2024.06) 2024-08-14 임원ㆍ주요주주특정증권등소유상황보고서 2024-08-14 신탁계약에의한취득상황보고서 2024-07-01 [기재정정]주요사항보고서(유형자산양수결정) 2024-06-18 신규시설투자등 2024-05-29 분기보고서 (2024.03) 2024-05-13 주요사항보고서(자기주식취득신탁계약체결결정) 2024-04-01 정기주주총회결과 2024-03-22 사업보고서 (2023.12) 2024-03-15 감사보고서제출 2024-03-14 [기재정정]의결권대리행사권유참고서류 2024-03-06 의결권대리행사권유참고서류 2024-03-05 주주총회소집공고 2024-03-05 주주총회집중일개최사유신고 2024-02-21 주주총회소집결의 2024-02-21 매출액또는손익구조30%(대규모법인은15%)이상변동 2024-02-02 주식등의대량보유상황보고서(약식) 2024-01-26 [기재정정]주식등"", ""반) 2025-02-10 매출액또는손익구조30%(대규모법인은15%)이상변동 2025-02-05 소속부변경 2025-01-08 신탁계약에의한취득상황보고서 2024-12-24 주주명부폐쇄기간또는기준일설정 2024-12-13 현금ㆍ현물배당을위한주주명부폐쇄(기준일)결정 2024-11-29 분기보고서 (2024.09) 2024-11-11 주식등의대량보유상황보고서(일반) 2024-11-11 소속부변경 2024-11-11 신탁계약해지결과보고서 2024-10-02 주요사항보고서(자기주식취득신탁계약체결결정) 2024-09-23 반기보고서 (2024.06) 2024-08-14 임원ㆍ주요주주특정증권등소유상황보고서 2024-08-14 신탁계약에의한취득상황보고서 2024-07-01 [기재정정]주요사항보고서(유형자산양수결정) 2024-06-18 신규시설투자등 2024-05-29 분기보고서 (2024.03) 2024-05-13 주요사항보고서(자기주식취득신탁계약체결결정) 2024-04-01 정기주주총회결과 2024-03-22 사업보고서 (2023.12) 2024-03-15 감사보고서제출 2024-03-14 [기재정정]의결권대리행사권유참고서류 2024-03-06 의결권대리행사권유참고서류 2024-03-05 주주총회소집공고 2024-03-05 주주총회집중일개최사유신고 2024-02-21 주주총회소집결의 2024-02-21 매출액또는손익구조30%(대규모법인은15%)이상변동 2024-02-02 주식등의대량보유상황보고서(약식) 2024-01-26 [기재정정]주식등의대량보유상황보고서(약식) 20"", ""30%(대규모법인은15%)이상변동 2025-02-05 소속부변경 2025-01-08 신탁계약에의한취득상황보고서 2024-12-24 주주명부폐쇄기간또는기준일설정 2024-12-13 현금ㆍ현물배당을위한주주명부폐쇄(기준일)결정 2024-11-29 분기보고서 (2024.09) 2024-11-11 주식등의대량보유상황보고서(일반) 2024-11-11 소속부변경 2024-11-11 신탁계약해지결과보고서 2024-10-02 주요사항보고서(자기주식취득신탁계약체결결정) 2024-09-23 반기보고서 (2024.06) 2024-08-14 임원ㆍ주요주주특정증권등소유상황보고서 2024-08-14 신탁계약에의한취득상황보고서 2024-07-01 [기재정정]주요사항보고서(유형자산양수결정) 2024-06-18 신규시설투자등 2024-05-29 분기보고서 (2024.03) 2024-05-13 주요사항보고서(자기주식취득신탁계약체결결정) 2024-04-01 정기주주총회결과 2024-03-22 사업보고서 (2023.12) 2024-03-15 감사보고서제출 2024-03-14 [기재정정]의결권대리행사권유참고서류 2024-03-06 의결권대리행사권유참고서류 2024-03-05 주주총회소집공고 2024-03-05 주주총회집중일개최사유신고 2024-02-21 주주총회소집결의 2024-02-21 매출액또는손익구조30%(대규모법인은15%)이상변동 2024-02-02 주식등의대량보유상황보고서(약식) 2024-01-26 [기재정정]주식등의대량보유상황보고서(약식) 2024-01-26 주식등의대량보유상황보고서("", "" 2025-01-08 신탁계약에의한취득상황보고서 2024-12-24 주주명부폐쇄기간또는기준일설정 2024-12-13 현금ㆍ현물배당을위한주주명부폐쇄(기준일)결정 2024-11-29 분기보고서 (2024.09) 2024-11-11 주식등의대량보유상황보고서(일반) 2024-11-11 소속부변경 2024-11-11 신탁계약해지결과보고서 2024-10-02 주요사항보고서(자기주식취득신탁계약체결결정) 2024-09-23 반기보고서 (2024.06) 2024-08-14 임원ㆍ주요주주특정증권등소유상황보고서 2024-08-14 신탁계약에의한취득상황보고서 2024-07-01 [기재정정]주요사항보고서(유형자산양수결정) 2024-06-18 신규시설투자등 2024-05-29 분기보고서 (2024.03) 2024-05-13 주요사항보고서(자기주식취득신탁계약체결결정) 2024-04-01 정기주주총회결과 2024-03-22 사업보고서 (2023.12) 2024-03-15 감사보고서제출 2024-03-14 [기재정정]의결권대리행사권유참고서류 2024-03-06 의결권대리행사권유참고서류 2024-03-05 주주총회소집공고 2024-03-05 주주총회집중일개최사유신고 2024-02-21 주주총회소집결의 2024-02-21 매출액또는손익구조30%(대규모법인은15%)이상변동 2024-02-02 주식등의대량보유상황보고서(약식) 2024-01-26 [기재정정]주식등의대량보유상황보고서(약식) 2024-01-26 주식등의대량보유상황보고서(약식) 2024-01-12 [첨부정정]주요사항보고서(유형자산양수"", ""한취득상황보고서 2024-12-24 주주명부폐쇄기간또는기준일설정 2024-12-13 현금ㆍ현물배당을위한주주명부폐쇄(기준일)결정 2024-11-29 분기보고서 (2024.09) 2024-11-11 주식등의대량보유상황보고서(일반) 2024-11-11 소속부변경 2024-11-11 신탁계약해지결과보고서 2024-10-02 주요사항보고서(자기주식취득신탁계약체결결정) 2024-09-23 반기보고서 (2024.06) 2024-08-14 임원ㆍ주요주주특정증권등소유상황보고서 2024-08-14 신탁계약에의한취득상황보고서 2024-07-01 [기재정정]주요사항보고서(유형자산양수결정) 2024-06-18 신규시설투자등 2024-05-29 분기보고서 (2024.03) 2024-05-13 주요사항보고서(자기주식취득신탁계약체결결정) 2024-04-01 정기주주총회결과 2024-03-22 사업보고서 (2023.12) 2024-03-15 감사보고서제출 2024-03-14 [기재정정]의결권대리행사권유참고서류 2024-03-06 의결권대리행사권유참고서류 2024-03-05 주주총회소집공고 2024-03-05 주주총회집중일개최사유신고 2024-02-21 주주총회소집결의 2024-02-21 매출액또는손익구조30%(대규모법인은15%)이상변동 2024-02-02 주식등의대량보유상황보고서(약식) 2024-01-26 [기재정정]주식등의대량보유상황보고서(약식) 2024-01-26 주식등의대량보유상황보고서(약식) 2024-01-12 [첨부정정]주요사항보고서(유형자산양수결정) 2023-12-19 [기재"", ""2024-12-24 주주명부폐쇄기간또는기준일설정 2024-12-13 현금ㆍ현물배당을위한주주명부폐쇄(기준일)결정 2024-11-29 분기보고서 (2024.09) 2024-11-11 주식등의대량보유상황보고서(일반) 2024-11-11 소속부변경 2024-11-11 신탁계약해지결과보고서 2024-10-02 주요사항보고서(자기주식취득신탁계약체결결정) 2024-09-23 반기보고서 (2024.06) 2024-08-14 임원ㆍ주요주주특정증권등소유상황보고서 2024-08-14 신탁계약에의한취득상황보고서 2024-07-01 [기재정정]주요사항보고서(유형자산양수결정) 2024-06-18 신규시설투자등 2024-05-29 분기보고서 (2024.03) 2024-05-13 주요사항보고서(자기주식취득신탁계약체결결정) 2024-04-01 정기주주총회결과 2024-03-22 사업보고서 (2023.12) 2024-03-15 감사보고서제출 2024-03-14 [기재정정]의결권대리행사권유참고서류 2024-03-06 의결권대리행사권유참고서류 2024-03-05 주주총회소집공고 2024-03-05 주주총회집중일개최사유신고 2024-02-21 주주총회소집결의 2024-02-21 매출액또는손익구조30%(대규모법인은15%)이상변동 2024-02-02 주식등의대량보유상황보고서(약식) 2024-01-26 [기재정정]주식등의대량보유상황보고서(약식) 2024-01-26 주식등의대량보유상황보고서(약식) 2024-01-12 [첨부정정]주요사항보고서(유형자산양수결정) 2023-12-19 [기재정정]주요사항보고""]",[]
129890::2024,129890,앱코,STOCKREPORT,404,https://stockreport.kr/stocks/129890,False,67,[],[]
214180::2024,214180,헥토이노베이션,ALPHASQUARE,200,https://alphasquare.co.kr/home/stock-issue?code=214180&type=report,False,60,[],[]
214180::2024,214180,헥토이노베이션,IRGO,200,https://m.irgo.co.kr/IR-COMP/214180,True,11254,"[""션 I 2025-11-24 헥토이노베이션, 2025년 상반기 사이버 보안 콥데이(Corporate Day) 참가 헥토이노베이션 I 2025-06-26 헥토이노베이션, 주요 경영현황 설명 헥토이노베이션 I 2025-06-11 헥토이노베이션, Shinhan Corporate Day 참석 헥토이노베이션 I 2025-03-17 헥토이노베이션, 온라인 Corporate Day 참가 헥토이노베이션 I 2024-09-13 헥토이노베이션, 경영현황 업데이트 헥토이노베이션 I 2024-09-10 헥토이노베이션, 경영현황 업데이트 헥토이노베이션 I 2024-08-16 헥토이노베이션, 경영현황 업데이트 헥토이노베이션 I 2024-06-03 헥토이노베이션, NH투자증권THE C FORUM 2024 참가 헥토이노베이션 I 2024-05-23 헥토이노베이션, 사업 내용 및 현황 헥토이노베이션 I 2024-05-09 헥토이노베이션, 사업 내용 및 현황 헥토이노베이션 I 2024-03-18 헥토이노베이션, 신한투자증권 Corporate Day 참석 헥토이노베이션 I 2022-11-23 헥토이노베이션, 경영현황, 사업현황 등에 대한 설명 헥토이노베이션 I 2022-11-03 헥토이노베이션, 경영현황 및 사업현황 설명 헥토이노베이션 I 2022-07-27 민앤지, 경영실적 및 사업현황(국내) 헥토이노베이션 I 2021-05-20 민앤지, Shinhan Super Corporate Day 참석(국내) 헥토이노베이션 I 2020-11-23 민앤지, 회사소개 및 사업현황 설명(국내) 헥토이노베"", "" 콥데이(Corporate Day) 참가 헥토이노베이션 I 2025-06-26 헥토이노베이션, 주요 경영현황 설명 헥토이노베이션 I 2025-06-11 헥토이노베이션, Shinhan Corporate Day 참석 헥토이노베이션 I 2025-03-17 헥토이노베이션, 온라인 Corporate Day 참가 헥토이노베이션 I 2024-09-13 헥토이노베이션, 경영현황 업데이트 헥토이노베이션 I 2024-09-10 헥토이노베이션, 경영현황 업데이트 헥토이노베이션 I 2024-08-16 헥토이노베이션, 경영현황 업데이트 헥토이노베이션 I 2024-06-03 헥토이노베이션, NH투자증권THE C FORUM 2024 참가 헥토이노베이션 I 2024-05-23 헥토이노베이션, 사업 내용 및 현황 헥토이노베이션 I 2024-05-09 헥토이노베이션, 사업 내용 및 현황 헥토이노베이션 I 2024-03-18 헥토이노베이션, 신한투자증권 Corporate Day 참석 헥토이노베이션 I 2022-11-23 헥토이노베이션, 경영현황, 사업현황 등에 대한 설명 헥토이노베이션 I 2022-11-03 헥토이노베이션, 경영현황 및 사업현황 설명 헥토이노베이션 I 2022-07-27 민앤지, 경영실적 및 사업현황(국내) 헥토이노베이션 I 2021-05-20 민앤지, Shinhan Super Corporate Day 참석(국내) 헥토이노베이션 I 2020-11-23 민앤지, 회사소개 및 사업현황 설명(국내) 헥토이노베이션 I 2020-11-19 2019년 2분기 실적자료 헥토이노베이션 I"", ""-26 헥토이노베이션, 주요 경영현황 설명 헥토이노베이션 I 2025-06-11 헥토이노베이션, Shinhan Corporate Day 참석 헥토이노베이션 I 2025-03-17 헥토이노베이션, 온라인 Corporate Day 참가 헥토이노베이션 I 2024-09-13 헥토이노베이션, 경영현황 업데이트 헥토이노베이션 I 2024-09-10 헥토이노베이션, 경영현황 업데이트 헥토이노베이션 I 2024-08-16 헥토이노베이션, 경영현황 업데이트 헥토이노베이션 I 2024-06-03 헥토이노베이션, NH투자증권THE C FORUM 2024 참가 헥토이노베이션 I 2024-05-23 헥토이노베이션, 사업 내용 및 현황 헥토이노베이션 I 2024-05-09 헥토이노베이션, 사업 내용 및 현황 헥토이노베이션 I 2024-03-18 헥토이노베이션, 신한투자증권 Corporate Day 참석 헥토이노베이션 I 2022-11-23 헥토이노베이션, 경영현황, 사업현황 등에 대한 설명 헥토이노베이션 I 2022-11-03 헥토이노베이션, 경영현황 및 사업현황 설명 헥토이노베이션 I 2022-07-27 민앤지, 경영실적 및 사업현황(국내) 헥토이노베이션 I 2021-05-20 민앤지, Shinhan Super Corporate Day 참석(국내) 헥토이노베이션 I 2020-11-23 민앤지, 회사소개 및 사업현황 설명(국내) 헥토이노베이션 I 2020-11-19 2019년 2분기 실적자료 헥토이노베이션 I 2019-10-22 민앤지, ‘2018 IR신뢰지표 우수’ 기업 선정 "", ""6-11 헥토이노베이션, Shinhan Corporate Day 참석 헥토이노베이션 I 2025-03-17 헥토이노베이션, 온라인 Corporate Day 참가 헥토이노베이션 I 2024-09-13 헥토이노베이션, 경영현황 업데이트 헥토이노베이션 I 2024-09-10 헥토이노베이션, 경영현황 업데이트 헥토이노베이션 I 2024-08-16 헥토이노베이션, 경영현황 업데이트 헥토이노베이션 I 2024-06-03 헥토이노베이션, NH투자증권THE C FORUM 2024 참가 헥토이노베이션 I 2024-05-23 헥토이노베이션, 사업 내용 및 현황 헥토이노베이션 I 2024-05-09 헥토이노베이션, 사업 내용 및 현황 헥토이노베이션 I 2024-03-18 헥토이노베이션, 신한투자증권 Corporate Day 참석 헥토이노베이션 I 2022-11-23 헥토이노베이션, 경영현황, 사업현황 등에 대한 설명 헥토이노베이션 I 2022-11-03 헥토이노베이션, 경영현황 및 사업현황 설명 헥토이노베이션 I 2022-07-27 민앤지, 경영실적 및 사업현황(국내) 헥토이노베이션 I 2021-05-20 민앤지, Shinhan Super Corporate Day 참석(국내) 헥토이노베이션 I 2020-11-23 민앤지, 회사소개 및 사업현황 설명(국내) 헥토이노베이션 I 2020-11-19 2019년 2분기 실적자료 헥토이노베이션 I 2019-10-22 민앤지, ‘2018 IR신뢰지표 우수’ 기업 선정 헥토이노베이션 I 2019-07-05 [CEO 인터뷰] 세틀뱅크, 새로운"", "" 헥토이노베이션 I 2025-03-17 헥토이노베이션, 온라인 Corporate Day 참가 헥토이노베이션 I 2024-09-13 헥토이노베이션, 경영현황 업데이트 헥토이노베이션 I 2024-09-10 헥토이노베이션, 경영현황 업데이트 헥토이노베이션 I 2024-08-16 헥토이노베이션, 경영현황 업데이트 헥토이노베이션 I 2024-06-03 헥토이노베이션, NH투자증권THE C FORUM 2024 참가 헥토이노베이션 I 2024-05-23 헥토이노베이션, 사업 내용 및 현황 헥토이노베이션 I 2024-05-09 헥토이노베이션, 사업 내용 및 현황 헥토이노베이션 I 2024-03-18 헥토이노베이션, 신한투자증권 Corporate Day 참석 헥토이노베이션 I 2022-11-23 헥토이노베이션, 경영현황, 사업현황 등에 대한 설명 헥토이노베이션 I 2022-11-03 헥토이노베이션, 경영현황 및 사업현황 설명 헥토이노베이션 I 2022-07-27 민앤지, 경영실적 및 사업현황(국내) 헥토이노베이션 I 2021-05-20 민앤지, Shinhan Super Corporate Day 참석(국내) 헥토이노베이션 I 2020-11-23 민앤지, 회사소개 및 사업현황 설명(국내) 헥토이노베이션 I 2020-11-19 2019년 2분기 실적자료 헥토이노베이션 I 2019-10-22 민앤지, ‘2018 IR신뢰지표 우수’ 기업 선정 헥토이노베이션 I 2019-07-05 [CEO 인터뷰] 세틀뱅크, 새로운 지평을 여는 핀테크 기업 헥토이노베이션 I 2019-07-04 사업"", ""-17 헥토이노베이션, 온라인 Corporate Day 참가 헥토이노베이션 I 2024-09-13 헥토이노베이션, 경영현황 업데이트 헥토이노베이션 I 2024-09-10 헥토이노베이션, 경영현황 업데이트 헥토이노베이션 I 2024-08-16 헥토이노베이션, 경영현황 업데이트 헥토이노베이션 I 2024-06-03 헥토이노베이션, NH투자증권THE C FORUM 2024 참가 헥토이노베이션 I 2024-05-23 헥토이노베이션, 사업 내용 및 현황 헥토이노베이션 I 2024-05-09 헥토이노베이션, 사업 내용 및 현황 헥토이노베이션 I 2024-03-18 헥토이노베이션, 신한투자증권 Corporate Day 참석 헥토이노베이션 I 2022-11-23 헥토이노베이션, 경영현황, 사업현황 등에 대한 설명 헥토이노베이션 I 2022-11-03 헥토이노베이션, 경영현황 및 사업현황 설명 헥토이노베이션 I 2022-07-27 민앤지, 경영실적 및 사업현황(국내) 헥토이노베이션 I 2021-05-20 민앤지, Shinhan Super Corporate Day 참석(국내) 헥토이노베이션 I 2020-11-23 민앤지, 회사소개 및 사업현황 설명(국내) 헥토이노베이션 I 2020-11-19 2019년 2분기 실적자료 헥토이노베이션 I 2019-10-22 민앤지, ‘2018 IR신뢰지표 우수’ 기업 선정 헥토이노베이션 I 2019-07-05 [CEO 인터뷰] 세틀뱅크, 새로운 지평을 여는 핀테크 기업 헥토이노베이션 I 2019-07-04 사업 및 주요 경영현황 설명, 질의응"", "" I 2024-09-13 헥토이노베이션, 경영현황 업데이트 헥토이노베이션 I 2024-09-10 헥토이노베이션, 경영현황 업데이트 헥토이노베이션 I 2024-08-16 헥토이노베이션, 경영현황 업데이트 헥토이노베이션 I 2024-06-03 헥토이노베이션, NH투자증권THE C FORUM 2024 참가 헥토이노베이션 I 2024-05-23 헥토이노베이션, 사업 내용 및 현황 헥토이노베이션 I 2024-05-09 헥토이노베이션, 사업 내용 및 현황 헥토이노베이션 I 2024-03-18 헥토이노베이션, 신한투자증권 Corporate Day 참석 헥토이노베이션 I 2022-11-23 헥토이노베이션, 경영현황, 사업현황 등에 대한 설명 헥토이노베이션 I 2022-11-03 헥토이노베이션, 경영현황 및 사업현황 설명 헥토이노베이션 I 2022-07-27 민앤지, 경영실적 및 사업현황(국내) 헥토이노베이션 I 2021-05-20 민앤지, Shinhan Super Corporate Day 참석(국내) 헥토이노베이션 I 2020-11-23 민앤지, 회사소개 및 사업현황 설명(국내) 헥토이노베이션 I 2020-11-19 2019년 2분기 실적자료 헥토이노베이션 I 2019-10-22 민앤지, ‘2018 IR신뢰지표 우수’ 기업 선정 헥토이노베이션 I 2019-07-05 [CEO 인터뷰] 세틀뱅크, 새로운 지평을 여는 핀테크 기업 헥토이노베이션 I 2019-07-04 사업 및 주요 경영현황 설명, 질의응답(홍콩/싱가포르) 헥토이노베이션 I 2017-06-27 더보기 IR일정 "", ""I 2024-09-10 헥토이노베이션, 경영현황 업데이트 헥토이노베이션 I 2024-08-16 헥토이노베이션, 경영현황 업데이트 헥토이노베이션 I 2024-06-03 헥토이노베이션, NH투자증권THE C FORUM 2024 참가 헥토이노베이션 I 2024-05-23 헥토이노베이션, 사업 내용 및 현황 헥토이노베이션 I 2024-05-09 헥토이노베이션, 사업 내용 및 현황 헥토이노베이션 I 2024-03-18 헥토이노베이션, 신한투자증권 Corporate Day 참석 헥토이노베이션 I 2022-11-23 헥토이노베이션, 경영현황, 사업현황 등에 대한 설명 헥토이노베이션 I 2022-11-03 헥토이노베이션, 경영현황 및 사업현황 설명 헥토이노베이션 I 2022-07-27 민앤지, 경영실적 및 사업현황(국내) 헥토이노베이션 I 2021-05-20 민앤지, Shinhan Super Corporate Day 참석(국내) 헥토이노베이션 I 2020-11-23 민앤지, 회사소개 및 사업현황 설명(국내) 헥토이노베이션 I 2020-11-19 2019년 2분기 실적자료 헥토이노베이션 I 2019-10-22 민앤지, ‘2018 IR신뢰지표 우수’ 기업 선정 헥토이노베이션 I 2019-07-05 [CEO 인터뷰] 세틀뱅크, 새로운 지평을 여는 핀테크 기업 헥토이노베이션 I 2019-07-04 사업 및 주요 경영현황 설명, 질의응답(홍콩/싱가포르) 헥토이노베이션 I 2017-06-27 더보기 IR일정 헥토이노베이션, 26년 2분기 경영실적 헥토이노베이션 I 2026-08-2"", ""콥데이(Corporate Day) 참가 헥토이노베이션 I 2025-06-18 헥토이노베이션, 주요 경영현황 설명 헥토이노베이션 I 2025-06-10 헥토이노베이션, 주요 경영현황 설명 헥토이노베이션 I 2025-04-07 헥토이노베이션, Shinhan Corporate Day 참석 헥토이노베이션 I 2025-03-12 헥토이노베이션, 온라인 Corporate Day 참가 헥토이노베이션 I 2024-09-12 헥토이노베이션, 경영현황 업데이트 헥토이노베이션 I 2024-09-09 헥토이노베이션, 경영현황 업데이트 헥토이노베이션 I 2024-08-16 헥토이노베이션, 경영현황 업데이트 헥토이노베이션 I 2024-05-30 헥토이노베이션, NH투자증권THE C FORUM 2024 참가 헥토이노베이션 I 2024-05-22 헥토이노베이션, 사업 내용 및 현황 헥토이노베이션 I 2024-05-08 헥토이노베이션, 사업 내용 및 현황 헥토이노베이션 I 2024-03-15 헥토이노베이션, 신한투자증권 Corporate Day 참석 헥토이노베이션 I 2022-11-21 헥토이노베이션, 경영현황, 사업현황 등에 대한 설명 헥토이노베이션 I 2022-10-26 헥토이노베이션, 경영현황 및 사업현황 설명 헥토이노베이션 I 2022-07-26 민앤지, 경영실적 및 사업현황(국내) 헥토이노베이션 I 2021-05-18 민앤지, Shinhan Super Corporate Day 참석(국내) 헥토이노베이션 I 2020-11-20 민앤지, 회사소개 및 사업현황 설명(국내) 헥토이노베"", ""18 헥토이노베이션, 주요 경영현황 설명 헥토이노베이션 I 2025-06-10 헥토이노베이션, 주요 경영현황 설명 헥토이노베이션 I 2025-04-07 헥토이노베이션, Shinhan Corporate Day 참석 헥토이노베이션 I 2025-03-12 헥토이노베이션, 온라인 Corporate Day 참가 헥토이노베이션 I 2024-09-12 헥토이노베이션, 경영현황 업데이트 헥토이노베이션 I 2024-09-09 헥토이노베이션, 경영현황 업데이트 헥토이노베이션 I 2024-08-16 헥토이노베이션, 경영현황 업데이트 헥토이노베이션 I 2024-05-30 헥토이노베이션, NH투자증권THE C FORUM 2024 참가 헥토이노베이션 I 2024-05-22 헥토이노베이션, 사업 내용 및 현황 헥토이노베이션 I 2024-05-08 헥토이노베이션, 사업 내용 및 현황 헥토이노베이션 I 2024-03-15 헥토이노베이션, 신한투자증권 Corporate Day 참석 헥토이노베이션 I 2022-11-21 헥토이노베이션, 경영현황, 사업현황 등에 대한 설명 헥토이노베이션 I 2022-10-26 헥토이노베이션, 경영현황 및 사업현황 설명 헥토이노베이션 I 2022-07-26 민앤지, 경영실적 및 사업현황(국내) 헥토이노베이션 I 2021-05-18 민앤지, Shinhan Super Corporate Day 참석(국내) 헥토이노베이션 I 2020-11-20 민앤지, 회사소개 및 사업현황 설명(국내) 헥토이노베이션 I 2020-11-18 민앤지, 2019년 KOSDAQ Global"", ""-10 헥토이노베이션, 주요 경영현황 설명 헥토이노베이션 I 2025-04-07 헥토이노베이션, Shinhan Corporate Day 참석 헥토이노베이션 I 2025-03-12 헥토이노베이션, 온라인 Corporate Day 참가 헥토이노베이션 I 2024-09-12 헥토이노베이션, 경영현황 업데이트 헥토이노베이션 I 2024-09-09 헥토이노베이션, 경영현황 업데이트 헥토이노베이션 I 2024-08-16 헥토이노베이션, 경영현황 업데이트 헥토이노베이션 I 2024-05-30 헥토이노베이션, NH투자증권THE C FORUM 2024 참가 헥토이노베이션 I 2024-05-22 헥토이노베이션, 사업 내용 및 현황 헥토이노베이션 I 2024-05-08 헥토이노베이션, 사업 내용 및 현황 헥토이노베이션 I 2024-03-15 헥토이노베이션, 신한투자증권 Corporate Day 참석 헥토이노베이션 I 2022-11-21 헥토이노베이션, 경영현황, 사업현황 등에 대한 설명 헥토이노베이션 I 2022-10-26 헥토이노베이션, 경영현황 및 사업현황 설명 헥토이노베이션 I 2022-07-26 민앤지, 경영실적 및 사업현황(국내) 헥토이노베이션 I 2021-05-18 민앤지, Shinhan Super Corporate Day 참석(국내) 헥토이노베이션 I 2020-11-20 민앤지, 회사소개 및 사업현황 설명(국내) 헥토이노베이션 I 2020-11-18 민앤지, 2019년 KOSDAQ Global IR Conference 참가(미국) 헥토이노베이션 I 2019-10-"", ""4-07 헥토이노베이션, Shinhan Corporate Day 참석 헥토이노베이션 I 2025-03-12 헥토이노베이션, 온라인 Corporate Day 참가 헥토이노베이션 I 2024-09-12 헥토이노베이션, 경영현황 업데이트 헥토이노베이션 I 2024-09-09 헥토이노베이션, 경영현황 업데이트 헥토이노베이션 I 2024-08-16 헥토이노베이션, 경영현황 업데이트 헥토이노베이션 I 2024-05-30 헥토이노베이션, NH투자증권THE C FORUM 2024 참가 헥토이노베이션 I 2024-05-22 헥토이노베이션, 사업 내용 및 현황 헥토이노베이션 I 2024-05-08 헥토이노베이션, 사업 내용 및 현황 헥토이노베이션 I 2024-03-15 헥토이노베이션, 신한투자증권 Corporate Day 참석 헥토이노베이션 I 2022-11-21 헥토이노베이션, 경영현황, 사업현황 등에 대한 설명 헥토이노베이션 I 2022-10-26 헥토이노베이션, 경영현황 및 사업현황 설명 헥토이노베이션 I 2022-07-26 민앤지, 경영실적 및 사업현황(국내) 헥토이노베이션 I 2021-05-18 민앤지, Shinhan Super Corporate Day 참석(국내) 헥토이노베이션 I 2020-11-20 민앤지, 회사소개 및 사업현황 설명(국내) 헥토이노베이션 I 2020-11-18 민앤지, 2019년 KOSDAQ Global IR Conference 참가(미국) 헥토이노베이션 I 2019-10-21 민앤지, 사업소개 및 주요 경영현황 설명(홍콩) 헥토이노베이션 I ""]",[]
214180::2024,214180,헥토이노베이션,STOCKREPORT,200,https://stockreport.kr/stocks/214180,True,6551,"[""목표주가: 17,000원 ## 핵심 투자 포인트 1. 4Q24 실적 및 성장 흐름 - 매출액 876 억원, 영업이익 141 억원으로 전년동기 대비 각각 19.6%, 94.5% 증가 -... 발행 당시 목표가 17,000원 읽기 → 유안타증권 2025-02-27 헥토이노베이션 사상 최대 실적 ## 투자의견 및 목표주가 - 투자의견: 없음 - 목표주가: -원 (M) ## 핵심 투자 포인트 1. 2024년 사상 최대 실적 - 24년 연간 실적은 매출액 3,195억원, 영업이익 491.1억원으로 전년대비 각각 10.7%, ... 발행 당시 목표가 미제시 읽기 → 1 페이지 KEEP YOUR RESEARCH CLOSE 찾은 기업을, 계속 지켜보세요. 관심종목은 앱에 저장하고, 최선호주 필터와 확장 조회는 프리미엄에서 확인하세요. 앱에서 프리미엄 확인 ↗ 앱 프리미엄으로 최선호주를 비교하세요 앱 보기 ↗ 스탁리포트 최선호주 선정 기록으로 종목을 탐색하세요. 발행일 기준 자료이며 실시간 시세나 전체 시장 컨센서스가 아닙니다. AI 요약은 원문과 다를 수 있으므로 원문을 함께 확인하세요. 통계 읽는 법 · 집계 기준 리포트의 저작권은 각 작성 증권사에 있습니다. 투자 결정과 책임은 투자자 본인에게 있습니다. Google Play에서 앱 보기 ↗""]","[{""text"": ""헥토이노베이션 사상 최대 실적"", ""context"": ""헥토이노베이션 사상 최대 실적 유안타증권 2025-02-27 헥토이노베이션 사상 최대 실적 ## 투자의견 및 목표주가 - 투자의견: 없음 - 목표주가: -원 (M) ## 핵심 투자 포인트 1. 2024년 사상 최대 실적 - 24년 연간 실적은 매출액 3,195억원, 영업이익 491.1억원으로 전년대비 각각 10.7%, ... 발행 당시 목표가 미제시 읽기 →"", ""href"": ""https://stockreport.kr/reports/stock/6742""}]"
253590::2024,253590,네오셈,ALPHASQUARE,200,https://alphasquare.co.kr/home/stock-issue?code=253590&type=report,False,60,[],[]
253590::2024,253590,네오셈,IRGO,200,https://m.irgo.co.kr/IR-COMP/253590,True,4526,"[""유민,최승환 I 2026-08-11 N/R HBM 다음은 HBF 미래에셋증권 장다현 I 2026-02-02 N/R 회사소개 및 주요 경영현황 해당기업 IR팀 I 2025-11-17 N/R 중장기 성장 동력 확보 중 신영증권 박상욱 I 2025-04-08 N/R 이유 있는 성장. 기대되는 25년 키움증권 오현진 I 2025-01-13 N/R CXL 관련주 이상의 존재감 신한투자증권 남궁현 I 2024-07-04 N/R 차세대 메모리 검사 장비의 주역(feat. CXL) 키움증권 오현진 I 2024-07-04 N/R 2024년에도 성장세 지속 상상인증권 이소중,이준호 I 2023-10-05 N/R 2024년에도 성장세 지속 상상인증권 이소중 I 2023-09-04 N/R 후공정 검사 장비 시장 내 높은 경쟁력 입증 중 키움증권 오현진 I 2023-07-05 N/R 중요한 것은 꺾이지 않는 성장 키움증권 오현진 I 2023-01-05 N/R 차세대 규격 테스터 장비 성장 본격화 키움증권 오현진 I 2022-12-07 N/R 차세대 규격 테스터 장비 성장 본격화 키움증권 오현진 I 2022-11-22 N/R 역대급 수주 사이클 지속 중 SK증권 한동희 I 2022-10-06 N/R 역대급 수주 잔고 키움증권 오현진 I 2022-10-06 N/R 가파른 실적 성장이 가능한 이유 키움증권 오현진 I 2022-09-26 N/R 7~8월 매출=상반기 전체 규모, 22년 하반기~23년 본격 상승 모멘텀 상상인증권 김장열 I 2022-09-05 N/R 최대수주, 최대실적 전"", ""2-02 N/R 회사소개 및 주요 경영현황 해당기업 IR팀 I 2025-11-17 N/R 중장기 성장 동력 확보 중 신영증권 박상욱 I 2025-04-08 N/R 이유 있는 성장. 기대되는 25년 키움증권 오현진 I 2025-01-13 N/R CXL 관련주 이상의 존재감 신한투자증권 남궁현 I 2024-07-04 N/R 차세대 메모리 검사 장비의 주역(feat. CXL) 키움증권 오현진 I 2024-07-04 N/R 2024년에도 성장세 지속 상상인증권 이소중,이준호 I 2023-10-05 N/R 2024년에도 성장세 지속 상상인증권 이소중 I 2023-09-04 N/R 후공정 검사 장비 시장 내 높은 경쟁력 입증 중 키움증권 오현진 I 2023-07-05 N/R 중요한 것은 꺾이지 않는 성장 키움증권 오현진 I 2023-01-05 N/R 차세대 규격 테스터 장비 성장 본격화 키움증권 오현진 I 2022-12-07 N/R 차세대 규격 테스터 장비 성장 본격화 키움증권 오현진 I 2022-11-22 N/R 역대급 수주 사이클 지속 중 SK증권 한동희 I 2022-10-06 N/R 역대급 수주 잔고 키움증권 오현진 I 2022-10-06 N/R 가파른 실적 성장이 가능한 이유 키움증권 오현진 I 2022-09-26 N/R 7~8월 매출=상반기 전체 규모, 22년 하반기~23년 본격 상승 모멘텀 상상인증권 김장열 I 2022-09-05 N/R 최대수주, 최대실적 전망 SK증권 한동희 I 2022-04-28 N/R 22년 본격 상승 사이클 상상인증권 김장열 I 2"", "" 주요 경영현황 해당기업 IR팀 I 2025-11-17 N/R 중장기 성장 동력 확보 중 신영증권 박상욱 I 2025-04-08 N/R 이유 있는 성장. 기대되는 25년 키움증권 오현진 I 2025-01-13 N/R CXL 관련주 이상의 존재감 신한투자증권 남궁현 I 2024-07-04 N/R 차세대 메모리 검사 장비의 주역(feat. CXL) 키움증권 오현진 I 2024-07-04 N/R 2024년에도 성장세 지속 상상인증권 이소중,이준호 I 2023-10-05 N/R 2024년에도 성장세 지속 상상인증권 이소중 I 2023-09-04 N/R 후공정 검사 장비 시장 내 높은 경쟁력 입증 중 키움증권 오현진 I 2023-07-05 N/R 중요한 것은 꺾이지 않는 성장 키움증권 오현진 I 2023-01-05 N/R 차세대 규격 테스터 장비 성장 본격화 키움증권 오현진 I 2022-12-07 N/R 차세대 규격 테스터 장비 성장 본격화 키움증권 오현진 I 2022-11-22 N/R 역대급 수주 사이클 지속 중 SK증권 한동희 I 2022-10-06 N/R 역대급 수주 잔고 키움증권 오현진 I 2022-10-06 N/R 가파른 실적 성장이 가능한 이유 키움증권 오현진 I 2022-09-26 N/R 7~8월 매출=상반기 전체 규모, 22년 하반기~23년 본격 상승 모멘텀 상상인증권 김장열 I 2022-09-05 N/R 최대수주, 최대실적 전망 SK증권 한동희 I 2022-04-28 N/R 22년 본격 상승 사이클 상상인증권 김장열 I 2022-03-17 N/R 역"", ""보 중 신영증권 박상욱 I 2025-04-08 N/R 이유 있는 성장. 기대되는 25년 키움증권 오현진 I 2025-01-13 N/R CXL 관련주 이상의 존재감 신한투자증권 남궁현 I 2024-07-04 N/R 차세대 메모리 검사 장비의 주역(feat. CXL) 키움증권 오현진 I 2024-07-04 N/R 2024년에도 성장세 지속 상상인증권 이소중,이준호 I 2023-10-05 N/R 2024년에도 성장세 지속 상상인증권 이소중 I 2023-09-04 N/R 후공정 검사 장비 시장 내 높은 경쟁력 입증 중 키움증권 오현진 I 2023-07-05 N/R 중요한 것은 꺾이지 않는 성장 키움증권 오현진 I 2023-01-05 N/R 차세대 규격 테스터 장비 성장 본격화 키움증권 오현진 I 2022-12-07 N/R 차세대 규격 테스터 장비 성장 본격화 키움증권 오현진 I 2022-11-22 N/R 역대급 수주 사이클 지속 중 SK증권 한동희 I 2022-10-06 N/R 역대급 수주 잔고 키움증권 오현진 I 2022-10-06 N/R 가파른 실적 성장이 가능한 이유 키움증권 오현진 I 2022-09-26 N/R 7~8월 매출=상반기 전체 규모, 22년 하반기~23년 본격 상승 모멘텀 상상인증권 김장열 I 2022-09-05 N/R 최대수주, 최대실적 전망 SK증권 한동희 I 2022-04-28 N/R 22년 본격 상승 사이클 상상인증권 김장열 I 2022-03-17 N/R 역대급 오더가 기대된다 삼성증권 배현기 I 2021-12-17 N/R 4분기 빅 턴 "", ""-16 주식등의대량보유상황보고서(일반) 2025-11-25 단일판매ㆍ공급계약체결 2025-11-14 분기보고서 (2025.09) 2025-11-13 기업설명회(IR)개최 2025-11-03 반기보고서 (2025.06) 2025-08-14 분기보고서 (2025.03) 2025-05-15 사외이사의선임ㆍ해임또는중도퇴임에관한신고 2025-03-26 정기주주총회결과 2025-03-26 사업보고서 (2024.12) 2025-03-18 감사보고서제출 2025-03-18 주주총회소집공고 2025-03-11 주주총회소집결의 2025-03-11 현금ㆍ현물배당결정 2025-02-07 매출액또는손익구조30%(대규모법인은15%)이상변동 2025-02-07 현금ㆍ현물배당을위한주주명부폐쇄(기준일)결정 2024-12-16 주주명부폐쇄기간또는기준일설정 2024-12-16 분기보고서 (2024.09) 2024-11-14 [기재정정]단일판매ㆍ공급계약체결(자율공시) 2024-08-14 반기보고서 (2024.06) 2024-08-14 단일판매ㆍ공급계약체결(자율공시) 2024-05-23 분기보고서 (2024.03) 2024-05-13 단일판매ㆍ공급계약체결(자율공시) 2024-04-08 정기주주총회결과 2024-03-28 사업보고서 (2023.12) 2024-03-19 감사보고서제출 2024-03-19 주주총회소집공고 2024-03-12 주주총회소집결의 2024-03-12 현금ㆍ현물배당결정 2024-02-05 매출액또는손익구조30%(대규모법인은15%)이상변동 2024-02-05 자기주식처분결과보"", ""사의선임ㆍ해임또는중도퇴임에관한신고 2025-03-26 정기주주총회결과 2025-03-26 사업보고서 (2024.12) 2025-03-18 감사보고서제출 2025-03-18 주주총회소집공고 2025-03-11 주주총회소집결의 2025-03-11 현금ㆍ현물배당결정 2025-02-07 매출액또는손익구조30%(대규모법인은15%)이상변동 2025-02-07 현금ㆍ현물배당을위한주주명부폐쇄(기준일)결정 2024-12-16 주주명부폐쇄기간또는기준일설정 2024-12-16 분기보고서 (2024.09) 2024-11-14 [기재정정]단일판매ㆍ공급계약체결(자율공시) 2024-08-14 반기보고서 (2024.06) 2024-08-14 단일판매ㆍ공급계약체결(자율공시) 2024-05-23 분기보고서 (2024.03) 2024-05-13 단일판매ㆍ공급계약체결(자율공시) 2024-04-08 정기주주총회결과 2024-03-28 사업보고서 (2023.12) 2024-03-19 감사보고서제출 2024-03-19 주주총회소집공고 2024-03-12 주주총회소집결의 2024-03-12 현금ㆍ현물배당결정 2024-02-05 매출액또는손익구조30%(대규모법인은15%)이상변동 2024-02-05 자기주식처분결과보고서 2024-01-29 주요사항보고서(자기주식처분결정) 2024-01-10 조회공시요구(현저한시황변동)에대한답변(미확정) 2024-01-03 조회공시요구(현저한시황변동) 2024-01-02 현금ㆍ현물배당을위한주주명부폐쇄(기준일)결정 2023-12-15 주주명부폐쇄기간또는기준일설정 2023-"", ""26 정기주주총회결과 2025-03-26 사업보고서 (2024.12) 2025-03-18 감사보고서제출 2025-03-18 주주총회소집공고 2025-03-11 주주총회소집결의 2025-03-11 현금ㆍ현물배당결정 2025-02-07 매출액또는손익구조30%(대규모법인은15%)이상변동 2025-02-07 현금ㆍ현물배당을위한주주명부폐쇄(기준일)결정 2024-12-16 주주명부폐쇄기간또는기준일설정 2024-12-16 분기보고서 (2024.09) 2024-11-14 [기재정정]단일판매ㆍ공급계약체결(자율공시) 2024-08-14 반기보고서 (2024.06) 2024-08-14 단일판매ㆍ공급계약체결(자율공시) 2024-05-23 분기보고서 (2024.03) 2024-05-13 단일판매ㆍ공급계약체결(자율공시) 2024-04-08 정기주주총회결과 2024-03-28 사업보고서 (2023.12) 2024-03-19 감사보고서제출 2024-03-19 주주총회소집공고 2024-03-12 주주총회소집결의 2024-03-12 현금ㆍ현물배당결정 2024-02-05 매출액또는손익구조30%(대규모법인은15%)이상변동 2024-02-05 자기주식처분결과보고서 2024-01-29 주요사항보고서(자기주식처분결정) 2024-01-10 조회공시요구(현저한시황변동)에대한답변(미확정) 2024-01-03 조회공시요구(현저한시황변동) 2024-01-02 현금ㆍ현물배당을위한주주명부폐쇄(기준일)결정 2023-12-15 주주명부폐쇄기간또는기준일설정 2023-12-15 전환청구권행사 2023-12-14 전환"", ""3-26 사업보고서 (2024.12) 2025-03-18 감사보고서제출 2025-03-18 주주총회소집공고 2025-03-11 주주총회소집결의 2025-03-11 현금ㆍ현물배당결정 2025-02-07 매출액또는손익구조30%(대규모법인은15%)이상변동 2025-02-07 현금ㆍ현물배당을위한주주명부폐쇄(기준일)결정 2024-12-16 주주명부폐쇄기간또는기준일설정 2024-12-16 분기보고서 (2024.09) 2024-11-14 [기재정정]단일판매ㆍ공급계약체결(자율공시) 2024-08-14 반기보고서 (2024.06) 2024-08-14 단일판매ㆍ공급계약체결(자율공시) 2024-05-23 분기보고서 (2024.03) 2024-05-13 단일판매ㆍ공급계약체결(자율공시) 2024-04-08 정기주주총회결과 2024-03-28 사업보고서 (2023.12) 2024-03-19 감사보고서제출 2024-03-19 주주총회소집공고 2024-03-12 주주총회소집결의 2024-03-12 현금ㆍ현물배당결정 2024-02-05 매출액또는손익구조30%(대규모법인은15%)이상변동 2024-02-05 자기주식처분결과보고서 2024-01-29 주요사항보고서(자기주식처분결정) 2024-01-10 조회공시요구(현저한시황변동)에대한답변(미확정) 2024-01-03 조회공시요구(현저한시황변동) 2024-01-02 현금ㆍ현물배당을위한주주명부폐쇄(기준일)결정 2023-12-15 주주명부폐쇄기간또는기준일설정 2023-12-15 전환청구권행사 2023-12-14 전환청구권행사 2023-12-12 분"", ""서 (2024.12) 2025-03-18 감사보고서제출 2025-03-18 주주총회소집공고 2025-03-11 주주총회소집결의 2025-03-11 현금ㆍ현물배당결정 2025-02-07 매출액또는손익구조30%(대규모법인은15%)이상변동 2025-02-07 현금ㆍ현물배당을위한주주명부폐쇄(기준일)결정 2024-12-16 주주명부폐쇄기간또는기준일설정 2024-12-16 분기보고서 (2024.09) 2024-11-14 [기재정정]단일판매ㆍ공급계약체결(자율공시) 2024-08-14 반기보고서 (2024.06) 2024-08-14 단일판매ㆍ공급계약체결(자율공시) 2024-05-23 분기보고서 (2024.03) 2024-05-13 단일판매ㆍ공급계약체결(자율공시) 2024-04-08 정기주주총회결과 2024-03-28 사업보고서 (2023.12) 2024-03-19 감사보고서제출 2024-03-19 주주총회소집공고 2024-03-12 주주총회소집결의 2024-03-12 현금ㆍ현물배당결정 2024-02-05 매출액또는손익구조30%(대규모법인은15%)이상변동 2024-02-05 자기주식처분결과보고서 2024-01-29 주요사항보고서(자기주식처분결정) 2024-01-10 조회공시요구(현저한시황변동)에대한답변(미확정) 2024-01-03 조회공시요구(현저한시황변동) 2024-01-02 현금ㆍ현물배당을위한주주명부폐쇄(기준일)결정 2023-12-15 주주명부폐쇄기간또는기준일설정 2023-12-15 전환청구권행사 2023-12-14 전환청구권행사 2023-12-12 분기보고서 (202"", ""-03-18 주주총회소집공고 2025-03-11 주주총회소집결의 2025-03-11 현금ㆍ현물배당결정 2025-02-07 매출액또는손익구조30%(대규모법인은15%)이상변동 2025-02-07 현금ㆍ현물배당을위한주주명부폐쇄(기준일)결정 2024-12-16 주주명부폐쇄기간또는기준일설정 2024-12-16 분기보고서 (2024.09) 2024-11-14 [기재정정]단일판매ㆍ공급계약체결(자율공시) 2024-08-14 반기보고서 (2024.06) 2024-08-14 단일판매ㆍ공급계약체결(자율공시) 2024-05-23 분기보고서 (2024.03) 2024-05-13 단일판매ㆍ공급계약체결(자율공시) 2024-04-08 정기주주총회결과 2024-03-28 사업보고서 (2023.12) 2024-03-19 감사보고서제출 2024-03-19 주주총회소집공고 2024-03-12 주주총회소집결의 2024-03-12 현금ㆍ현물배당결정 2024-02-05 매출액또는손익구조30%(대규모법인은15%)이상변동 2024-02-05 자기주식처분결과보고서 2024-01-29 주요사항보고서(자기주식처분결정) 2024-01-10 조회공시요구(현저한시황변동)에대한답변(미확정) 2024-01-03 조회공시요구(현저한시황변동) 2024-01-02 현금ㆍ현물배당을위한주주명부폐쇄(기준일)결정 2023-12-15 주주명부폐쇄기간또는기준일설정 2023-12-15 전환청구권행사 2023-12-14 전환청구권행사 2023-12-12 분기보고서 (2023.09) 2023-11-13 [기재정정]단일판매ㆍ공급계약체결 "", ""25-03-11 주주총회소집결의 2025-03-11 현금ㆍ현물배당결정 2025-02-07 매출액또는손익구조30%(대규모법인은15%)이상변동 2025-02-07 현금ㆍ현물배당을위한주주명부폐쇄(기준일)결정 2024-12-16 주주명부폐쇄기간또는기준일설정 2024-12-16 분기보고서 (2024.09) 2024-11-14 [기재정정]단일판매ㆍ공급계약체결(자율공시) 2024-08-14 반기보고서 (2024.06) 2024-08-14 단일판매ㆍ공급계약체결(자율공시) 2024-05-23 분기보고서 (2024.03) 2024-05-13 단일판매ㆍ공급계약체결(자율공시) 2024-04-08 정기주주총회결과 2024-03-28 사업보고서 (2023.12) 2024-03-19 감사보고서제출 2024-03-19 주주총회소집공고 2024-03-12 주주총회소집결의 2024-03-12 현금ㆍ현물배당결정 2024-02-05 매출액또는손익구조30%(대규모법인은15%)이상변동 2024-02-05 자기주식처분결과보고서 2024-01-29 주요사항보고서(자기주식처분결정) 2024-01-10 조회공시요구(현저한시황변동)에대한답변(미확정) 2024-01-03 조회공시요구(현저한시황변동) 2024-01-02 현금ㆍ현물배당을위한주주명부폐쇄(기준일)결정 2023-12-15 주주명부폐쇄기간또는기준일설정 2023-12-15 전환청구권행사 2023-12-14 전환청구권행사 2023-12-12 분기보고서 (2023.09) 2023-11-13 [기재정정]단일판매ㆍ공급계약체결 2023-10-20 단일판매ㆍ공급"", ""주주총회소집결의 2025-03-11 현금ㆍ현물배당결정 2025-02-07 매출액또는손익구조30%(대규모법인은15%)이상변동 2025-02-07 현금ㆍ현물배당을위한주주명부폐쇄(기준일)결정 2024-12-16 주주명부폐쇄기간또는기준일설정 2024-12-16 분기보고서 (2024.09) 2024-11-14 [기재정정]단일판매ㆍ공급계약체결(자율공시) 2024-08-14 반기보고서 (2024.06) 2024-08-14 단일판매ㆍ공급계약체결(자율공시) 2024-05-23 분기보고서 (2024.03) 2024-05-13 단일판매ㆍ공급계약체결(자율공시) 2024-04-08 정기주주총회결과 2024-03-28 사업보고서 (2023.12) 2024-03-19 감사보고서제출 2024-03-19 주주총회소집공고 2024-03-12 주주총회소집결의 2024-03-12 현금ㆍ현물배당결정 2024-02-05 매출액또는손익구조30%(대규모법인은15%)이상변동 2024-02-05 자기주식처분결과보고서 2024-01-29 주요사항보고서(자기주식처분결정) 2024-01-10 조회공시요구(현저한시황변동)에대한답변(미확정) 2024-01-03 조회공시요구(현저한시황변동) 2024-01-02 현금ㆍ현물배당을위한주주명부폐쇄(기준일)결정 2023-12-15 주주명부폐쇄기간또는기준일설정 2023-12-15 전환청구권행사 2023-12-14 전환청구권행사 2023-12-12 분기보고서 (2023.09) 2023-11-13 [기재정정]단일판매ㆍ공급계약체결 2023-10-20 단일판매ㆍ공급계약체결 2023""]",[]
253590::2024,253590,네오셈,STOCKREPORT,200,https://stockreport.kr/stocks/253590,False,2586,[],[]
