case_alias,derived__debt_to_assets,derived__equity_to_assets,derived__current_ratio,derived__cash_ratio,derived__operating_margin,derived__gross_margin,derived__net_margin,derived__roa_proxy,derived__cogs_to_revenue,derived__sga_to_revenue,derived__financial_cost_to_revenue,derived__capex_to_revenue,derived__ppe_to_assets,derived__short_debt_to_total_debt,derived__long_debt_to_total_debt,derived__bond_to_total_debt,derived__inventory_to_revenue,derived__receivables_to_revenue,derived__payables_to_revenue,delta_1y__derived__operating_margin,delta_1y__derived__debt_to_assets,delta_1y__derived__current_ratio,delta_1y__derived__roa_proxy,fiscal_year,log_assets,market,industry_class
A,0.3353160443,0.6646839553,1.110629137,0.2911697596,0.2117727281,0.2514479022,0.1735546426,0.06513048831,0.7485520978,0.03967517405,0.08204930843,0.03157423298,0.4333940089,0.7764301956,0.2235698044,0.0,0.1262554155,0.1015472677,0.06937768649,0.01972345027,-0.194787373,0.4226031148,0.04645782042,2024,21.54861015,UNKNOWN,OpenDART 업종코드: 50112
B,0.3296190829,0.6703809171,1.807578709,1.253649893,0.1391495773,1.0,0.1402301355,0.1008412962,0.0,0.8608504184,0.008659687236,0.02255891235,0.1132955394,,,,0.001308865299,0.1252235101,0.0001368087411,0.1252301436,-0.05549678324,0.6769773312,0.08021360145,2024,19.58903064,UNKNOWN,OpenDART 업종코드: 63112
C,0.49865936,0.50134064,0.9350031617,0.5961358195,0.2633363259,0.4789968935,0.1751517581,0.06698933833,0.5210031037,0.2156605703,0.04909994639,0.03791875827,0.3751311651,0.1319444444,0.8680555556,0.0,0.002766548395,0.1256253713,0.01055211406,0.05153750573,-0.001140063159,0.7070756611,0.02350280844,2024,20.65160809,UNKNOWN,OpenDART 업종코드: 62022
D,0.1694808734,0.8305191266,7.811819306,6.809976548,0.3031012478,0.3217803904,0.3188648387,0.1099630291,0.6782196096,0.01867914253,0.09732538436,0.1251787695,0.2924120547,0.0,0.5962380155,0.4037619845,0.03421482564,0.09706004206,0.05307992492,0.2344839457,0.01086114238,1.054209172,0.06965543337,2024,24.23140312,UNKNOWN,OpenDART 업종코드: 50112
E,0.5767165161,0.4232834839,0.756380176,0.179200411,0.0451670495,0.1252897746,0.02463365409,0.01356235119,0.8747102267,0.08012272382,0.05365131316,0.206364276,0.6491678852,0.5251540494,0.4748459506,0.0,0.1828399325,0.1692993832,0.03693060042,0.03869782824,0.02025968945,-0.1481109021,0.02635736465,2024,21.05808673,UNKNOWN,OpenDART 업종코드: 171
F,0.884675276,0.115324724,0.7016523603,0.3076573039,-0.760914263,0.1726498189,-0.6707172622,-0.1857105003,0.8273501414,0.9335641216,0.2069000092,0.34468043,0.1966158182,0.009478672986,0.990521327,0.0,0.30119279,0.3648372373,0.08548962504,0.3319708762,0.135467523,-0.3867147167,0.0007987718169,2024,18.32740752,UNKNOWN,OpenDART 업종코드: 29280
G,0.2341406279,0.7658593721,1.744357768,1.252370162,-0.3318383427,0.409626797,-0.3508298032,-0.04288414946,0.5903732315,0.7414651397,0.279546561,0.09539612068,0.173907624,,,,0.07450712492,0.8506160105,0.1353240167,-0.2857316009,-0.003440824469,-0.8173865892,-0.03199519959,2024,19.47482743,UNKNOWN,OpenDART 업종코드: 70113
H,0.3552147996,0.6447852004,1.256358699,0.6634463953,0.01510350601,0.1624550647,0.03574821472,0.01616298591,0.8375449353,0.1473515587,0.02776587575,0.1337725078,0.3608705862,0.9867095483,0.01329045168,0.0,0.08175166112,0.2249492719,0.02866355605,-0.03104795019,-0.04647417124,-0.1386697209,0.3039768377,2024,18.05839263,UNKNOWN,OpenDART 업종코드: 24131
I,0.1929138848,0.8070861163,2.005806042,0.7387979661,0.0748695676,0.1194157823,0.06496944873,0.03841005295,0.8805842158,0.04454621663,0.01347765049,0.002126452896,0.005643734021,,,,0.0,0.1656507748,0.004582928688,-0.0102953035,-0.15243401,1.039889898,-0.006379339891,2024,20.61717551,UNKNOWN,OpenDART 업종코드: 59114
