case_alias,firm_key,panel,selection_stratum,firm_name,stock_code
A,005880::2024,ARCHIVAL_ANCHOR_9,PRESERVED_ORIGINAL,대한해운,005880
B,042000::2024,ARCHIVAL_ANCHOR_9,PRESERVED_ORIGINAL,카페24,042000
C,012510::2024,ARCHIVAL_ANCHOR_9,PRESERVED_ORIGINAL,더존비즈온,012510
D,011200::2024,ARCHIVAL_ANCHOR_9,PRESERVED_ORIGINAL,HMM,011200
E,009580::2024,ARCHIVAL_ANCHOR_9,PRESERVED_ORIGINAL,무림P&P,009580
F,348340::2024,ARCHIVAL_ANCHOR_9,PRESERVED_ORIGINAL,뉴로메카,348340
G,084650::2024,ARCHIVAL_ANCHOR_9,PRESERVED_ORIGINAL,랩지노믹스,084650
H,146060::2024,ARCHIVAL_ANCHOR_9,PRESERVED_ORIGINAL,율촌,146060
I,253450::2024,ARCHIVAL_ANCHOR_9,PRESERVED_ORIGINAL,스튜디오드래곤,253450
J,251370::2024,ADDITIONAL_STATE_6,LEVERAGE,와이엠티,251370
K,002990::2024,ADDITIONAL_STATE_6,LIQUIDITY,금호건설,002990
L,219130::2024,ADDITIONAL_STATE_6,SHORT_DEBT,타이거일렉,219130
M,032560::2024,ADDITIONAL_STATE_6,WORKING_CAPITAL,황금에스티,032560
N,036930::2024,ADDITIONAL_STATE_6,CAPEX,주성엔지니어링,036930
O,120240::2024,ADDITIONAL_STATE_6,STRONG_BALANCE_SHEET,대정화금,120240
