case_alias,panel,selection_stratum,firm_key,stock_code,firm_name,ceiling_delta_alpha,ceiling_actions_alpha,ceiling_delta_beta,ceiling_actions_beta,ceiling_delta_gamma,ceiling_actions_gamma
A,ARCHIVAL_ANCHOR_9,PRESERVED_ORIGINAL,005880::2024,005880,대한해운,0.0,A0;CX;DL;MX1;MX2;OE;RF;WC1;WC2,0.08460998077670467,OE,0.369888669068132,CX
B,ARCHIVAL_ANCHOR_9,PRESERVED_ORIGINAL,042000::2024,042000,카페24,2.1968601138892723,MX1;OE,0.06420001101419359,OE,0.0,A0;CX;DL;MX1;MX2;OE;RF;WC1;WC2
C,ARCHIVAL_ANCHOR_9,PRESERVED_ORIGINAL,012510::2024,012510,더존비즈온,2.970548858260898,RF,0.07745317942664087,OE,2.6516582445903083,DL
D,ARCHIVAL_ANCHOR_9,PRESERVED_ORIGINAL,011200::2024,011200,HMM,0.0,A0;CX;DL;MX1;MX2;OE;RF;WC1;WC2,0.21601862076931866,CX,0.12666563270961717,CX
E,ARCHIVAL_ANCHOR_9,PRESERVED_ORIGINAL,009580::2024,009580,무림P&P,1.1914960807421124,MX1;OE,0.0917355028681186,OE,0.0,A0;DL;MX1;MX2
F,ARCHIVAL_ANCHOR_9,PRESERVED_ORIGINAL,348340::2024,348340,뉴로메카,0.0,A0;DL;MX1;MX2;OE;RF;WC1;WC2,0.06686803564361554,OE,0.0,A0;DL;MX1;MX2;OE;RF
G,ARCHIVAL_ANCHOR_9,PRESERVED_ORIGINAL,084650::2024,084650,랩지노믹스,0.0,A0;CX;DL;MX1;OE;RF,0.2197723556022808,WC1,0.0,A0;DL;MX1;OE;RF
H,ARCHIVAL_ANCHOR_9,PRESERVED_ORIGINAL,146060::2024,146060,율촌,4.711301361406846,RF,0.2799602463393427,RF,2.1220125362578273,RF
I,ARCHIVAL_ANCHOR_9,PRESERVED_ORIGINAL,253450::2024,253450,스튜디오드래곤,1.5383982725349483,OE,0.12100633888307755,OE,0.0,A0;CX;DL;MX1;MX2;OE;RF;WC1;WC2
J,ADDITIONAL_STATE_6,LEVERAGE,251370::2024,251370,와이엠티,0.47568461179357513,MX1;OE,0.07353510881173264,OE,0.13640775475358424,MX1;OE
K,ADDITIONAL_STATE_6,LIQUIDITY,002990::2024,002990,금호건설,3.187810573675435,OE,0.3699613003530402,OE,0.0,A0;CX;DL;MX1;MX2;OE;RF;WC1;WC2
L,ADDITIONAL_STATE_6,SHORT_DEBT,219130::2024,219130,타이거일렉,3.247846323145424,RF,0.20036153686555025,OE,0.3529812293315615,CX;MX2;WC1;WC2
M,ADDITIONAL_STATE_6,WORKING_CAPITAL,032560::2024,032560,황금에스티,3.403128487170264,DL,0.41814986092141737,RF,0.6640756134050605,DL
N,ADDITIONAL_STATE_6,CAPEX,036930::2024,036930,주성엔지니어링,1.5383982725349483,WC1,0.09564035522548409,OE,0.0,A0;CX;DL;MX1;MX2;OE;RF;WC1;WC2
O,ADDITIONAL_STATE_6,STRONG_BALANCE_SHEET,120240::2024,120240,대정화금,0.18297750783685274,OE,0.3760258618609953,RF,0.5512179491395557,DL;MX1
P,BROAD_DIAGNOSTIC_3,ARCHIVAL_ACTION_SPACE_DIAGNOSTIC,039130::2024,039130,하나투어,0.0,A0;CX;DL;MX1;MX2;OE;RF;WC1;WC2,0.0812260660048878,OE,1.2836675732234681,OE
Q,BROAD_DIAGNOSTIC_3,ARCHIVAL_ACTION_SPACE_DIAGNOSTIC,307870::2024,307870,비투엔,2.970548858260905,CX;OE;WC1,0.26654292469540053,OE,0.0,A0;RF
R,BROAD_DIAGNOSTIC_3,ARCHIVAL_ACTION_SPACE_DIAGNOSTIC,081660::2024,081660,휠라홀딩스,5.266191792403951,DL,0.3652394509154675,RF,0.9648667957169295,CX
