case_alias,panel,selection_stratum,firm_key,firm_name,human_archival_action,C3E_action,ceiling_alpha_actions,ceiling_alpha_delta,BASELINE_Gemini_C4_action,BASELINE_Gemini_C4_delta_alpha,BASELINE_Gemini_C4R_action,BASELINE_Gemini_C4R_delta_alpha,BASELINE_Gemini_C6-E_action,BASELINE_Gemini_C6-E_delta_alpha,BASELINE_GPT_C4_action,BASELINE_GPT_C4_delta_alpha,BASELINE_GPT_C4R_action,BASELINE_GPT_C4R_delta_alpha,BASELINE_GPT_C6-E_action,BASELINE_GPT_C6-E_delta_alpha,HIGH_Gemini_C4_action,HIGH_Gemini_C4_delta_alpha,HIGH_Gemini_C4R_action,HIGH_Gemini_C4R_delta_alpha,HIGH_Gemini_C6-E_action,HIGH_Gemini_C6-E_delta_alpha,HIGH_GPT_C4_action,HIGH_GPT_C4_delta_alpha,HIGH_GPT_C4R_action,HIGH_GPT_C4R_delta_alpha,HIGH_GPT_C6-E_action,HIGH_GPT_C6-E_delta_alpha
A,ARCHIVAL_ANCHOR_9,PRESERVED_ORIGINAL,005880::2024,대한해운,CX,OE,A0;CX;DL;MX1;MX2;OE;RF;WC1;WC2,0.0,RF,0.0,RF,0.0,RF,0.0,RF,0.0,RF,0.0,MX1,0.0,RF,0.0,RF,0.0,RF,0.0,RF,0.0,RF,0.0,RF,0.0
B,ARCHIVAL_ANCHOR_9,PRESERVED_ORIGINAL,042000::2024,카페24,OE,MX2,MX1;OE,2.1968601138892723,OE,2.1968601138892723,OE,2.1968601138892723,MX2,0.0,OE,2.1968601138892723,OE,2.1968601138892723,OE,2.1968601138892723,OE,2.1968601138892723,OE,2.1968601138892723,OE,2.1968601138892723,A0,0.0,A0,0.0,A0,0.0
C,ARCHIVAL_ANCHOR_9,PRESERVED_ORIGINAL,012510::2024,더존비즈온,OE,RF,RF,2.970548858260898,WC2,0.0,MX1,1.2770641315251794,WC2,0.0,RF,2.970548858260898,RF,2.970548858260898,RF,2.970548858260898,OE,0.0,OE,0.0,OE,0.0,RF,2.970548858260898,RF,2.970548858260898,RF,2.970548858260898
D,ARCHIVAL_ANCHOR_9,PRESERVED_ORIGINAL,011200::2024,HMM,CX,OE,A0;CX;DL;MX1;MX2;OE;RF;WC1;WC2,0.0,DL,0.0,DL,0.0,MX1,0.0,MX1,0.0,MX1,0.0,MX1,0.0,A0,0.0,A0,0.0,A0,0.0,DL,0.0,DL,0.0,DL,0.0
E,ARCHIVAL_ANCHOR_9,PRESERVED_ORIGINAL,009580::2024,무림P&P,OE,CX,MX1;OE,1.1914960807421124,RF,0.0,RF,0.0,RF,0.0,RF,0.0,RF,0.0,RF,0.0,RF,0.0,RF,0.0,RF,0.0,RF,0.0,RF,0.0,RF,0.0
F,ARCHIVAL_ANCHOR_9,PRESERVED_ORIGINAL,348340::2024,뉴로메카,OE,CX,A0;DL;MX1;MX2;OE;RF;WC1;WC2,0.0,MX1,0.0,MX1,0.0,MX1,0.0,MX1,0.0,MX1,0.0,MX1,0.0,MX1,0.0,MX1,0.0,MX1,0.0,MX1,0.0,MX1,0.0,MX1,0.0
G,ARCHIVAL_ANCHOR_9,PRESERVED_ORIGINAL,084650::2024,랩지노믹스,OE,MX2,A0;CX;DL;MX1;OE;RF,0.0,OE,1.4210854715202004e-14,MX2,-0.8973977097393444,MX2,-0.8973977097393444,OE,1.4210854715202004e-14,OE,1.4210854715202004e-14,OE,1.4210854715202004e-14,MX1,1.4210854715202004e-14,MX1,1.4210854715202004e-14,MX2,-0.8973977097393444,OE,1.4210854715202004e-14,OE,1.4210854715202004e-14,OE,1.4210854715202004e-14
H,ARCHIVAL_ANCHOR_9,PRESERVED_ORIGINAL,146060::2024,율촌,OE,RF,RF,4.711301361406846,RF,4.711301361406846,RF,4.711301361406846,RF,4.711301361406846,MX1,0.475684611793568,MX1,0.475684611793568,MX1,0.475684611793568,RF,4.711301361406846,RF,4.711301361406846,RF,4.711301361406846,MX1,0.475684611793568,RF,4.711301361406846,RF,4.711301361406846
I,ARCHIVAL_ANCHOR_9,PRESERVED_ORIGINAL,253450::2024,스튜디오드래곤,OE,OE,OE,1.5383982725349483,OE,1.5383982725349483,OE,1.5383982725349483,OE,1.5383982725349483,OE,1.5383982725349483,OE,1.5383982725349483,OE,1.5383982725349483,OE,1.5383982725349483,OE,1.5383982725349483,OE,1.5383982725349483,OE,1.5383982725349483,OE,1.5383982725349483,OE,1.5383982725349483
J,ADDITIONAL_STATE_6,LEVERAGE,251370::2024,와이엠티,,RF,MX1;OE,0.47568461179357513,MX1,0.47568461179357513,MX1,0.47568461179357513,MX1,0.47568461179357513,WC1,0.0,WC1,0.0,RF,0.0,CX,0.0,CX,0.0,CX,0.0,MX1,0.47568461179357513,MX1,0.47568461179357513,RF,0.0
K,ADDITIONAL_STATE_6,LIQUIDITY,002990::2024,금호건설,,OE,OE,3.187810573675435,MX1,0.7784382693071805,MX1,0.7784382693071805,MX1,0.7784382693071805,WC1,0.0,WC1,0.0,OE,3.187810573675435,MX1,0.7784382693071805,MX1,0.7784382693071805,MX1,0.7784382693071805,MX1,0.7784382693071805,MX1,0.7784382693071805,OE,3.187810573675435
L,ADDITIONAL_STATE_6,SHORT_DEBT,219130::2024,타이거일렉,,RF,RF,3.247846323145424,MX2,0.47431433996091954,MX2,0.47431433996091954,MX2,0.47431433996091954,MX1,0.47431433996091954,MX1,0.47431433996091954,RF,3.247846323145424,OE,0.47431433996091954,MX1,0.47431433996091954,RF,3.247846323145424,RF,3.247846323145424,RF,3.247846323145424,RF,3.247846323145424
M,ADDITIONAL_STATE_6,WORKING_CAPITAL,032560::2024,황금에스티,,WC1,DL,3.403128487170264,MX2,1.4704411692312078,MX2,1.4704411692312078,MX2,1.4704411692312078,MX2,1.4704411692312078,MX2,1.4704411692312078,MX2,1.4704411692312078,OE,1.4210854715202004e-14,OE,1.4210854715202004e-14,OE,1.4210854715202004e-14,MX1,-0.0679571033037547,MX1,-0.0679571033037547,WC1,1.5383982725349767
N,ADDITIONAL_STATE_6,CAPEX,036930::2024,주성엔지니어링,,OE,WC1,1.5383982725349483,WC2,1.4210854715202004e-14,WC2,1.4210854715202004e-14,WC2,1.4210854715202004e-14,WC1,1.5383982725349625,WC1,1.5383982725349625,WC1,1.5383982725349625,DL,-0.33317054970551396,DL,-0.33317054970551396,MX1,0.3385294566175645,WC1,1.5383982725349625,WC1,1.5383982725349625,OE,0.3385294566175645
O,ADDITIONAL_STATE_6,STRONG_BALANCE_SHEET,120240::2024,대정화금,,OE,OE,0.18297750783685274,RF,-1.4210854715202004e-14,RF,-1.4210854715202004e-14,RF,-1.4210854715202004e-14,WC1,-1.4210854715202004e-14,WC1,-1.4210854715202004e-14,OE,0.18297750783685274,OE,0.18297750783685274,OE,0.18297750783685274,OE,0.18297750783685274,OE,0.18297750783685274,OE,0.18297750783685274,A0,-1.4210854715202004e-14
P,BROAD_DIAGNOSTIC_3,ARCHIVAL_ACTION_SPACE_DIAGNOSTIC,039130::2024,하나투어,,MX2,A0;CX;DL;MX1;MX2;OE;RF;WC1;WC2,0.0,MX1,-1.4210854715202004e-14,MX1,-1.4210854715202004e-14,MX1,-1.4210854715202004e-14,MX1,-1.4210854715202004e-14,MX1,-1.4210854715202004e-14,MX1,-1.4210854715202004e-14,MX1,-1.4210854715202004e-14,MX1,-1.4210854715202004e-14,MX1,-1.4210854715202004e-14,MX1,-1.4210854715202004e-14,MX1,-1.4210854715202004e-14,MX1,-1.4210854715202004e-14
Q,BROAD_DIAGNOSTIC_3,ARCHIVAL_ACTION_SPACE_DIAGNOSTIC,307870::2024,비투엔,,OE,CX;OE;WC1,2.970548858260905,OE,2.970548858260905,MX1,-7.105427357601002e-15,OE,2.970548858260905,MX1,-7.105427357601002e-15,MX1,-7.105427357601002e-15,MX1,-7.105427357601002e-15,MX1,-7.105427357601002e-15,MX1,-7.105427357601002e-15,MX1,-7.105427357601002e-15,MX1,-7.105427357601002e-15,MX1,-7.105427357601002e-15,MX1,-7.105427357601002e-15
R,BROAD_DIAGNOSTIC_3,ARCHIVAL_ACTION_SPACE_DIAGNOSTIC,081660::2024,휠라홀딩스,,RF,DL,5.266191792403951,RF,4.7113013614068535,RF,4.7113013614068535,RF,4.7113013614068535,RF,4.7113013614068535,RF,4.7113013614068535,RF,4.7113013614068535,RF,4.7113013614068535,RF,4.7113013614068535,RF,4.7113013614068535,RF,4.7113013614068535,RF,4.7113013614068535,RF,4.7113013614068535
