row_no,firm_key,stock_code
1,000020::2024,000020
2,000100::2024,000100
3,000250::2024,000250
4,000670::2024,000670
5,000680::2024,000680
6,000700::2024,000700
7,000860::2024,000860
8,000990::2024,000990
9,001060::2024,001060
10,001120::2024,001120
11,001210::2024,001210
12,001230::2024,001230
13,001340::2024,001340
14,001540::2024,001540
15,001560::2024,001560
16,001620::2024,001620
17,001740::2024,001740
18,001780::2024,001780
19,001940::2024,001940
20,002150::2024,002150
21,002240::2024,002240
22,002380::2024,002380
23,002410::2024,002410
24,002630::2024,002630
25,002690::2024,002690
26,002780::2024,002780
27,002900::2024,002900
28,002990::2024,002990
29,003010::2024,003010
30,003160::2024,003160
31,003220::2024,003220
32,003380::2024,003380
33,003800::2024,003800
34,003850::2024,003850
35,004090::2024,004090
36,004310::2024,004310
37,004430::2024,004430
38,004800::2024,004800
39,004840::2024,004840
40,005030::2024,005030
41,005160::2024,005160
42,005180::2024,005180
43,005320::2024,005320
44,005380::2024,005380
45,005430::2024,005430
46,005750::2024,005750
47,005820::2024,005820
48,005850::2024,005850
49,005870::2024,005870
50,005880::2024,005880
51,005950::2024,005950
52,005960::2024,005960
53,006140::2024,006140
54,006280::2024,006280
55,006490::2024,006490
56,006620::2024,006620
57,006890::2024,006890
58,007120::2024,007120
59,007390::2024,007390
60,007680::2024,007680
61,007770::2024,007770
62,007820::2024,007820
63,008040::2024,008040
64,008350::2024,008350
65,009180::2024,009180
66,009200::2024,009200
67,009310::2024,009310
68,009320::2024,009320
69,009450::2024,009450
70,009520::2024,009520
71,009540::2024,009540
72,009580::2024,009580
73,009620::2024,009620
74,010060::2024,010060
75,010130::2024,010130
76,010140::2024,010140
77,010170::2024,010170
78,010240::2024,010240
79,010280::2024,010280
80,010690::2024,010690
81,011040::2024,011040
82,011200::2024,011200
83,011230::2024,011230
84,011370::2024,011370
85,011420::2024,011420
86,011760::2024,011760
87,012330::2024,012330
88,012340::2024,012340
89,012510::2024,012510
90,012750::2024,012750
91,013030::2024,013030
92,013120::2024,013120
93,013360::2024,013360
94,013700::2024,013700
95,013720::2024,013720
96,013810::2024,013810
97,013870::2024,013870
98,014190::2024,014190
99,014200::2024,014200
100,014530::2024,014530
101,014580::2024,014580
102,014830::2024,014830
103,014970::2024,014970
104,015230::2024,015230
105,015710::2024,015710
106,015890::2024,015890
107,016100::2024,016100
108,016450::2024,016450
109,016740::2024,016740
110,016880::2024,016880
111,017000::2024,017000
112,017250::2024,017250
113,017390::2024,017390
114,017480::2024,017480
115,017550::2024,017550
116,017890::2024,017890
117,017960::2024,017960
118,018000::2024,018000
119,018290::2024,018290
120,018310::2024,018310
121,019540::2024,019540
122,021650::2024,021650
123,023350::2024,023350
124,023410::2024,023410
125,025540::2024,025540
126,025620::2024,025620
127,025900::2024,025900
128,026960::2024,026960
129,027050::2024,027050
130,028050::2024,028050
131,028100::2024,028100
132,028670::2024,028670
133,029460::2024,029460
134,029960::2024,029960
135,030530::2024,030530
136,030960::2024,030960
137,031310::2024,031310
138,031820::2024,031820
139,032080::2024,032080
140,032560::2024,032560
141,032620::2024,032620
142,032790::2024,032790
143,032940::2024,032940
144,033050::2024,033050
145,033100::2024,033100
146,033160::2024,033160
147,033200::2024,033200
148,033250::2024,033250
149,033320::2024,033320
150,033500::2024,033500
151,033530::2024,033530
152,033540::2024,033540
153,033640::2024,033640
154,033780::2024,033780
155,034230::2024,034230
156,035000::2024,035000
157,035150::2024,035150
158,035760::2024,035760
159,035890::2024,035890
160,036000::2024,036000
161,036010::2024,036010
162,036090::2024,036090
163,036170::2024,036170
164,036190::2024,036190
165,036200::2024,036200
166,036480::2024,036480
167,036540::2024,036540
168,036630::2024,036630
169,036930::2024,036930
170,037030::2024,037030
171,037070::2024,037070
172,038070::2024,038070
173,038110::2024,038110
174,038290::2024,038290
175,038540::2024,038540
176,038680::2024,038680
177,039010::2024,039010
178,039130::2024,039130
179,039310::2024,039310
180,040160::2024,040160
181,040910::2024,040910
182,041830::2024,041830
183,042000::2024,042000
184,042420::2024,042420
185,042510::2024,042510
186,042520::2024,042520
187,042660::2024,042660
188,043220::2024,043220
189,043910::2024,043910
190,044180::2024,044180
191,044340::2024,044340
192,044380::2024,044380
193,045060::2024,045060
194,045300::2024,045300
195,045660::2024,045660
196,046940::2024,046940
197,046970::2024,046970
198,047400::2024,047400
199,048430::2024,048430
200,048830::2024,048830
201,049180::2024,049180
202,049480::2024,049480
203,050760::2024,050760
204,051490::2024,051490
205,051600::2024,051600
206,052900::2024,052900
207,053060::2024,053060
208,053080::2024,053080
209,053260::2024,053260
210,053580::2024,053580
211,053700::2024,053700
212,054090::2024,054090
213,054540::2024,054540
214,054930::2024,054930
215,055490::2024,055490
216,056190::2024,056190
217,058730::2024,058730
218,059120::2024,059120
219,060150::2024,060150
220,060250::2024,060250
221,060310::2024,060310
222,060850::2024,060850
223,061040::2024,061040
224,062040::2024,062040
225,062970::2024,062970
226,063080::2024,063080
227,064240::2024,064240
228,064480::2024,064480
229,065370::2024,065370
230,065690::2024,065690
231,066700::2024,066700
232,066830::2024,066830
233,067280::2024,067280
234,067570::2024,067570
235,067730::2024,067730
236,068940::2024,068940
237,069140::2024,069140
238,069260::2024,069260
239,069460::2024,069460
240,069510::2024,069510
241,071200::2024,071200
242,071970::2024,071970
243,072990::2024,072990
244,073190::2024,073190
245,073240::2024,073240
246,075130::2024,075130
247,078070::2024,078070
248,078140::2024,078140
249,078150::2024,078150
250,079160::2024,079160
251,079190::2024,079190
252,079550::2024,079550
253,079650::2024,079650
254,079810::2024,079810
255,079900::2024,079900
256,079940::2024,079940
257,079950::2024,079950
258,079960::2024,079960
259,079980::2024,079980
260,080010::2024,080010
261,080520::2024,080520
262,080530::2024,080530
263,081660::2024,081660
264,083310::2024,083310
265,083450::2024,083450
266,083930::2024,083930
267,084650::2024,084650
268,085670::2024,085670
269,086280::2024,086280
270,086450::2024,086450
271,086520::2024,086520
272,086670::2024,086670
273,086710::2024,086710
274,086890::2024,086890
275,087260::2024,087260
276,087600::2024,087600
277,088290::2024,088290
278,088800::2024,088800
279,089150::2024,089150
280,089470::2024,089470
281,089860::2024,089860
282,089970::2024,089970
283,089980::2024,089980
284,090150::2024,090150
285,090360::2024,090360
286,090710::2024,090710
287,091120::2024,091120
288,091580::2024,091580
289,091590::2024,091590
290,091810::2024,091810
291,092730::2024,092730
292,092870::2024,092870
293,093370::2024,093370
294,094280::2024,094280
295,094480::2024,094480
296,094850::2024,094850
297,094970::2024,094970
298,095610::2024,095610
299,095910::2024,095910
300,096350::2024,096350
301,096690::2024,096690
302,099320::2024,099320
303,099520::2024,099520
304,099750::2024,099750
305,100030::2024,100030
306,100090::2024,100090
307,100120::2024,100120
308,100590::2024,100590
309,101400::2024,101400
310,101490::2024,101490
311,101670::2024,101670
312,102710::2024,102710
313,102950::2024,102950
314,104620::2024,104620
315,104700::2024,104700
316,104830::2024,104830
317,105630::2024,105630
318,105760::2024,105760
319,105840::2024,105840
320,106520::2024,106520
321,108230::2024,108230
322,108380::2024,108380
323,109610::2024,109610
324,109670::2024,109670
325,109740::2024,109740
326,109860::2024,109860
327,110790::2024,110790
328,110990::2024,110990
329,111870::2024,111870
330,114840::2024,114840
331,115310::2024,115310
332,115450::2024,115450
333,119500::2024,119500
334,119830::2024,119830
335,120240::2024,120240
336,121060::2024,121060
337,121600::2024,121600
338,122350::2024,122350
339,122640::2024,122640
340,123330::2024,123330
341,123410::2024,123410
342,123570::2024,123570
343,123840::2024,123840
344,124500::2024,124500
345,124560::2024,124560
346,126600::2024,126600
347,126640::2024,126640
348,126720::2024,126720
349,126730::2024,126730
350,128660::2024,128660
351,128820::2024,128820
352,129890::2024,129890
353,130500::2024,130500
354,131030::2024,131030
355,131090::2024,131090
356,131290::2024,131290
357,131400::2024,131400
358,136490::2024,136490
359,136540::2024,136540
360,137080::2024,137080
361,138080::2024,138080
362,138490::2024,138490
363,140070::2024,140070
364,140430::2024,140430
365,140670::2024,140670
366,141080::2024,141080
367,142210::2024,142210
368,146060::2024,146060
369,146320::2024,146320
370,147830::2024,147830
371,149950::2024,149950
372,155650::2024,155650
373,161580::2024,161580
374,162120::2024,162120
375,163280::2024,163280
376,163560::2024,163560
377,163730::2024,163730
378,166090::2024,166090
379,169330::2024,169330
380,170030::2024,170030
381,171010::2024,171010
382,172670::2024,172670
383,174880::2024,174880
384,175140::2024,175140
385,183490::2024,183490
386,184230::2024,184230
387,185750::2024,185750
388,186230::2024,186230
389,187790::2024,187790
390,189300::2024,189300
391,191410::2024,191410
392,192410::2024,192410
393,194700::2024,194700
394,196700::2024,196700
395,197140::2024,197140
396,198440::2024,198440
397,199150::2024,199150
398,199480::2024,199480
399,200130::2024,200130
400,200350::2024,200350
401,200710::2024,200710
402,200880::2024,200880
403,203650::2024,203650
404,204020::2024,204020
405,206560::2024,206560
406,208350::2024,208350
407,209640::2024,209640
408,210980::2024,210980
409,212710::2024,212710
410,214180::2024,214180
411,214260::2024,214260
412,214270::2024,214270
413,214330::2024,214330
414,215090::2024,215090
415,215480::2024,215480
416,215600::2024,215600
417,217480::2024,217480
418,217500::2024,217500
419,218150::2024,218150
420,219130::2024,219130
421,219550::2024,219550
422,220180::2024,220180
423,220260::2024,220260
424,221840::2024,221840
425,222080::2024,222080
426,222810::2024,222810
427,222980::2024,222980
428,223310::2024,223310
429,224760::2024,224760
430,225430::2024,225430
431,232140::2024,232140
432,234080::2024,234080
433,234100::2024,234100
434,236200::2024,236200
435,237750::2024,237750
436,238170::2024,238170
437,238490::2024,238490
438,239610::2024,239610
439,240600::2024,240600
440,241770::2024,241770
441,244920::2024,244920
442,247540::2024,247540
443,250030::2024,250030
444,250930::2024,250930
445,251370::2024,251370
446,251970::2024,251970
447,252990::2024,252990
448,253450::2024,253450
449,253590::2024,253590
450,254490::2024,254490
451,255440::2024,255440
452,256940::2024,256940
453,258790::2024,258790
454,259630::2024,259630
455,262260::2024,262260
456,263020::2024,263020
457,263770::2024,263770
458,263920::2024,263920
459,264450::2024,264450
460,265520::2024,265520
461,265740::2024,265740
462,267080::2024,267080
463,267850::2024,267850
464,269620::2024,269620
465,270870::2024,270870
466,271830::2024,271830
467,272110::2024,272110
468,275630::2024,275630
469,277410::2024,277410
470,277810::2024,277810
471,281740::2024,281740
472,281820::2024,281820
473,282330::2024,282330
474,288620::2024,288620
475,289220::2024,289220
476,290560::2024,290560
477,290720::2024,290720
478,294140::2024,294140
479,294570::2024,294570
480,297090::2024,297090
481,297890::2024,297890
482,298000::2024,298000
483,298020::2024,298020
484,298690::2024,298690
485,298830::2024,298830
486,299900::2024,299900
487,302440::2024,302440
488,303530::2024,303530
489,306040::2024,306040
490,307280::2024,307280
491,307870::2024,307870
492,307950::2024,307950
493,308170::2024,308170
494,310870::2024,310870
495,311390::2024,311390
496,314140::2024,314140
497,317120::2024,317120
498,317240::2024,317240
499,317330::2024,317330
500,317400::2024,317400
501,317770::2024,317770
502,317830::2024,317830
503,317850::2024,317850
504,318160::2024,318160
505,319400::2024,319400
506,320000::2024,320000
507,321820::2024,321820
508,328380::2024,328380
509,332290::2024,332290
510,332570::2024,332570
511,333620::2024,333620
512,335870::2024,335870
513,339770::2024,339770
514,347000::2024,347000
515,348340::2024,348340
516,352090::2024,352090
517,352700::2024,352700
518,353190::2024,353190
519,353590::2024,353590
520,354320::2024,354320
521,354390::2024,354390
522,355390::2024,355390
523,357230::2024,357230
524,357580::2024,357580
525,360350::2024,360350
526,362990::2024,362990
527,368600::2024,368600
528,370090::2024,370090
529,372910::2024,372910
530,373170::2024,373170
531,373200::2024,373200
532,377220::2024,377220
533,378340::2024,378340
534,381620::2024,381620
535,382480::2024,382480
536,382800::2024,382800
537,382840::2024,382840
538,383310::2024,383310
539,388050::2024,388050
540,389680::2024,389680
541,391710::2024,391710
542,393210::2024,393210
543,398120::2024,398120
544,399720::2024,399720
545,403490::2024,403490
546,406820::2024,406820
547,415380::2024,415380
548,417200::2024,417200
549,419050::2024,419050
550,419080::2024,419080
551,419530::2024,419530
552,420570::2024,420570
553,430690::2024,430690
554,432980::2024,432980
555,439090::2024,439090
556,439580::2024,439580
557,444530::2024,444530
558,448710::2024,448710
559,450080::2024,450080
560,450520::2024,450520
561,451250::2024,451250
562,452160::2024,452160
563,452190::2024,452190
564,452280::2024,452280
565,456700::2024,456700
566,457370::2024,457370
567,457550::2024,457550
568,457600::2024,457600
569,460930::2024,460930
570,469750::2024,469750
571,475580::2024,475580
572,475660::2024,475660
573,476080::2024,476080
574,478560::2024,478560
575,479960::2024,479960
