firm_key,stock_code,firm_name,search_status,best_2024_source_date,best_2024_source_org,best_2024_source_type,best_2024_source_title,best_2024_source_url,canonical_action_status,notes
000700::2024,000700,유수홀딩스,PENDING_FULLTEXT_REVIEW,2024-11-27,유수홀딩스,IR,2024년 3분기 경영실적,https://m.irgo.co.kr/IR-ROOM/000700,PENDING,"2024년 1Q/2Q/3Q 경영실적 및 온라인 IR 확인. 최신 3Q 원문 full-text action review 필요."
000860::2024,000860,강남제비스코,SEARCH_NO_ELIGIBLE_REPORT_YET,,,,,,PENDING,"2024 외부 CRA/EQUITY/IR action report를 이번 pass에서 확인하지 못함. issuer/DART만 확인 가능."
000990::2024,000990,DB하이텍,PENDING_FULLTEXT_REVIEW,2024-10-31,유진투자증권,EQUITY,3Q24 Preview: 안정적인 하반기,https://search.newspim.com/news/view/20241031000279,PENDING,"브리핑은 실적전망 중심. 원문에서 명시적 재무행동 여부 확인 필요."
001060::2024,001060,JW중외제약,PENDING_FULLTEXT_REVIEW,2024-10-29,BNK투자증권,EQUITY,2024년 3분기 실적은 2분기대비 개선세 전망,https://news.nate.com/view/20241029n17047,PENDING,"공개 브리핑은 실적전망 중심. 2024-02-06 한국투자증권 자료도 존재. 명시적 managerial action 확인 필요."
001120::2024,001120,LX인터내셔널,REVIEWED,2024-06-10,한국신용평가,CRA,KIS Credit Opinion,https://kisrating.com/fileDown.do?fileName=rs20240611-6.pdf&gubun=2&menuCd=R8,NO_MAPPABLE_ACTION,"주요 평가요소는 다각화, 실적변동성, 이익창출력, 현금창출력 기반 재무안정성. 명시적 frozen 8D 행동 없음."
001210::2024,001210,금호전기,SEARCH_NO_ELIGIBLE_REPORT_YET,,,,,,PENDING,"2024 공시/재무정보는 확인되나 독립 human expert action report 미확인."
001230::2024,001230,동국홀딩스,SEARCH_NO_ELIGIBLE_REPORT_YET,,,,,,PENDING,"2024 CRA/EQUITY action report 추가 탐색 필요."
001340::2024,001340,백광산업,REVIEWED,2024-09-10,한국신용평가,CRA,KIS CREDIT OPINION,https://kisrating.com/fileDown.do?fileName=rs20240910-18.pdf&gubun=2&menuCd=R8,NO_MAPPABLE_ACTION,"신한은행 지급보증부 CP 평가로 주요 평가요소가 지급보증 조건/신한은행 신용도에 한정. issuer managerial action 없음."
001540::2024,001540,안국약품,SEARCH_NO_ELIGIBLE_REPORT_YET,,,,,,PENDING,"2024 human-authored report 추가 탐색 필요."
001560::2024,001560,제일연마,SEARCH_NO_ELIGIBLE_REPORT_YET,,,,,,PENDING,"IRGO에서 2024년 analyst report 없음. filings만 다수 존재."
001620::2024,001620,KBI동국실업,SEARCH_NO_ELIGIBLE_REPORT_YET,,,,,,PENDING,"2024 human-authored report 추가 탐색 필요."
001740::2024,001740,SK네트웍스,SEARCH_PRIMARY_2024_CRA_PENDING,,,,,,PENDING,"2024 SK네트웍스 자체 KIS report 원문을 아직 확정하지 못함. 자회사 SK렌터카/SK매직/SK네트웍스서비스 자료는 target issuer와 구분."
001780::2024,001780,알루코,PENDING_FULLTEXT_REVIEW,2024-08-21,알루코,IR,회사소개 및 주요 경영현황,https://m.irgo.co.kr/IR-COMP/001780/%EC%95%8C%EB%A3%A8%EC%BD%94-%EA%B8%B0%EC%97%85%EC%A0%95%EB%B3%B4,PENDING,"2024 반기 실적 및 사업현황 IR 확인. full-text action review 필요."
001940::2024,001940,KISCO홀딩스,SEARCH_NO_ELIGIBLE_REPORT_YET,,,,,,PENDING,"IRGO 2024에는 공시 위주이며 analyst report는 2022 이후 2026까지 공백. external action report 추가 탐색."
002150::2024,002150,도화엔지니어링,SEARCH_NO_ELIGIBLE_ACTION_REPORT_YET,2024-03-01,NICE디앤비,CRA_OR_CREDIT_INFO,기업신용등급 AA+,https://www.dohwa.co.kr/invest/finance,PENDING,"회사 홈페이지는 2024.03 기업신용등급 존재를 확인하나 공개 평가의견/managerial action text는 없음."
002240::2024,002240,고려제강,PENDING_FULLTEXT_REVIEW,2024-11-04,리서치알음,EQUITY_OR_RESEARCH,초전도 선재 제조 자회사 KAT 기업가치 재평가 Kick으로 급부상 전망,https://researcharum.com/report/small-cap-research-list.php?scode=002240&sname=%EA%B3%A0%EB%A0%A4%EC%A0%9C%EA%B0%95,PENDING,"2024-10-07 및 2024-11-04 리포트 존재. full text에서 frozen 8D action 여부 확인 필요."
002380::2024,002380,KCC,SEARCH_PRIMARY_2024_CRA_PENDING,2024-09-20,한국신용평가,CRA,회사채 본평정,https://financialfilings.com/filings/kcc-corporation/interim-quarterly-report/2024/8016709/,PENDING,"2024-09-20 KIS/KR 회사채 본평정 및 2024-04-29 정기평정 존재는 공시로 확인. 평가의견 원문 action text 추가 확보 필요."
002410::2024,002410,범양건영,SEARCH_NO_ELIGIBLE_REPORT_YET,,,,,,PENDING,"회사 IR에는 2024 기간 내 2023 사업/감사보고서만 확인. 검색된 기술분석보고서는 2023-12-21로 기간 밖."
