row_no,firm_key,stock_code,firm_name,source_date,source_org,source_type,report_title,url,discovery_status,provisional_mapping,notes
6,000700::2024,000700,유수홀딩스,2024-01-09,한국IR협의회 기업리서치센터,OTHER_EXPERT,"2024년 종합물류 및 IT 부문 동반 실적호조 전망",https://www.paxnet.co.kr/WWW/data/researchCenter/attach/20240109103807430.pdf,REVIEWED_NONMAPPABLE,NO_MAPPABLE_ACTION,"ROE 개선을 위해 보유 현금을 신규 CAPEX/M&A/배당에 활용할 필요를 명시. frozen CX는 성장 CAPEX 축소이므로 반대 방향이고 M&A/배당도 8D 밖."
7,000860::2024,000860,강남제비스코,2024-08-05,CATCH,OTHER,"강남제비스코 분석리포트 2024 ver.",https://www.catch.co.kr/Comp/AnalysisCompView?ID=3095,EXCLUDED_NONFINANCIAL_EXPERT,, "공식자료를 재구성한 취업/기업분석 콘텐츠로 credit/financial-policy expert benchmark에는 부적합. CRA/EQUITY/IR 추가 탐색 필요."
8,000990::2024,000990,DB하이텍,2024-08-14,DB하이텍,IR,"2024년 DB하이텍 기업가치 제고 계획",https://www.dbhitek.com/kr/investors/archive/announcement/view/348?page=1,PENDING_FULLTEXT_REVIEW,, "공식 Value-up plan 확인. 성장투자/주주환원 중심 여부와 frozen 8D action 존재 여부를 첨부 PDF에서 확정 필요."
9,001060::2024,001060,JW중외제약,2024-12-12,JW중외제약,IR,"[KOR]2024년 3분기 IR자료",https://www.jw-pharma.co.kr/pharma/ko/investment/announce_list.jsp,PENDING_FULLTEXT_REVIEW,, "2024 내 IR 존재. 여러 2024 sell-side report는 공개 요약 기준 실적/제품 성장 forecast 중심이라 action으로 코딩하지 않음."
10,001120::2024,001120,LX인터내셔널,2024-06-10,한국신용평가,CRA,"정기 평가의견",https://www.kisrating.com/ratingsSearch/corp_overview.do?kiscd=610224,PRIMARY_CRA_PENDING_FULLTEXT,, "AA-/안정적 정기평가 확인. 2024-06-11 KMI 변경도 존재하나 threshold 자체는 action이 아님."
11,001210::2024,001210,금호전기,2024-05-31,한국신용평가,CRA_OTHER,"조사등급 B0",https://www.kisrating.com/ratingsSearch/corp_overview.do?kiscd=380806,NO_PUBLIC_KIS_EVALUATION_REPORT,, "KIS 업체별 검색에는 평가리포트 없음. 사업보고서상 2024 조사등급 이력은 있으나 공개 분석문서 미확인."
12,001230::2024,001230,동국홀딩스,,한국신용평가,CRA,,https://kisrating.com/ratingsSearch/corp_overview.do?kiscd=370070,NO_KIS_EVALUATION_REPORT,, "KIS 평가리포트 조회 데이터 없음. 다른 CRA/EQUITY/IR 추가 탐색 필요."
13,001340::2024,001340,백광산업(현 피케이씨),2024-07-15,CATCH,OTHER,"백광산업 분석리포트 2024 ver.",https://www.catch.co.kr/Comp/AnalysisCompView?ID=2728,EXCLUDED_NONFINANCIAL_EXPERT,, "2024 당시명 백광산업으로 검색. 취업/기업분석 콘텐츠이므로 strict benchmark 제외; CRA/EQUITY/IR 추가 탐색."
14,001540::2024,001540,안국약품,2024-07-17,CATCH,OTHER,"안국약품 분석리포트 2024 ver.",https://www.catch.co.kr/Comp/AnalysisCompView?ID=2826,EXCLUDED_NONFINANCIAL_EXPERT,, "취업/기업분석 콘텐츠. CRA/EQUITY/IR 추가 탐색."
15,001560::2024,001560,제일연마공업,,NICE평가정보,PAID_CREDIT,"신용분석 보고서",https://www.saramin.co.kr/zf_user/company-info/view-inner-finance/csn/ekpEV2JkY2MxRmp2eHhEZWRRU1IxQT09/company_nm/%EC%A0%9C%EC%9D%BC%EC%97%B0%EB%A7%88,PAID_SOURCE_DATE_UNVERIFIED,, "유료 신용분석보고서 존재 표시는 확인했으나 공개 2024 발행일/본문 확인 불가."
16,001620::2024,001620,KBI동국실업,2024-05-27,KBI동국실업/한국IR협의회,IR_DISCOVERY,"'23 KBI동국실업 기술분석보고서 업로드",,SOURCE_VINTAGE_OUTSIDE_2024,, "업로드일은 2024이지만 제목상 underlying report는 2023 자료. 2024 보고서로 간주하지 않음."
17,001740::2024,001740,SK네트웍스,2024-05-09,한국신용평가,CRA,"KIS Credit Opinion",https://kisrating.com/fileDown.do?fileName=rs20240510-15.pdf&gubun=2&menuCd=R8,REVIEWED_NONMAPPABLE,NO_MAPPABLE_ACTION,"SK렌터카 지분매각 추진은 차입부담 경감 경로로 평가되나 행동 자체는 자회사 지분매각/사업재편. frozen DL(총이자부부채 원금 상환)과 동일하지 않아 강제 매핑하지 않음."
18,001780::2024,001780,알루코,2024-08-21,알루코,IR,"반기 실적 및 사업 현황",https://m.irgo.co.kr/IR%EC%9E%90%EB%A3%8C/63605/TB/%EC%95%8C%EB%A3%A8%EC%BD%94-%EC%95%8C%EB%A3%A8%EC%BD%94-%EB%B0%98%EA%B8%B0-%EC%8B%A4%EC%A0%81-%EB%B0%8F-%EC%82%AC%EC%97%85-%ED%98%84%ED%99%A9,PENDING_FULLTEXT_REVIEW,, "회사 IR 원문 존재. frozen action 여부 추가 검토."
19,001940::2024,001940,KISCO홀딩스,2024-12,KISCO홀딩스,REGULATORY,"2024 사업보고서",https://www.kiscoholdings.co.kr/holdings/index.php?pCode=anew_report,NO_ELIGIBLE_EXPERT_SOURCE_YET,, "2024 정기 공시 목록 확인. 이것만으로 expert action benchmark가 되지 않으므로 CRA/EQUITY/IR action source 추가 탐색."
20,002150::2024,002150,도화엔지니어링,2024-03,NICE디앤비,CRA_OTHER,"공공기관 제출용 기업신용등급 AA+",https://www.dohwa.co.kr/invest/finance,NO_PUBLIC_ANALYTICAL_REPORT,, "회사 페이지에 2024.03 등급은 확인되나 KIS 업체별검색에는 평가리포트 없음. 분석문서 미확인."
21,002240::2024,002240,고려제강,2024-05-14,고려제강,REGULATORY,"2024 1분기보고서",https://kind.krx.co.kr/external/2024/05/14/001077/20240514002317/11013.htm,NO_ELIGIBLE_EXPERT_SOURCE_YET,, "공시만 확인. CRA/EQUITY/IR action source 추가 탐색."
22,002380::2024,002380,KCC,2024-09-20,한국신용평가,CRA,"회사채/기업어음 2024 정기평정",https://financialfilings.com/filings/kcc-corporation/interim-quarterly-report/2024/8016709/,PRIMARY_CRA_EXISTS_NEED_ORIGINAL_REPORT,, "2024.01.02/04.29/09.20 한신평 등 복수 국내평정 확인. firm-level rule상 최신 eligible CRA 원문 확보 후 action mapping."
23,002410::2024,002410,범양건영,2024-03-28,범양건영,REGULATORY,"2023 사업보고서",https://www.iby.co.kr/web/ir/ir-data.php,NO_ELIGIBLE_EXPERT_SOURCE_YET,, "2024년에 게시된 것은 2023 사업보고서. expert action source 아님."
24,002630::2024,002630,오리엔트바이오,,한국신용평가,CRA,,https://www.kisrating.com/ratingsSearch/corp_overview.do?kiscd=381144,NO_KIS_EVALUATION_REPORT,, "KIS 평가리포트 없음. 2024 제약 industry reports는 firm-specific action evidence가 아님."
25,002690::2024,002690,동일제강,,,,,DISCOVERY_PENDING,, "CRA/EQUITY/IR 2024 source 추가 탐색 필요."
