row_no,firm_key,stock_code,firm_name,pass1_status,best_2024_source_date,source_org,source_type,best_source_url,action_mapping_status,notes
6,000700::2024,000700,유수홀딩스,PASS1_NO_ELIGIBLE_EXPERT_REPORT_FOUND,,,,"https://www.eusu-holdings.com/shop/",NOT_MAPPED,"2024 calendar-year public filings/issuer materials found; no qualifying 2024 expert recommendation located in pass 1"
7,000860::2024,000860,강남제비스코,CRA_RATING_IDENTIFIED_PENDING_FULLTEXT,2024-06-28,NICE신용평가,CRA,"https://financialfilings.com/filings/kangnam-jevisco-coltd/annual-report/2025/7951122/",PENDING_FULLTEXT,"2024-06-28 BBB-/Stable 본평가 identified from issuer annual-report disclosure; primary 2024 opinion not yet retrieved"
8,000990::2024,000990,DB하이텍,IR_PRIMARY_RETRIEVED,2024-08-14,DB하이텍,IR,"https://www.dbhitek.com/files/337/2024_Corporate_Value_Up_Plan_DB_HiTek_KR.pdf",NO_MAPPABLE_ACTION,"Value-up plan contains growth/high-value business investment plans, not frozen credit-recourse actions"
9,001060::2024,001060,JW중외제약,EQUITY_REPORT_IDENTIFIED_PENDING_PRIMARY,2024-09-30,키움증권,EQUITY,"https://citrusshell.tistory.com/entry/2024%EB%85%84-9%EC%9B%94-30%EC%9D%BC-%EC%A0%84-%EC%A6%9D%EA%B6%8C%EC%82%AC-%EB%A6%AC%ED%8F%AC%ED%8A%B8-%EB%B0%9C%ED%96%89-%ED%98%84%ED%99%A9",PENDING_PRIMARY,"Secondary index identifies 2024 Kiwoom report; original report required before coding"
10,001120::2024,001120,LX인터내셔널,CRA_PRIMARY_RETRIEVED,2024-06-10,한국신용평가,CRA,"https://m.kisrating.com/fileDown.do?fileName=rs20240611-6.pdf&gubun=2&menuCd=R8",REPORT_NO_ACTION,"KIS opinion discusses cash-generation-based financial stability and monitoring factors, but no explicit managerial action in retrieved evidence"
11,001210::2024,001210,금호전기,PASS1_NO_PRIMARY_REPORT_FOUND,,,,,NOT_MAPPED,"No eligible 2024 CRA/equity/IR action report located in pass 1"
12,001230::2024,001230,동국홀딩스,PASS1_NO_2024_EQUITY_REPORT_FOUND,,,,https://alphasquare.co.kr/home/stock-issue?code=001230&type=report,NOT_MAPPED,"Search/index showed reports through 2023; no 2024 equity report located in pass 1"
13,001340::2024,001340,피케이씨,PASS1_NO_PRIMARY_REPORT_FOUND,,,,,NOT_MAPPED,"No eligible 2024 primary report located in pass 1"
14,001540::2024,001540,안국약품,PASS1_NO_2024_PRIMARY_REPORT_FOUND,,,,https://comp.wisereport.co.kr/company/c1080001.aspx?cmp_cd=001540&cn=,NOT_MAPPED,"No 2024 broker report visible in pass 1; later 2025 IR-association report exists but is outside window"
15,001560::2024,001560,제일연마공업,PASS1_NO_PRIMARY_REPORT_FOUND,,,,,NOT_MAPPED,"No eligible 2024 primary report located in pass 1"
16,001620::2024,001620,KBI동국실업,PASS1_NO_PRIMARY_REPORT_FOUND,,,,,NOT_MAPPED,"No eligible 2024 primary report located in pass 1"
17,001740::2024,001740,SK네트웍스,CRA_PRIMARY_RETRIEVED,2024-04-17,NICE신용평가,CRA,"https://www.nicerating.com/disclosure/companyGradeInfo.do?chkVal=1&chkValTemp=1&cmpCd=1748214&grade2=&grade3=&grade4=&grade5=&grade6=&range2=&range3=&range4=&range5=&range6=",NO_MAPPABLE_ACTION,"Issuer comment identifies SK Rent-a-Car stake sale and financial-burden relief. Asset sale/deconsolidation is not one of frozen 8D actions and is not forced into DL"
18,001780::2024,001780,알루코,EQUITY_REPORT_IDENTIFIED_PENDING_PRIMARY,2024-08-25,한국IR협의회,EQUITY,"https://alphasquare.co.kr/home/stock-issue?code=001780&type=report",PENDING_PRIMARY,"2024 report identified; primary full text not yet retrieved"
19,001940::2024,001940,KISCO홀딩스,PASS1_ISSUER_REPORT_ONLY,2024-03-14,KISCO홀딩스,IR,"https://www.kiscoholdings.co.kr/holdings/index.php?idx=1141&mode=view&pCode=gongo",PENDING_ACTION_REVIEW,"Issuer annual report is in-window; no independent 2024 expert report located in pass 1"
20,002150::2024,002150,도화엔지니어링,RATING_ONLY_NO_ACTION_REPORT,2024-03,NICE디앤비,OTHER_EXPERT,"https://www.dohwa.co.kr/invest/finance",NOT_MAPPED,"Public site discloses AA+ corporate rating in 2024.03; no action-bearing opinion located"
21,002240::2024,002240,고려제강,PASS1_NO_PRIMARY_REPORT_FOUND,,,,https://kind.krx.co.kr/external/2024/08/14/000417/20240814001173/11012.htm,NOT_MAPPED,"2024 issuer filing found; no eligible external expert report located in pass 1"
22,002380::2024,002380,KCC,CRA_PRIMARY_RETRIEVED,2024-04-29,한국신용평가,CRA,"https://m.kisrating.com/fileDown.do?fileName=rs20240430-40.pdf&gubun=2&menuCd=R8",REPORT_NO_ACTION,"KIS opinion confirms strong asset-based financial flexibility and rating factors; retrieved evidence contains no explicit canonical managerial action"
23,002410::2024,002410,범양건영,PASS1_NO_PRIMARY_REPORT_FOUND,,,,,NOT_MAPPED,"No eligible 2024 primary expert report located in pass 1"
24,002630::2024,002630,오리엔트바이오,PASS1_NO_PRIMARY_REPORT_FOUND,,,,,NOT_MAPPED,"No eligible 2024 primary expert report located in pass 1"
25,002690::2024,002690,동일제강,PASS1_NO_PRIMARY_REPORT_FOUND,,,,,NOT_MAPPED,"No eligible 2024 primary expert report located in pass 1"
