row_no,firm_key,firm_name,old_action,old_strict,new_action,new_strict,audit_decision,audit_reason,primary_url
17,001740::2024,SK네트웍스,DL,TRUE,NO_MAPPABLE_ACTION,FALSE,DEMOTE,"Stated managerial action is SK렌터카 equity/stake sale and business deconsolidation. Lower leverage is a downstream financial consequence; debt principal repayment is not the stated action. One-action DL representation would suppress a material noncanonical asset/business disposal.",https://m.kisrating.com/fileDown.do?fileName=rs20240510-16.pdf&gubun=2&menuCd=R8
50,005880::2024,대한해운,CX,TRUE,CX,TRUE,KEEP,"KIS explicitly states a plan for conservative vessel investment in response to high vessel prices. This is a prospective investment-restraint mechanism aligned with growth-CAPEX restraint. Used-vessel sales are retained as additional tags but do not erase the explicit investment-restraint statement.",https://kisrating.com/fileDown.do?fileName=rs20241227-53.pdf&gubun=2&menuCd=R8
82,011200::2024,HMM,CX,TRUE,CX,TRUE,KEEP,"KB Securities explicitly argues that this is likely not an appropriate time for additional vessel investment. The recommendation is directly about deferring growth investment and is therefore aligned with CX.",https://rdata.kbsec.com/pdf_data/20241018072907600K.pdf
112,017250::2024,인터엠,OE,TRUE,OE,FALSE,DEMOTE_TEMPORAL,"Issuer release attributes already-realized FY2024 profit improvement to SG&A/cost reduction and process improvement. The evidence is retrospective, not a prospective or ongoing 2024 action recommendation under the strict gate.",https://www.newswire.co.kr/newsRead.php?no=1000575&picno=561709
183,042000::2024,카페24,OE,TRUE,OE,TRUE,KEEP,"Primary Mirae Asset report states that the cost-efficiency stance/policy is expected to continue in 2024 after strong organizational restructuring. This is an ongoing explicit cost-efficiency policy.",https://securities.miraeasset.com/bbs/download/2123430.pdf?attachmentId=2123430
267,084650::2024,랩지노믹스,OE,TRUE,OE,TRUE,KEEP,"Primary Daishin report states that converting own products to LDT will reduce testing-kit cost by up to 90% and reduce logistics cost through network integration. The prospective mechanism is explicit and directly cost-efficiency oriented.",https://money2.daishin.com/PDF/Out/intranet_data/Product/ResearchCenter/Report/2024/10/51537_MMB_241029_v1.1.pdf
368,146060::2024,율촌,OE,TRUE,OE,TRUE,KEEP,"Primary report states that the 2024 surface-treatment automation experience will be applied to Mexico and Poland plants and frames process automation as a profitability-improvement mechanism. Prospective operating-efficiency path is explicit.",https://static.roa.ai/research/company/20241220_company_792594000.pdf
448,253450::2024,스튜디오드래곤,OE,TRUE,OE,TRUE,KEEP,"Primary Mirae Asset report explicitly says the firm intends to improve production-cost efficiency through casting newer actors and can raise production productivity using generative AI. The prospective cost-efficiency route is explicit.",https://securities.miraeasset.com/bbs/download/2132378.pdf?attachmentId=2132378
515,348340::2024,뉴로메카,OE,TRUE,OE,TRUE,KEEP_PRIMARY_VERIFIED,"Primary Eugene report confirms ongoing component internalization, with motor internalization completed and reducer testing underway, and explicitly states that internalization directly reduces cost. The original analyst report was recovered and replaces reliance on automated summaries.",https://www.eugenefn.com/common/files/amail/20240624_B2030_syyang0901_142.pdf
559,450080::2024,에코프로머티리얼즈,OE,TRUE,NO_MAPPABLE_ACTION,FALSE,DEMOTE_MATERIAL_COACTION,"Primary NH report identifies acquisition of an Indonesian smelter and MHP internalization as the managerial strategy, with lower precursor cost as a downstream effect. The acquisition is a material noncanonical investment action; strict OE would suppress that co-action.",https://stock.mk.co.kr/uploads/20241223/1734908421_271e6dde4d679206a994.pdf
569,460930::2024,현대힘스,OE,TRUE,NO_MAPPABLE_ACTION,FALSE,DEMOTE_MATERIAL_COACTION,"Mirae report attributes lower fixed cost partly to prior capacity expansion and higher utilization, then emphasizes continuing CAPA expansion/business expansion. Coding OE alone would suppress a material growth-CAPEX action and mixes retrospective efficiency with prospective expansion.",https://securities.miraeasset.com/bbs/board/message/view.do?categoryId=1533&messageId=2328953
