row_no,firm_key,stock_code,firm_name,report_date,source_org,source_type,report_title,url,statement_type,evidence_summary,raw_action_tags,mapped_action,mapping_confidence,mapping_rationale,selection_status,notes
50,005880::2024,005880,대한해운,2024-12-26,한국신용평가,CRA,KIS Credit Opinion,https://kisrating.com/fileDown.do?fileName=rs20241227-53.pdf&gubun=2&menuCd=R8,STATED_MANAGEMENT_POLICY,The report states that the firm plans conservative vessel investment given high newbuilding prices and used-fleet disposals; this is expected to sustain FCF and ease debt burden.,conservative_vessel_investment;used_vessel_sale;capex_restraint,CX,HIGH,An explicit conservative vessel-investment plan directly corresponds to restraint of growth CAPEX. Debt reduction is an expected downstream effect rather than separately coded DL.,PROVISIONAL_LATEST_CRA,Latest located issuer-specific 2024 CRA opinion
72,009580::2024,009580,무림P&P,2024-12-10,교보증권,EQUITY,수익성을 흔드는 원가,https://stock.pstatic.net/stock-research/company/1/20241210_company_538523000.pdf,STATED_MANAGEMENT_POLICY,"교보증권 원문은 회사가 원가 절감을 위한 구조적 개선과 ESG 경영 강화를 추진하고 있으며, 펄프·제지 일관화 공정을 통한 비용절감 노력이 이어질 것으로 분석한다.",structural_cost_improvement;integrated_process_cost_reduction;operating_efficiency,OE,HIGH,회사 차원의 구조적 원가절감 노력이 명시되고 일관화 공정이 비용절감 경로로 제시되어 frozen OE와 직접 연결된다.,EQUITY_PRIMARY_SELECTED,Primary Kyobo report verified; provisional_action_audit_v1 PROMOTE
82,011200::2024,011200,HMM,2024-10-18,KB증권,EQUITY,HMM (011200) - 커버리지 재개,https://www.equity.co.kr/upfile/research/2024/10/18/673ab1a9b61c88ffe8a570f80115a51f3cca9937.pdf,EXPLICIT_RECOMMENDATION,KB recommends pushing back the timing of additional vessel investment and strengthening shareholder return; delaying vessel investment is presented as a route to reduce the market discount on HMM's net cash.,delay_vessel_investment;shareholder_return,CX,HIGH,Explicit recommendation to defer additional vessel investment directly maps to restraint of growth CAPEX. Shareholder return is outside 8D and is not separately coded.,EQUITY_PRIMARY_SELECTED,Strong strict human benchmark candidate; primary human-authored PDF
89,012510::2024,012510,더존비즈온,2024-11-27,미래에셋증권,EQUITY,한국 대표 AI 기업으로 도약하는 25년,https://securities.miraeasset.com/bbs/download/2132937.pdf?attachmentId=2132937,PROSPECTIVE_ACTION_PATH,"미래에셋증권 원문은 클라우드 매출 비중 확대와 생성AI 활용을 통해 외주용역비 등을 절감하고 있으며, 이러한 추세의 지속이 추가 마진 개선으로 이어질 것으로 본다.",outsourcing_cost_reduction;generative_ai_efficiency;operating_efficiency,OE,HIGH,생성AI 활용을 통한 외주용역비 절감이라는 명시적·지속적 비용효율 경로가 frozen OE에 직접 대응한다.,EQUITY_PRIMARY_SELECTED,Primary Mirae Asset report verified; provisional_action_audit_v1 PROMOTE
183,042000::2024,042000,카페24,2024-03-11,미래에셋증권,EQUITY,인터넷 산업 리포트 - 카페24: 24년 본격화되는 수익성 개선,https://securities.miraeasset.com/bbs/download/2123430.pdf?attachmentId=2123430,STATED_MANAGEMENT_POLICY,"Primary Mirae Asset research states that the effects of strong organizational restructuring are materializing, the cost-efficiency stance will continue through 2024, and a strong cost-efficiency policy improves earnings visibility.",organizational_restructuring;cost_efficiency;expense_control,OE,HIGH,The report explicitly identifies an ongoing issuer cost-efficiency policy. This is the closest direct match to the frozen OE cost-efficiency action among the reviewed reports.,EQUITY_PRIMARY_SELECTED,Strong strict human-benchmark candidate; primary human-authored PDF
267,084650::2024,084650,랩지노믹스,2024-10-29,대신증권,EQUITY,LDT 전략으로 미국 진단 시장 공략 가속,https://money2.daishin.com/PDF/Out/intranet_data/Product/ResearchCenter/Report/2024/10/51537_MMB_241029_v1.1.pdf,PROSPECTIVE_ACTION_PATH,클리아랩 인수 후 LDT 방식을 활용해 검사 원가를 최대 90% 절감하고 미국 시장 진입 속도를 높이는 전략을 설명한다.,ldt_conversion;testing_cost_reduction;us_expansion,OE,HIGH,LDT 전환의 명시적 효과가 검사원가 절감으로 제시되어 frozen OE의 비용효율화 메커니즘과 직접 연결된다.,EQUITY_PRIMARY_SELECTED,2024-10-29 대신증권 한송협; 기존 2024-03-12 OTHER_EXPERT non-mappable 기록보다 우선하는 최신 mappable EQUITY source
368,146060::2024,146060,율촌,2024-12-20,유안타증권,EQUITY,이제는 유럽을 향해 나아갈 때,https://static.roa.ai/research/company/20241220_company_792594000.pdf,PROSPECTIVE_ACTION_PATH,"국내 공장의 표면처리 자동화 라인을 2024년에 완료했고, 그 자동화 경험을 멕시코·폴란드 공장에도 적용할 계획이라고 명시한다. 보고서는 이를 전사 수익성 개선 경로로 평가한다.",process_automation;operating_efficiency;overseas_automation,OE,HIGH,공정 자동화를 통한 비용·수익성 효율화가 명시된 prospective operating-efficiency 경로이므로 frozen OE에 대응한다.,EQUITY_PRIMARY_SELECTED,유안타증권 원문 PDF 확인. 폴란드 신공장 자체는 성장 CAPEX이므로 OE mapping 근거에서 제외
448,253450::2024,253450,스튜디오드래곤,2024-11-18,미래에셋증권,EQUITY,주가의 Key factor 편성 편수의 증가,https://securities.miraeasset.com/bbs/download/2132378.pdf?attachmentId=2132378,PROSPECTIVE_ACTION_PATH,제작비 상승을 핵심 문제로 진단하고 향후 신인 배우 기용으로 제작비 효율화를 꾀하며 생성AI 활용으로 제작 생산성을 높여 이익률을 개선할 수 있다고 분석한다.,production_cost_efficiency;new_actor_casting;generative_ai_productivity,OE,HIGH,제작비라는 직접 원가를 낮추고 생산성을 높이는 구체적 prospective 경로가 명시되어 frozen OE의 operating cost efficiency와 직접 대응한다.,EQUITY_PRIMARY_SELECTED,미래에셋증권 원문 PDF에서 비용 효율화 경로 직접 확인
515,348340::2024,348340,뉴로메카,2024-06-24,유진투자증권,EQUITY,결실을 맺는 한 해,https://www.eugenefn.com/common/files/amail/20240624_B2030_syyang0901_142.pdf,STATED_MANAGEMENT_POLICY,부품 내재화를 추진해 모터 내재화를 완료하고 감속기 테스트를 진행 중이며 원가 절감으로 직결된다고 분석,component_internalization;cost_reduction,OE,HIGH,명시적 부품 내재화가 생산원가 절감으로 직접 연결되므로 frozen OE와 대응,EQUITY_PRIMARY_SELECTED,Primary Eugene analyst report recovered; strict_mapping_audit_v1 KEEP_PRIMARY_VERIFIED
